$MeshFormat
2.2 0 8
$EndMeshFormat
$Nodes
3294
1 0 0 0
2 0 2 0
3 1 2 0
4 1 1 0
5 2 1 0
6 2 0 0
7 0 1.95 0
8 0 1.9 0
9 0 1.85 0
10 0 1.8 0
11 0 1.75 0
12 0 1.7 0
13 0 1.65 0
14 0 1.6 0
15 0 1.55 0
16 0 1.5 0
17 0 1.45 0
18 0 1.4 0
19 0 1.35 0
20 0 1.3 0
21 0 1.25 0
22 0 1.2 0
23 0 1.15 0
24 0 1.1 0
25 0 1.05 0
26 0 1 0
27 0 0.95 0
28 0 0.8999999999999999 0
29 0 0.8500000000000001 0
30 0 0.8 0
31 0 0.75 0
32 0 0.7 0
33 0 0.6499999999999999 0
34 0 0.6000000000000001 0
35 0 0.55 0
36 0 0.5 0
37 0 0.45 0
38 0 0.3999999999999999 0
39 0 0.3500000000000001 0
40 0 0.3 0
41 0 0.25 0
42 0 0.2 0
43 0 0.1499999999999999 0
44 0 0.1000000000000001 0
45 0 0.05000000000000004 0
46 0.05 0 0
47 0.1 0 0
48 0.15 0 0
49 0.2 0 0
50 0.25 0 0
51 0.3 0 0
52 0.35 0 0
53 0.4 0 0
54 0.45 0 0
55 0.5 0 0
56 0.55 0 0
57 0.6 0 0
58 0.65 0 0
59 0.7 0 0
60 0.75 0 0
61 0.8 0 0
62 0.85 0 0
63 0.9 0 0
64 0.95 0 0
65 1 0 0
66 1.05 0 0
67 1.1 0 0
68 1.15 0 0
69 1.2 0 0
70 1.25 0 0
71 1.3 0 0
72 1.35 0 0
73 1.4 0 0
74 1.45 0 0
75 1.5 0 0
76 1.55 0 0
77 1.6 0 0
78 1.65 0 0
79 1.7 0 0
80 1.75 0 0
81 1.8 0 0
82 1.85 0 0
83 1.9 0 0
84 1.95 0 0
85 2 0.05 0
86 2 0.1 0
87 2 0.15 0
88 2 0.2 0
89 2 0.25 0
90 2 0.3 0
91 2 0.35 0
92 2 0.4 0
93 2 0.45 0
94 2 0.5 0
95 2 0.55 0
96 2 0.6 0
97 2 0.65 0
98 2 0.7 0
99 2 0.75 0
100 2 0.8 0
101 2 0.85 0
102 2 0.9 0
103 2 0.95 0
104 1.951872876584618 1 0
105 1.905830351117715 1 0
106 1.861782125809406 1 0
107 1.819641828079109 1 0
108 1.779326807982225 1 0
109 1.74075801246408 1 0
110 1.703859797074485 1 0
111 1.668559819067698 1 0
112 1.634788824497378 1 0
113 1.602480610599281 1 0
114 1.571571798794724 1 0
115 1.542001787157091 1 0
116 1.513712586551097 1 0
117 1.486648714628904 1 0
118 1.460757098552517 1 0
119 1.435986962353398 1 0
120 1.412289730397991 1 0
121 1.389618929064929 1 0
122 1.367930099470979 1 0
123 1.347180710640465 1 0
124 1.327330071853213 1 0
125 1.308339246394738 1 0
126 1.290171000169375 1 0
127 1.272789703648253 1 0
128 1.25616126611771 1 0
129 1.240253076436362 1 0
130 1.225033940261139 1 0
131 1.210474015510808 1 0
132 1.196544743793599 1 0
133 1.183218810621751 1 0
134 1.170470081932132 1 0
135 1.158273558374178 1 0
136 1.146605318576212 1 0
137 1.135442482976943 1 0
138 1.124763158818481 1 0
139 1.11454640393227 1 0
140 1.104772181494994 1 0
141 1.095421323385093 1 0
142 1.086475491478407 1 0
143 1.077917144673274 1 0
144 1.069729496915362 1 0
145 1.061896490690954 1 0
146 1.054402767415445 1 0
147 1.047233630710519 1 0
148 1.040375020511921 1 0
149 1.033813487473404 1 0
150 1.027536164132118 1 0
151 1.021530738861068 1 0
152 1.015785434737462 1 0
153 1.010288985053618 1 0
154 1.00503061111786 1 0
155 1 1.005030611117859 0
156 1 1.010288985053617 0
157 1 1.015785434737462 0
158 1 1.021530738861068 0
159 1 1.027536164132118 0
160 1 1.033813487473403 0
161 1 1.040375020511921 0
162 1 1.047233630710519 0
163 1 1.054402767415444 0
164 1 1.061896490690953 0
165 1 1.069729496915362 0
166 1 1.077917144673274 0
167 1 1.086475491478407 0
168 1 1.095421323385092 0
169 1 1.104772181494994 0
170 1 1.114546403932269 0
171 1 1.12476315881848 0
172 1 1.135442482976943 0
173 1 1.146605318576211 0
174 1 1.158273558374177 0
175 1 1.170470081932131 0
176 1 1.18321881062175 0
177 1 1.196544743793598 0
178 1 1.210474015510807 0
179 1 1.225033940261138 0
180 1 1.240253076436361 0
181 1 1.256161266117709 0
182 1 1.272789703648252 0
183 1 1.290171000169374 0
184 1 1.308339246394736 0
185 1 1.327330071853211 0
186 1 1.347180710640464 0
187 1 1.367930099470978 0
188 1 1.389618929064928 0
189 1 1.41228973039799 0
190 1 1.435986962353398 0
191 1 1.460757098552516 0
192 1 1.486648714628901 0
193 1 1.513712586551096 0
194 1 1.542001787157092 0
195 1 1.571571798794722 0
196 1 1.602480610599279 0
197 1 1.634788824497376 0
198 1 1.668559819067696 0
199 1 1.703859797074484 0
200 1 1.740758012464078 0
201 1 1.779326807982224 0
202 1 1.819641828079108 0
203 1 1.861782125809405 0
204 1 1.905830351117713 0
205 1 1.951872876584618 0
206 0.95 2 0
207 0.9 2 0
208 0.85 2 0
209 0.8 2 0
210 0.75 2 0
211 0.7 2 0
212 0.65 2 0
213 0.6 2 0
214 0.55 2 0
215 0.5 2 0
216 0.45 2 0
217 0.4 2 0
218 0.35 2 0
219 0.3 2 0
220 0.25 2 0
221 0.2 2 0
222 0.15 2 0
223 0.09999999999999998 2 0
224 0.05000000000000004 2 0
225 0.9956395648759474 1.013051245639703 0
226 0.9930628533330351 1.073823320794318 0
227 0.9902129587549292 1.152071812907215 0
228 0.9865214725281667 1.248207171277035 0
229 1.014111618993855 0.9955955536660076 0
230 1.073823320794318 0.9930628533330352 0
231 1.152439438475195 0.9901138543551385 0
232 1.247220692472442 0.985850569844251 0
233 0.9824196723443323 1.357555405055721 0
234 1.356253047392577 0.9824059298096903 0
235 0.05142826907361897 0.627422694679025 0
236 0.6256238498433153 0.04291291493218441 0
237 0.9795585090488779 1.470201239083095 0
238 1.475212973661306 0.9773020993831982 0
239 0.04057059028215926 0.8747623161562088 0
240 0.8735108865458056 0.04256124034227393 0
241 0.04299064215211934 1.125594065549745 0
242 1.125690573874557 0.03874583281036492 0
243 1.378334716912203 0.04153489325111304 0
244 0.04096460237950561 1.373543255131239 0
245 0.5230610644162076 1.956101319485285 0
246 1.959546550589666 0.5225041652055061 0
247 0.9730549479299828 1.588687653236422 0
248 1.588182369983415 0.9730917850368183 0
249 1.109453050937194 0.9916125003813429 0
250 0.9917185971983605 1.109659292713632 0
251 0.9941597123509633 1.037019713312837 0
252 1.036351009725746 0.9947157419266546 0
253 0.4254030459531359 0.04255718210365811 0
254 0.03500882778469172 1.580238582312951 0
255 1.579455055434293 0.04785209601240925 0
256 0.04233086754042625 0.4236124846880659 0
257 0.9701652481752695 1.722113128925943 0
258 1.722133935574314 0.975530415314282 0
259 0.326100026360176 1.958293703748287 0
260 1.957424464559246 0.3239047687202232 0
261 0.9846065964443117 1.299255123282055 0
262 1.297991149559187 0.9847816985325488 0
263 1.189150684429305 0.9890049482755847 0
264 0.989136315975526 1.188189031769294 0
265 0.675 1.956698729810778 0
266 1.957607271966079 0.6756317999822203 0
267 0.2720250735173139 0.04309937199335212 0
268 0.04469939410572876 1.723874316544714 0
269 1.726045368388117 0.04253559329429313 0
270 0.03999898902295485 0.2742589296925728 0
271 1.956880428861948 0.8264162644846437 0
272 0.8233369376855681 1.960530814927523 0
273 0.1705814892738864 1.953717553836603 0
274 1.951962724757046 0.1865871809553719 0
275 1.843718944076123 0.966128993532216 0
276 0.9610594804748276 1.841676585676452 0
277 0.9725205313986381 1.651855898876035 0
278 1.651674321782538 0.9713868634021919 0
279 0.9779936830933986 1.525378512608152 0
280 1.525766425432234 0.9752546072459363 0
281 0.9809287578362723 1.399066297664557 0
282 1.402426678693458 0.9777217866280362 0
283 0.9876638160628524 1.217753977885973 0
284 1.217939483824861 0.9863362762249359 0
285 1.129833305505779 0.9908829589557041 0
286 0.9912604013780655 1.129275312297633 0
287 1.09073876838901 0.9922930387669557 0
288 0.9923958043958919 1.09068213227879 0
289 0.9942795309161755 1.050121617191504 0
290 1.050278422197989 0.9939564079328228 0
291 0.995047882699019 1.024540357414169 0
292 1.024476435336712 0.9943880137248657 0
293 0.0433463299316712 0.7295937328253892 0
294 0.7192500798529099 0.04045114420397655 0
295 0.04195039083320484 0.9761481810509941 0
296 0.9729347758759385 0.04194783032046812 0
297 0.0444051390157798 1.224655840633855 0
298 1.224802713914838 0.04147645932413402 0
299 0.4240075486598215 1.958648679546263 0
300 0.04073556576254367 1.477469378602741 0
301 1.475638427202329 0.04405351497733134 0
302 0.5296783304242914 0.04232000343178366 0
303 0.04046974156829197 0.5259801364066398 0
304 1.959740784159503 0.4250991163138194 0
305 0.1725545697980295 0.04625697390381878 0
306 0.04428387197721884 0.1758099878047397 0
307 0.0404736786714317 1.825015472807659 0
308 1.824999933699211 0.04105539242163547 0
309 0.9264152469348808 1.960621153634506 0
310 1.956320520767714 0.92251784407579 0
311 0.04657329880710726 0.07641939684413068 0
312 0.04217537865194376 1.923049346449707 0
313 1.924999999999999 0.04330127018922192 0
314 1.957406476738954 0.8749707502553137 0
315 1.916051190646997 0.8518844751412469 0
316 1.91469509702786 0.8044700116684528 0
317 1.876003444630067 0.8289326413925917 0
318 1.87451359864766 0.7836003150027487 0
319 1.836755603773398 0.8063721905246539 0
320 1.835841525880897 0.7632554319740238 0
321 1.799539693846095 0.785085492647414 0
322 1.798331416558267 0.7432836210053068 0
323 1.7632043954605 0.7651950021292923 0
324 1.762003363050457 0.7243145635171141 0
325 1.72777538919654 0.7455385097524996 0
326 1.72649556441848 0.7055701931973717 0
327 1.693012176948436 0.726276610127462 0
328 1.691664613966737 0.6872501308506012 0
329 1.659012732671654 0.707784951850154 0
330 1.657433563433419 0.6690161442010867 0
331 1.625367883767491 0.689164019025688 0
332 1.62397756351901 0.6511982480682285 0
333 1.593873509574628 0.6707634528293945 0
334 1.591859096984512 0.634244988196713 0
335 1.559704535757737 0.6570241936824415 0
336 1.559899042586621 0.6116186921047932 0
337 1.528513226315932 0.6340650100350622 0
338 1.526627466769707 0.5992671865728806 0
339 1.496772505755602 0.6170785405865757 0
340 1.494730231857824 0.5834810859264477 0
341 1.465452976902543 0.6004004321980483 0
342 1.463573607192639 0.5671301281616815 0
343 1.434807496799133 0.5836614966578471 0
344 1.433495523104792 0.5495569850792361 0
345 1.404430624134037 0.5678140816968033 0
346 1.404856911071235 0.6004906574099295 0
347 1.375884022651186 0.5853204680457254 0
348 1.374932260491738 0.552360590983186 0
349 1.347195271664528 0.5703976675000446 0
350 1.348333809761502 0.6021328054531344 0
351 1.320568866674897 0.5878440779825346 0
352 1.321997183739026 0.6185661140378348 0
353 1.295001563208403 0.6044383802838713 0
354 1.293072581745957 0.573956515300482 0
355 1.268332441464124 0.5908944207969895 0
356 1.269690225855598 0.6203319065546089 0
357 1.243713857812675 0.6067734924838247 0
358 1.242082598790884 0.5779737588503662 0
359 1.218232064511393 0.5944365100537879 0
360 1.219966226922313 0.6222833389552038 0
361 1.195303023198309 0.6104159634368943 0
362 1.197365991655718 0.6373610643198362 0
363 1.17325223321808 0.6256978330595011 0
364 1.171058397150349 0.59931118156206 0
365 1.149330552464229 0.6144943512660608 0
366 1.15120533001167 0.6388280093869657 0
367 1.127455613780202 0.6286137161861842 0
368 1.125391781454222 0.6033763471251126 0
369 1.104297782370412 0.6189334908220318 0
370 1.106470128020062 0.643625167687328 0
371 1.083738965835536 0.6344004242644447 0
372 1.08649948920024 0.6591297681006498 0
373 1.062869722411079 0.6503626119470776 0
374 1.06026572131696 0.6241562150497867 0
375 1.038987823287033 0.6407489031230582 0
376 1.036033807967184 0.6140880348667276 0
377 1.015022868085008 0.6297870525446579 0
378 1.018593388458661 0.6573203925914165 0
379 0.9944085198211923 0.6464662996891122 0
380 0.9903240899429628 0.6192558812200297 0
381 0.96908122992156 0.6362044389836603 0
382 0.9733920405534664 0.6629261482586976 0
383 0.948100595866665 0.6530474426757162 0
384 0.9521397620907763 0.6792139797851748 0
385 0.9271286734361426 0.6697206612256882 0
386 0.9228106545163551 0.6430443873670344 0
387 0.9017985904878864 0.6603810959049161 0
388 0.9063532450700611 0.687328098611945 0
389 0.8810100691018066 0.6777565048078354 0
390 0.8855316320078266 0.7040196545620202 0
391 0.8604397121953886 0.6949543191975042 0
392 0.8649648018177749 0.7208811777343841 0
393 0.8401419265793481 0.7112666283368911 0
394 0.8449252699021288 0.7376699868441816 0
395 0.8196728817526274 0.7280188127785773 0
396 0.8246555291351046 0.7545534506798863 0
397 0.7993537605611671 0.7454558017550509 0
398 0.8042051984240062 0.7716284068428473 0
399 0.7942691328862591 0.7164903470813868 0
400 0.7787797023319234 0.7626288297704126 0
401 0.7836589733487194 0.7889611317039258 0
402 0.7579054335880417 0.7798012528304958 0
403 0.762490990310018 0.8066617588181678 0
404 0.7367128873561014 0.797226163338086 0
405 0.7412931218251566 0.8245934808145569 0
406 0.7151399675807819 0.815025550171691 0
407 0.7198577097292438 0.8427403413478927 0
408 0.8969921378472454 0.6330431020098433 0
409 0.6931573195782206 0.8329532574188918 0
410 0.6983386094759225 0.8610737477894002 0
411 0.6893827108947166 0.8039548749012123 0
412 0.6708575732229904 0.8512458317550187 0
413 0.6761670408644789 0.879938966126795 0
414 0.6481372667330684 0.869948360812633 0
415 0.6534599252057078 0.8991459587191443 0
416 0.6817334300833483 0.9081743153543727 0
417 0.6589053891802816 0.9277293770309644 0
418 0.686371616262261 0.9367463089019107 0
419 0.6642110080070101 0.9560174409765334 0
420 0.6367348462596977 0.9468765140526098 0
421 0.6423591744671193 0.9755781850168656 0
422 0.6908184857214246 0.9652253849366934 0
423 0.614230824747518 0.9662331209885853 0
424 0.6203750912991679 0.9963781927669375 0
425 0.869872812170114 0.7461440413435488 0
426 0.5910659835744193 0.9862130731339629 0
427 0.5974931916621893 1.017111490093481 0
428 0.7673042965110993 0.83373800928358 0
429 0.5673338356095718 1.006654529058375 0
430 0.5736607417816024 1.037544500011292 0
431 0.603664139459916 1.047277567521808 0
432 0.5801653426674287 1.068168175995954 0
433 0.610188549644492 1.078242041694332 0
434 0.586694484921774 1.098654159970955 0
435 0.6159429145510902 1.108188482848634 0
436 0.593031667288068 1.128790904444392 0
437 0.6221207024771729 1.138240265029359 0
438 0.599242094937856 1.15886266797504 0
439 0.6284958067293693 1.168624238050374 0
440 0.6054649383959942 1.189133284748254 0
441 0.6349476275197603 1.19900593124487 0
442 0.6116972906177731 1.219677177126131 0
443 0.6510703689451512 1.148021420265453 0
444 0.6414099853945503 1.229073554859627 0
445 0.6180898953596312 1.250390375446804 0
446 0.5875489411953637 1.240614299216532 0
447 0.5940718068941404 1.272434180111986 0
448 0.563413276095749 1.119370896012978 0
449 0.6252359833609231 1.282240058447786 0
450 0.6010218512024577 1.304603306636187 0
451 0.5625519567009367 1.262300617284333 0
452 1.520544309029535 0.5645207657240329 0
453 0.6326068482683305 1.314829289737086 0
454 0.6079414990496772 1.337303567027863 0
455 0.6399915866911132 1.347599456199115 0
456 0.6149927182458221 1.370345825718075 0
457 0.6474492015610338 1.380532527729188 0
458 0.6221458569146032 1.4038920423681 0
459 0.5890196129755594 1.393335853422389 0
460 0.596377547250417 1.427868793305365 0
461 0.5621802576257933 1.416895486734199 0
462 0.570047010283141 1.451923622298532 0
463 0.6044112724470334 1.461932349180907 0
464 0.5349210056469981 1.441314623225071 0
465 0.5612989576921695 0.9754683516480316 0
466 0.5367657731780733 0.9964146482567926 0
467 0.5306679580057817 0.9642159790643899 0
468 0.5053638952172298 0.9860575974904787 0
469 0.4991739253811215 0.9529644135907874 0
470 0.5419832026919357 1.477495713535366 0
471 0.6628760367609208 1.325422667078865 0
472 1.503111812212838 0.6493313654385973 0
473 0.5063188149387399 1.466454152735381 0
474 0.4732027032685514 0.9751743145858638 0
475 0.4665443765460621 0.9412010133522249 0
476 0.5136342803347895 1.504434156260348 0
477 0.4772143897215483 1.492398441329719 0
478 0.4693405111326232 1.454094143733678 0
479 0.485305741321318 1.530954119914075 0
480 0.5237064575523558 1.542663787551215 0
481 0.4399094128653199 0.9641117496065738 0
482 0.433194563978072 0.9292456770056137 0
483 1.622748981183498 0.6134341729988955 0
484 0.4396669917064706 1.480492078623037 0
485 0.4314587466385884 1.440752164801777 0
486 0.4939122401831239 1.5700966991785 0
487 0.5317896874139003 1.582409590020958 0
488 0.4604847837085846 0.9061102409263919 0
489 0.4266814334432022 0.8939425330659647 0
490 0.4526544631992164 0.8708323109440058 0
491 0.4197197793736828 0.8583631603567863 0
492 0.446942477483516 0.8349388774910859 0
493 0.4108572933077579 0.8222128251897061 0
494 0.4393686446061013 0.798659454389987 0
495 0.4037172494920038 0.7856348082065473 0
496 0.4342399595849097 0.7614752864644029 0
497 0.3989677806212959 0.7486556528919555 0
498 0.4283496188705969 0.724048092556894 0
499 0.3933457698239642 0.7123286738879562 0
500 0.4219310560046132 0.6860575922519738 0
501 0.3829138838850631 0.6744345811519938 0
502 0.4148422230237154 0.647428258549533 0
503 0.4523095554777985 0.6602637522737805 0
504 0.4459553970566476 0.6216106113916532 0
505 0.4087020871646693 0.6082434199126681 0
506 0.4398600756682943 0.5830600763581668 0
507 0.4779532492990158 0.5963289503133369 0
508 0.4716183183235833 0.556926495631281 0
509 0.4332796483275744 0.5444067551647214 0
510 0.4647201536563281 0.5176733134269369 0
511 0.5033977120410261 0.5315426438740898 0
512 0.4964574643556511 0.4923527682851522 0
513 0.5340858046114134 0.5064957116323846 0
514 0.4601759154795673 0.4759186205384696 0
515 0.5276078265226596 0.4671509931736294 0
516 0.5648113666670366 0.4816046656863535 0
517 0.559008055827326 0.4422932165891588 0
518 0.5958504626572858 0.4565886847099383 0
519 0.5902197510715319 0.4173446317862394 0
520 0.6270183025356676 0.431635566989201 0
521 0.5516894466614994 0.4012119440469206 0
522 0.4057032110201119 0.9526924014242969 0
523 0.4128809228200044 0.9883709346203141 0
524 0.5711912512625301 0.5203224846574257 0
525 0.621434953009963 0.393675864268252 0
526 0.6584335694211307 0.4074154928793274 0
527 0.663842755387112 0.4457528788089966 0
528 0.6940259592391264 0.4214979197059995 0
529 1.593019983434866 0.7077659525484875 0
530 0.3880837976858598 0.8454357861846535 0
531 0.6894728512981126 0.3832027579048485 0
532 0.7251380995059031 0.3971475939507939 0
533 0.4012358760208494 1.468204108151504 0
534 0.3929018751417133 1.427556208210096 0
535 0.3782353918988179 0.9774276219090847 0
536 0.3852411577118604 1.013834484666227 0
537 0.5027816665407268 1.6100738059293 0
538 0.5421126188927835 1.622044749602711 0
539 0.7201862248453714 0.3587214721515497 0
540 0.7566536660036853 0.372833043685056 0
541 0.3579260457848578 0.7402204779696923 0
542 0.6994324293883545 0.4593031404296796 0
543 0.4633024076893819 1.597680949309277 0
544 0.3496015705665794 1.002374896804292 0
545 0.3567374072857178 1.039689765720544 0
546 0.7511418173547781 0.3342838356174517 0
547 0.7875205631136876 0.3492951733604217 0
548 0.792949567627143 0.3872644346579243 0
549 0.8234895245165298 0.3642377010030279 0
550 0.8272065135207355 0.4004614374886281 0
551 0.8575658325258279 0.3776321436616403 0
552 0.856340308352848 0.3413121160329616 0
553 0.889472996323762 0.3565004159154938 0
554 0.8930621579910125 0.3944145865628865 0
555 0.9237360073822607 0.3713109684870917 0
556 0.4726447413592095 1.638604678062475 0
557 0.4321324173962539 1.625903201240264 0
558 0.3620537606478897 1.45526323060195 0
559 0.3537735571290138 1.414575398502459 0
560 0.9181641179763907 0.3370470475262554 0
561 0.9532569311981196 0.3511073485313481 0
562 0.9589990441823359 0.3844558056890235 0
563 0.988593913093031 0.3643181663391001 0
564 0.9809797634239613 0.3320473505950037 0
565 1.018251670714551 0.3448679496251492 0
566 1.023090711834397 0.3802828459108287 0
567 1.053541340148904 0.3603240529551934 0
568 1.723917868417708 0.6678739333814141 0
569 0.7139435901502412 0.3200059008973053 0
570 0.3197095856476766 1.027138558270026 0
571 0.3273700911684712 1.066187802791587 0
572 0.3157152853388165 0.9890723897237261 0
573 1.048191314556139 0.3245566666515398 0
574 1.084902043539276 0.3383732450846174 0
575 1.086783664818041 0.375602389999784 0
576 1.119827342722831 0.3541389709398014 0
577 1.116377329096841 0.3158059904067966 0
578 1.152148053055839 0.3328899480532466 0
579 0.7116610938083644 0.9481304135076777 0
580 0.7160710644887671 0.9743703183210992 0
581 0.7355260458343308 0.9588944362384811 0
582 0.7403157726363001 0.9827725137159607 0
583 0.7591153000578084 0.9670310585405126 0
584 0.7634085058073833 0.989995632900298 0
585 0.7810249926542926 0.9754088314574679 0
586 0.7849684120235816 0.9970231159384024 0
587 0.8012691099107375 0.9839696436796199 0
588 0.8054033527404614 1.003592922988582 0
589 0.8205524729102427 0.9915261094133541 0
590 0.8243700422264402 1.009857496444693 0
591 0.8385407926375315 0.9983322493642759 0
592 0.8420484705749756 1.016251447530808 0
593 0.8282211069725965 1.028243782913096 0
594 0.8456602753183441 1.034254115184458 0
595 0.8321112336213348 1.046261473922134 0
596 0.8492421646053516 1.051819576538156 0
597 0.8358029259768133 1.064066745724899 0
598 0.855664495577249 1.004309046519209 0
599 0.8527633189558506 0.9877753369937735 0
600 0.852909213028277 1.069569793179167 0
601 0.8386925762249875 1.082397476343421 0
602 0.8686585916262981 0.9929312997829158 0
603 0.8662135158508024 0.9772071496730743 0
604 0.8810713659757645 0.9824147074300175 0
605 0.8785857619513604 0.9669147905588211 0
606 0.8829501797637367 0.9964569960649293 0
607 0.8929634240804564 0.9723411925110136 0
608 0.8906118750067372 0.957311864847285 0
609 0.9044515104444069 0.9625962954371853 0
610 0.9025882755520985 0.948581164726003 0
611 0.9155566372869571 0.9532631683791936 0
612 0.9138951181297186 0.9396922183536032 0
613 0.9264597839248521 0.9440998747669471 0
614 0.9244650907442541 0.9301515209216945 0
615 0.937559159883476 0.9349661767307209 0
616 0.9352369451260888 0.9215394771696435 0
617 0.9488663789883772 0.9261735231674553 0
618 0.9452788376716684 0.9105332130059473 0
619 0.96003520589722 0.9167689836343738 0
620 0.9578968151703107 0.9026454165147492 0
621 0.9715257605220368 0.9078028789535795 0
622 0.9688066530639774 0.8923203827345491 0
623 0.9828459075520541 0.8981737844322473 0
624 0.9804114765764907 0.8823723580851979 0
625 0.9951103558350466 0.888473871284758 0
626 0.993021813230057 0.8729102958976388 0
627 1.008225122966223 0.8788263749714523 0
628 1.005665004761926 0.8624061664910825 0
629 1.021164426329531 0.8687435995252055 0
630 1.018685314717018 0.8517445851029241 0
631 1.034366976112281 0.8583215642017407 0
632 0.8559182090004679 1.086842890235423 0
633 0.8422795723518037 1.100317724099153 0
634 0.9217533919373999 0.9148164941547565 0
635 1.031898962935375 0.8411071184126075 0
636 1.047932892560887 0.8475209228698145 0
637 1.050517772211471 0.864602779261566 0
638 1.063958084057473 0.8538272212204969 0
639 0.862693954526452 1.103883142571915 0
640 0.8471879424042313 1.117574208618028 0
641 0.9560951726718604 0.8889926808740778 0
642 0.9901989206297156 0.8548517955258175 0
643 1.066205269007309 0.8707590514669143 0
644 1.079877414024284 0.8602877345178047 0
645 1.077567765981472 0.8427869385337294 0
646 1.09445319828193 0.8497703993962696 0
647 1.091712288207743 0.8315188550539734 0
648 1.108654246528623 0.8383960637888668 0
649 1.111072006677458 0.8567155040120232 0
650 1.125712353784207 0.8454762566279425 0
651 1.123450666510774 0.8268053534254912 0
652 1.141145744822381 0.8342515107595053 0
653 0.8881764699648279 0.9413655475673287 0
654 0.8651009572941873 1.123466419600295 0
655 0.8507991348928979 1.135678751399073 0
656 1.008267774748874 0.8938903483289706 0
657 1.127873467767355 0.8637185735911008 0
658 0.8705542127650383 1.073311417509853 0
659 0.9181157733112356 0.9670196670837906 0
660 0.8682963695985321 1.141406969732634 0
661 0.854438490125873 1.153884565914697 0
662 1.138615316032875 0.8146341017204458 0
663 1.157350170991265 0.8228183586512418 0
664 0.818869681110681 1.076971239765415 0
665 0.8327511975502734 1.13042881147808 0
666 0.8721950278303831 1.159842769971597 0
667 0.8582061257279902 1.172273282796594 0
668 1.154619555431987 0.8025589056563514 0
669 1.173375795370657 0.8108541933821807 0
670 1.176091365444117 0.8311526276078779 0
671 1.192423106665268 0.8188823438306426 0
672 1.194581207587748 0.8391780029308125 0
673 1.211545547015764 0.8268649697865447 0
674 1.209697686876776 0.8064248253238832 0
675 1.229335695515104 0.8143063624297656 0
676 1.22954706210349 0.8353914610241507 0
677 1.249304197367539 0.8232370336427872 0
678 1.248444036004097 0.7975775744596865 0
679 1.268042116062707 0.8102134902165572 0
680 1.268938034828847 0.8345124492301894 0
681 1.288368508005663 0.8191116039627555 0
682 0.8761016532038602 1.178059645708776 0
683 0.8620018622468723 1.190989331695109 0
684 0.843239453842875 1.18505885908021 0
685 0.847538129796604 1.20497149109396 0
686 0.8277137935355895 1.198443857652447 0
687 0.8319499971906734 1.219070701868205 0
688 0.8523522565669471 1.225548096688216 0
689 0.8367478474417439 1.239227313552696 0
690 0.975390651784959 0.9231128939373809 0
691 0.8821480359218224 1.129877314879272 0
692 0.8572953911152625 1.246484418387152 0
693 0.8386721970319517 1.261903718185911 0
694 1.287114519269783 0.7964695391765654 0
695 1.308774215858399 0.8062247066750864 0
696 1.310298641083909 0.8312020748668124 0
697 1.331239784256709 0.8178968473979158 0
698 1.329072114872735 0.7921970204332467 0
699 1.351786616326487 0.8030350159198058 0
700 0.8010470044608252 0.9612926057422799 0
701 0.811552628676797 1.234334698865543 0
702 0.8618730793484938 1.268178265927526 0
703 0.845954772560771 1.283425226634831 0
704 0.7456183417350575 1.00631211456745 0
705 1.135836501447413 0.7947703031499089 0
706 1.354135343389104 0.8295374236609294 0
707 1.374815307642278 0.8142728235276543 0
708 1.152393718507017 0.7823366436823751 0
709 0.4668640333968573 0.7733488575789768 0
710 0.441671444595024 1.66788604868603 0
711 0.4001111718111653 1.654794074776671 0
712 1.349741446930835 0.7774183653295632 0
713 0.3847202835239427 1.386970682040485 0
714 0.345721435687956 1.373853374304392 0
715 0.3764470817814509 1.346341778271565 0
716 0.3376183645901071 1.333362163533428 0
717 0.3682808110643212 1.305921298979299 0
718 0.3293649496901816 1.29265924102741 0
719 1.153639052951622 0.3762507349697436 0
720 1.186246672480116 0.3498964279137534 0
721 1.185030283684636 0.3112070662739458 0
722 1.219126911617204 0.3276900486056502 0
723 0.3704356439329396 1.081533929003634 0
724 0.7468325150172995 0.2944674573881192 0
725 0.3142072075056979 1.401243309208641 0
726 0.8671482723567056 1.289763276378556 0
727 0.8498938952212211 1.305264680484114 0
728 1.376843195790122 0.8403194974719175 0
729 1.398100120853648 0.825334437417394 0
730 0.8283330078555777 1.298986506844298 0
731 0.833375902349431 1.322557662159458 0
732 0.860878217084886 1.327115187431892 0
733 0.8401818484002608 1.346701219728265 0
734 1.218485362053394 0.2892588467839358 0
735 1.254062621632101 0.3079875069667501 0
736 1.254115539475227 0.3489249883475973 0
737 1.28985491296045 0.3271222157549829 0
738 1.288855141919004 0.2871808973537674 0
739 1.324604394675168 0.3062279496524626 0
740 1.696169387618263 0.7622783837787083 0
741 0.7076759378471259 0.2795510600233893 0
742 0.289269024315479 1.053341882572999 0
743 0.4095411582034942 1.697469764760489 0
744 0.3674894577234018 1.684137398579789 0
745 0.451760893748108 1.710564619676708 0
746 1.39965670298811 0.8513115365180862 0
747 1.421666782852837 0.836698574236005 0
748 1.419939408610845 0.8099732823061252 0
749 1.444525356299712 0.8218026532754434 0
750 1.325104598253442 0.3534175733849032 0
751 1.360627082190609 0.3267719356065002 0
752 1.360370801046934 0.2857823194979078 0
753 1.396158873632789 0.3050962875105317 0
754 1.132601933180104 0.774061691300868 0
755 0.8140635990175664 1.339225992750762 0
756 0.8203178556957773 1.364937947769048 0
757 0.8462081121068973 1.37233534865849 0
758 0.8264473380357812 1.39099673883064 0
759 0.8523559126356246 1.398223055295438 0
760 0.8328918848235062 1.417655559724241 0
761 0.8032038279644899 1.411731532849824 0
762 0.8127297791648846 1.43825987712676 0
763 0.8398160347735451 1.444809533717166 0
764 0.8197711541609879 1.46607889687009 0
765 0.7889036531386147 1.457357696314983 0
766 0.7966422606665038 1.487358372603265 0
767 0.8254685499745592 1.495232259206864 0
768 0.8043677858257137 1.517441077720778 0
769 0.772131721497256 1.509383630607724 0
770 0.7821081254901919 1.541621194011919 0
771 0.8111497163749496 1.547076466818287 0
772 0.7901275948033826 1.572829438478083 0
773 0.7583275277460321 1.565950348465488 0
774 0.7682954553764034 1.599201997849579 0
775 1.149493698122552 0.7610580391674612 0
776 0.8769871336362354 1.253126231051638 0
777 0.8022863284196783 1.607701016282198 0
778 0.7795440576911863 1.633718076032261 0
779 1.397153463391487 0.3471519581454903 0
780 1.432527731325836 0.3260917875098261 0
781 1.432970685264955 0.2848143351538808 0
782 1.468935158734274 0.3047057394787849 0
783 1.46849193069501 0.3477279259973701 0
784 1.50546191405483 0.3264803840593428 0
785 1.505802253402628 0.2830362568706596 0
786 1.542933110115226 0.3049802678030411 0
787 1.542446452272668 0.3486719876210841 0
788 1.580014566553069 0.3271099609043314 0
789 1.579330251692516 0.3702735627855174 0
790 1.617492786478852 0.3494238351026699 0
791 1.618612140264459 0.3058330934043747 0
792 1.656572761069355 0.3288843371867893 0
793 1.654940886440052 0.3720524238525067 0
794 1.693862594227916 0.3512941617852005 0
795 1.692700213159854 0.39530321656518 0
796 1.695249310958768 0.3064997540422472 0
797 0.7428516710908295 1.624696062005446 0
798 0.7521981353259396 1.659919268714108 0
799 0.7919876977025802 1.66900490375141 0
800 0.7640975225008563 1.696552438734213 0
801 0.7252129461332624 1.68700276184164 0
802 0.7363859143500374 1.724589585162132 0
803 0.6979567851373224 1.715250108402707 0
804 0.7754164876325604 1.733974106596233 0
805 0.29729670469472 1.093230395265357 0
806 0.3581147357841954 1.641008418124107 0
807 0.3249208665721479 1.670656825843121 0
808 0.3156002620764862 1.626881838160914 0
809 0.3343561857506926 1.714737959165279 0
810 0.2908986788631649 1.701020397210953 0
811 0.7419432586723673 0.2533784117776134 0
812 1.446190585485417 0.8493448364931354 0
813 1.469878147613788 0.8347115476667999 0
814 1.467889106245948 0.8052243961296028 0
815 1.493929954530119 0.8185290960167338 0
816 1.378570189170474 0.8658379151703394 0
817 1.73153859665954 0.3737319886929595 0
818 1.730812899150846 0.4189530305175086 0
819 0.2582200622850095 1.080157774882798 0
820 0.2665585853824158 1.120766369831864 0
821 0.7021577765384668 0.2373057413961183 0
822 0.6682928068114333 0.2641939041202281 0
823 0.3605212040761059 1.266027521195175 0
824 0.7474698348139119 1.763205184484359 0
825 0.7867868893066738 1.772364035259104 0
826 1.495677217077136 0.8482301539900248 0
827 1.520586558256892 0.8318260645337445 0
828 0.3006174746819612 1.746176814625064 0
829 0.9763765572686492 0.6888909202402391 0
830 1.34542192499628 0.5375259134406315 0
831 0.8718113416074108 1.379788187652702 0
832 1.215783134285104 0.5655775508350842 0
833 0.5727740672797681 1.590816917281752 0
834 1.129648106103349 0.7528372422556403 0
835 1.112649698070387 0.7660930385556465 0
836 0.9109093496542811 0.7124097278966179 0
837 0.8897300800827381 1.165869172428941 0
838 0.8936795899107978 1.183390979921094 0
839 0.9068633940573112 1.171572221979509 0
840 0.9105977291346511 1.18849436551479 0
841 0.9509303627848879 0.9401603822954163 0
842 0.6641032254036288 1.208574726359951 0
843 0.8296339182093788 0.7801593869719 0
844 1.113968796699787 0.8746242700349216 0
845 1.129776664011437 0.8813404565981277 0
846 1.116586471097422 0.8915251436237243 0
847 1.131548558238119 0.898041694026311 0
848 1.119062010692701 0.9076820906702028 0
849 1.133706713728393 0.9141369795746829 0
850 1.146271441752131 0.9045864572139676 0
851 1.148007666741369 0.9204683465932295 0
852 1.160686969075001 0.9110723996887375 0
853 1.121356199750585 0.9232489410875359 0
854 1.107425712960216 0.9173109021306047 0
855 1.109334497707165 0.931572933873057 0
856 1.096493487847987 0.9265484793540973 0
857 1.162582812531687 0.9269772735988899 0
858 1.175278975877324 0.9174987744730191 0
859 1.121094394354599 0.9377764015798399 0
860 1.542194314841772 0.3916367057138741 0
861 0.6393193778577322 1.088800458038682 0
862 1.098222347564933 0.9399032792296363 0
863 1.08607593444961 0.9351274863935004 0
864 0.2562708845759271 1.731974924321906 0
865 1.221270757523495 0.6491229260577884 0
866 0.7527729749351082 0.9425374707958265 0
867 0.4147185192852976 1.357292334863661 0
868 1.348824606544563 0.6329551999543174 0
869 1.323341079815998 0.6487078851500623 0
870 0.923288412315897 1.176967568667974 0
871 0.919671663275045 1.160737901199306 0
872 1.69012174144621 0.4386171734339361 0
873 1.728863288195989 0.4633023378574188 0
874 1.196675528011804 0.666364529496052 0
875 1.222495095112407 0.6761833330880078 0
876 0.4876843011056948 0.8822324879560808 0
877 1.349178179761166 0.6629798840211342 0
878 1.76257692357708 0.806999954087456 0
879 0.9268468090478669 1.193596372285719 0
880 0.398650393657749 1.278924174371822 0
881 0.3910792642059427 1.239961609833245 0
882 1.324489976407518 0.6781332946145854 0
883 0.6624399417433582 0.2211587364648552 0
884 0.6283355781373825 0.2479908785136271 0
885 1.543874966189515 0.2613588209280189 0
886 1.505545585031657 0.2389735084429978 0
887 0.4207929549015088 1.021764015731059 0
888 1.087931179273442 0.9476671024433722 0
889 1.076200944198237 0.9428657135784597 0
890 1.074293168767432 0.9306835081375636 0
891 1.06455552961861 0.9385606102577294 0
892 1.062299220939685 0.9257892247881145 0
893 1.053155041952857 0.9343450308284004 0
894 1.055112436033122 0.9460769407482972 0
895 1.044150948519033 0.9422469571484697 0
896 1.046174006078612 0.9534960644832418 0
897 1.035618648631708 0.9495712306312832 0
898 0.2461952001024384 1.6854825967626 0
899 1.182429799495617 0.2710261454651665 0
900 1.492520882683531 0.7889956323247159 0
901 1.465464891074216 0.775494394506415 0
902 1.401039893929182 0.8769270038999548 0
903 0.3441831572593596 1.759028530427617 0
904 1.217510740662142 0.2487291825584426 0
905 1.179637859398664 0.2295678325605786 0
906 1.796780242000909 0.7019963526497257 0
907 1.521827267109726 0.8616631592740243 0
908 1.547417919201589 0.8454133115596003 0
909 1.10140867149554 0.592889418100546 0
910 0.9650755225309401 0.6087273321408697 0
911 0.9868823385932262 0.5913449855238779 0
912 0.9604999899851301 0.5805993880290325 0
913 0.9835262306491326 0.5623736303623841 0
914 0.9563370659585082 0.5510939924453349 0
915 0.9799365240666734 0.5325190362413572 0
916 0.9514121178735823 0.5209380274129461 0
917 0.927347635023636 0.5398147980172641 0
918 1.045150449828482 0.8300222765226719 0
919 1.028530249429 0.8236553569271662 0
920 1.042532337868534 0.8119132837253707 0
921 1.024833288866707 0.8053583716803343 0
922 1.039759461569931 0.7932318354061898 0
923 1.021544275341105 0.7861247237573853 0
924 1.037310009194982 0.7743646307133496 0
925 1.006290049683803 0.7989123880071255 0
926 1.002781840933396 0.7791011652612073 0
927 0.9871581027106585 0.7923222794197282 0
928 0.2503395627391124 1.039272747836811 0
929 1.37339937727913 0.5193358591549626 0
930 1.343232187849199 0.5034053366076066 0
931 0.9839192398450745 0.7724976547731019 0
932 0.9676861572906583 0.7855596841795316 0
933 0.8549701856212251 0.6658223409631049 0
934 0.5498979897273679 1.058558832206009 0
935 0.5761654582879312 1.32746453849241 0
936 1.239920903720583 0.5486671833402081 0
937 1.212845273509858 0.5353776440530975 0
938 1.238104614111527 0.5180506305361354 0
939 1.210011950732275 0.5042890620754148 0
940 0.8779887878601996 1.405046560060534 0
941 0.2981474734817973 1.320615242328478 0
942 0.2897888382425164 1.278900988980947 0
943 0.257827006809252 1.307501140726242 0
944 0.2490867244090613 1.265861104423745 0
945 0.2166565611341368 1.29357063397884 0
946 0.2077679046797429 1.251473041881734 0
947 0.6430116975464525 0.8404732749232727 0
948 1.461010006354097 0.5319763573137692 0
949 0.2662100041681829 1.777875099827852 0
950 1.123337008142714 0.5766245755076442 0
951 1.098158422695687 0.565174385716818 0
952 0.8640740083098544 0.9603784453172353 0
953 0.6088868420958977 0.9364804082558866 0
954 0.6194015718541106 0.8597437511249167 0
955 0.6143228476885634 0.829226306116177 0
956 0.22591783746408 1.337158800560813 0
957 0.794551868112629 1.357236656845732 0
958 0.7882877418865344 1.330758699277069 0
959 0.6549491868651524 1.413955936681982 0
960 0.7319345901673813 0.7698148291525205 0
961 0.2183040802743046 1.06687099097684 0
962 0.2102066315402251 1.024580535966656 0
963 0.6218591475812524 0.2052437048743444 0
964 0.5873694627957382 0.2320669514919519 0
965 1.065942914083227 0.675149705067567 0
966 1.056477495469447 0.9571345942941925 0
967 1.768741893572313 0.442506671195649 0
968 1.766868583047299 0.4870063336700496 0
969 1.379874689775639 0.8903599778507506 0
970 1.236609139042873 0.4862170048582624 0
971 0.5757585101293869 1.179386824834012 0
972 0.7588849752443412 1.8026097468336 0
973 0.718395058040866 1.792939596507799 0
974 0.6966513422194334 0.9939016291286575 0
975 0.813456533787961 1.039195959708824 0
976 0.8145255445471343 1.742905294442274 0
977 0.7356296099993709 0.2111568732315214 0
978 0.7763839268192821 0.2276171311459866 0
979 1.176685678645368 0.933250740171241 0
980 1.189830811150832 0.9239757759927616 0
981 1.146802923332984 0.7392789195153866 0
982 1.167591749446257 0.7480408530857319 0
983 1.033491271966746 0.9387061425731518 0
984 1.025292139450634 0.9461307310240208 0
985 1.027477153641647 0.9582586747188488 0
986 1.017041831976626 0.9536906832048702 0
987 1.014896566692294 0.9428512247130841 0
988 1.00708294006937 0.9503311437807905 0
989 1.009217717092555 0.9604405183178533 0
990 0.9998366866355655 0.9575988930069202 0
991 1.002176215614881 0.9670325813640195 0
992 0.9930954048252647 0.9644344079740259 0
993 0.9350274842071408 1.165883185925471 0
994 0.9318571363410845 1.15043851582115 0
995 1.187870776519794 0.9074468546181286 0
996 1.203631960462741 0.914321006161917 0
997 1.544587023731923 0.2167350901560088 0
998 1.37219613035547 0.4847355902654064 0
999 0.2211298566356306 1.763476412151715 0
1000 0.768174995470596 1.349358273793709 0
1001 0.7621738037487327 1.322008288131032 0
1002 0.9953767724144532 0.9731691632821916 0
1003 0.9867791715268225 0.9707497853090251 0
1004 0.9889483386553066 0.9787989856717709 0
1005 0.98063101929925 0.9767370120239813 0
1006 0.9833658163231616 0.985119359444779 0
1007 0.9746120336191088 0.9827074080836647 0
1008 0.9764527955974535 0.990976573177852 0
1009 0.9682664356951034 0.9886160709910703 0
1010 0.9703238888918562 0.9972763946835068 0
1011 0.9618147296976149 0.994728802660352 0
1012 0.9640273148955041 1.003638382608647 0
1013 0.9550427877385279 1.001050644500059 0
1014 0.9573838307099517 1.010414653526793 0
1015 0.9478998702353582 1.007705273501148 0
1016 0.9503679199142585 1.017603681544397 0
1017 0.9403291927992623 1.014730959887048 0
1018 0.9429464624726769 1.025212583875707 0
1019 0.9323108338858804 1.022173948632857 0
1020 0.9352184735264121 1.033006830079238 0
1021 0.9458695552170673 1.036105428339502 0
1022 0.9381935501144838 1.043877904595098 0
1023 0.9243397396729524 1.03062495462948 0
1024 0.9489200940190597 1.046932998191704 0
1025 0.941169268225166 1.054724290894184 0
1026 0.9518936092627674 1.057436923107969 0
1027 0.9440926338027699 1.065687459013829 0
1028 0.9328001977473772 1.062231184856735 0
1029 0.9359682667653149 1.074203101368048 0
1030 0.9474989009903353 1.077013834576246 0
1031 0.9394475645582867 1.086138073460115 0
1032 0.9600641317098229 1.019546914044637 0
1033 0.9597110252900636 0.9858649162855997 0
1034 0.9271977278517982 1.083200917753955 0
1035 0.9512588940271829 1.08853559643234 0
1036 0.9297752538958824 1.011147267003754 0
1037 0.9309638203136776 1.095724739548006 0
1038 0.9455077909301941 0.9980144216229401 0
1039 1.216248460930594 0.2065567287584938 0
1040 0.7696896474109851 0.1845365106199036 0
1041 0.8104119507099721 0.2014404076230545 0
1042 1.121215265217674 0.5484997085759989 0
1043 1.094198526214854 0.5361888200556508 0
1044 1.119719647405359 0.5184962669030468 0
1045 1.090641713287849 0.5057860791140398 0
1046 0.9760532629927076 0.5015959405676905 0
1047 0.8262698453369085 1.781254060817054 0
1048 0.972294582614505 0.9743609597711409 0
1049 0.9594295161369352 1.049794675043936 0
1050 0.9844714242997983 0.96222910659796 0
1051 1.204811203694675 0.931079259644902 0
1052 1.21918011919892 0.9213736711793817 0
1053 0.9995866667739092 0.7585872827842645 0
1054 1.497061645053192 0.8777300013665617 0
1055 1.011210370924462 0.9698770751361471 0
1056 0.9180074010108864 1.092670113771498 0
1057 0.9222632900734109 0.5092077999786877 0
1058 0.8969568729505103 0.528701502644393 0
1059 0.4281569783648946 1.252898501349817 0
1060 0.4206388705903606 1.214672686359193 0
1061 1.0994590956908 0.9524051098083005 0
1062 1.157454947221678 0.894308266187172 0
1063 1.050842080253114 0.9221177633408705 0
1064 1.109626129549161 0.7448760404318202 0
1065 1.217937624228566 0.9041537047036905 0
1066 1.234070548605616 0.9117402870457886 0
1067 1.402107801805319 0.901702126273944 0
1068 0.9621541122829298 1.059775325104744 0
1069 0.8966860406056519 1.387056089192612 0
1070 0.9030518273917902 1.411725003141252 0
1071 1.326279864353441 0.7664643496517343 0
1072 1.727679891979611 0.5075656338527008 0
1073 1.764957579854457 0.5309027477771939 0
1074 1.117368295607753 0.4873051383748571 0
1075 0.8627818314106863 1.039939280497425 0
1076 0.686755026074469 1.67681088152598 0
1077 0.6588622289563505 1.705294122467204 0
1078 1.164398334886888 0.9424223020455766 0
1079 1.546328514610808 0.8151570992759344 0
1080 1.574163033885778 0.8286756652665036 0
1081 1.574911886317754 0.8597709088951819 0
1082 1.60258197419189 0.8433690056943339 0
1083 1.071919402321145 0.9168547553620126 0
1084 0.3840491338340668 1.201613997801412 0
1085 1.341124074400823 0.468524299408289 0
1086 1.23469523626994 0.9284244272288581 0
1087 1.250834339126693 0.9192850853345489 0
1088 1.358127800553719 0.879869154490731 0
1089 1.35942481463767 0.9034210680839839 0
1090 1.338785218601321 0.8931314452142894 0
1091 1.340621223987296 0.9163662421967695 0
1092 1.249467367071308 0.9009036746289675 0
1093 1.266706756104286 0.9092461501585836 0
1094 1.490779014739757 0.7588101721702194 0
1095 1.463014921584316 0.7454786408041101 0
1096 1.048244691787805 0.9637179072564475 0
1097 0.670529819805445 0.4832698983263605 0
1098 0.7052746504482929 0.4962601225690373 0
1099 0.6768759048817623 0.5193983742890615 0
1100 0.7101502182660012 0.5323870900391556 0
1101 0.6828571603256355 0.5547207874463473 0
1102 0.715086158408598 0.5673522619833383 0
1103 0.6886129408610069 0.5890148008279679 0
1104 0.7441940546686373 0.5112663340134669 0
1105 0.7204744078042424 0.6013355021432492 0
1106 0.6943661396654619 0.6223559702576178 0
1107 0.6624108962973714 0.6106028862331623 0
1108 0.6679081314463298 0.6440145497853276 0
1109 0.636255248665221 0.6322023771605476 0
1110 0.6416982953860213 0.6657570333498597 0
1111 0.7464216381621445 0.5801922030332649 0
1112 0.6098823315591743 0.6539283294748187 0
1113 0.6155350366051344 0.6873478622612756 0
1114 0.7516106564428988 0.6128504594322469 0
1115 0.7768418311524699 0.5926501869824949 0
1116 0.6994431525244402 0.6555449239470845 0
1117 0.5832328048226785 0.6755780570482468 0
1118 0.589006375412487 0.7093650572180838 0
1119 0.6474300551428498 0.6988109458316463 0
1120 0.1773349116679135 1.053210606669354 0
1121 0.1868707445933354 1.094125232964779 0
1122 0.5797780779375046 0.1909811321346242 0
1123 0.5457781270019496 0.2161852240697171 0
1124 1.806727684450016 0.466396774478157 0
1125 1.808586414682567 0.4210203562861007 0
1126 0.9142238921936425 1.079693553906248 0
1127 1.177480002756707 0.1867462180471653 0
1128 1.141220943503717 0.2105914350355277 0
1129 0.1746580034996054 1.279638034202917 0
1130 0.5522389534107528 0.2601895897926126 0
1131 0.5107543313160698 0.2439907576729479 0
1132 0.5041746909988504 0.1993165254536867 0
1133 0.4689097531421067 0.2276564264891764 0
1134 0.4758427841976051 0.2722189705878817 0
1135 0.4338634604243049 0.2561110396217744 0
1136 0.4410060905446688 0.3006223545185129 0
1137 0.3987084532964895 0.2848466303625056 0
1138 0.3914639778195468 0.2397733176586498 0
1139 0.3561227848102801 0.268701831038229 0
1140 0.3635253019850445 0.3138494931146932 0
1141 0.3207668666791088 0.2977858694321371 0
1142 0.328274617723784 0.342987171351663 0
1143 0.285711462530484 0.3268936689758315 0
1144 0.2930026102457504 0.3722371544195193 0
1145 0.2794042274539847 0.2802249851396907 0
1146 0.2505348474197325 0.3554553080895713 0
1147 0.2578623647949219 0.4013230962162384 0
1148 0.3484924774734406 0.2231942812733053 0
1149 0.300192973221562 0.4182274158339757 0
1150 0.2654142403809122 0.4469984484669054 0
1151 0.2226446634513204 0.4308914113625855 0
1152 0.230735478923654 0.4759494317026954 0
1153 0.2732000547295721 0.4917250868110911 0
1154 0.2389109587848905 0.5206000131852989 0
1155 0.2810898823137108 0.5356430487579883 0
1156 0.247129044275635 0.5645153396134377 0
1157 0.2047682987777748 0.5497112822605694 0
1158 0.2131997328245786 0.5938120006144119 0
1159 0.2552603560215672 0.6085771769841581 0
1160 0.2217186417470163 0.6376354347133116 0
1161 1.267963145445101 0.9281446064902175 0
1162 0.9220161400441012 1.10565263923424 0
1163 0.9351988537913912 1.107437134650818 0
1164 1.111033686308344 0.665822092731565 0
1165 1.504950136460055 0.1938461795760261 0
1166 0.6704900070130934 1.238045243927077 0
1167 0.6922915136212712 1.218187879609634 0
1168 0.6986831901907227 1.246822798479548 0
1169 0.7197468271239997 1.227263234491652 0
1170 0.7139012379449806 1.199948564948887 0
1171 0.4136141457024964 1.17686005766778 0
1172 0.4493593532248958 1.189511071706628 0
1173 0.442587623452235 1.152655125164399 0
1174 0.7405291858687483 1.209716137702079 0
1175 0.7347762536927869 1.183211414609017 0
1176 0.3711469544435717 0.3584456707746729 0
1177 0.746142764335155 1.236699069246213 0
1178 0.5272869250282186 1.404993141214445 0
1179 1.348992118466864 0.6926588503009891 0
1180 1.374613512247673 0.6770788104272393 0
1181 1.578124716447044 0.4127597864224263 0
1182 0.8922327147376173 0.4968580160524246 0
1183 0.8668186932375435 0.5172990154917775 0
1184 1.373331186373338 0.7069426811102725 0
1185 0.9718745095246345 1.005822415438559 0
1186 1.600947764418283 0.8115271715542373 0
1187 0.9143667851835212 1.20535188899625 0
1188 0.9308557914038027 1.210351007348869 0
1189 0.370666301085024 1.496301202114677 0
1190 0.3305032288343028 1.483189112800664 0
1191 0.5898947821708775 0.8493335407715592 0
1192 0.5850726570601762 0.8183972761087458 0
1193 0.6553426033663294 0.1708251355354244 0
1194 0.1873675097696078 0.4603798925330344 0
1195 0.1790397991725635 0.4145192774183699 0
1196 0.3841921497505003 0.1941440385685648 0
1197 1.206234162274952 0.4704940801045874 0
1198 1.057650994586036 0.9673193605174415 0
1199 0.556470363706473 0.6976013689944991 0
1200 1.087409689338405 0.4745026251778718 0
1201 0.9650722142107023 0.7665361695937128 0
1202 0.9474399488198589 0.7796054403061112 0
1203 0.9511062917417753 0.7996320264457255 0
1204 0.931682733333954 0.793072931863292 0
1205 0.9350822210236766 0.813323909110321 0
1206 0.9160473269177816 0.8068424959130611 0
1207 0.9197386065156987 0.8266674772297079 0
1208 0.9002898464769804 0.8200621463584663 0
1209 0.904194958583849 0.8399740252791792 0
1210 0.8850158838706641 0.8336325482624727 0
1211 0.8890950178100672 0.8538732696531305 0
1212 0.8696326293450581 0.8470139399576621 0
1213 0.8737691624265639 0.8673287443347844 0
1214 0.8543212104529759 0.8605010172648955 0
1215 0.8579211481749532 0.8803392485830652 0
1216 0.8384870795510698 0.8736044872521632 0
1217 0.8422712135378185 0.8939405981901306 0
1218 0.8225743323910938 0.8870572889097648 0
1219 0.836010438526446 0.8523827489725992 0
1220 1.603561521735502 0.8753164195597445 0
1221 1.631892947247671 0.8583433588662873 0
1222 0.9385989336121177 0.8332459438610132 0
1223 0.2311849103256213 1.809984413447843 0
1224 0.946245885452733 1.155399123148125 0
1225 1.400219996034744 0.6912637538284876 0
1226 1.541927454550549 0.4330966554683681 0
1227 1.576860572925787 0.4540998191740155 0
1228 0.9499553731144411 1.17027178203102 0
1229 0.5782169601927406 0.6404569427599471 0
1230 1.08874544639554 0.9601715244718428 0
1231 0.8731879787116337 0.5488454647929656 0
1232 1.522886709273287 0.8912600264408541 0
1233 0.1692752886769532 1.010243591985624 0
1234 0.202396814873796 0.9816515716026271 0
1235 0.161140066983655 0.9669677586891425 0
1236 0.1944197795890523 0.9385045298916993 0
1237 0.3408245235352795 0.1770546428028354 0
1238 0.1660662389278265 1.235793875101069 0
1239 0.9076362123601811 0.8598818436828172 0
1240 0.6795868326564427 1.390639468429529 0
1241 0.6873607989688304 1.423632941061762 0
1242 0.2633602269222644 0.6522157707900005 0
1243 0.2302097428012682 0.6813328301140098 0
1244 0.18836146937075 0.6667803800464742 0
1245 0.1971103928804798 0.7103333093848007 0
1246 0.2387950349395915 0.7246474045626863 0
1247 0.20602322921048 0.7535400072652129 0
1248 0.2473735597293462 0.7672683498492826 0
1249 0.215372348586665 0.7945506782186857 0
1250 0.2559193160618631 0.8094847937862657 0
1251 0.1675000365162975 0.7836706566466883 0
1252 0.8533301351378512 1.751686316967463 0
1253 0.371339702936733 0.9401601972817559 0
1254 0.8769980820950342 0.8866073779838795 0
1255 0.7300053204902675 1.833557419209517 0
1256 0.6882772829745351 1.823374709855751 0
1257 0.3149297316134646 0.5072674572649258 0
1258 0.2767266771902913 1.82443745017944 0
1259 1.236605710273804 0.4530033007849503 0
1260 0.6104639568328623 0.7989239917314002 0
1261 0.7251876994040117 0.8701564984522192 0
1262 1.178060356882949 0.948646409625461 0
1263 0.8044787383485449 0.1579595404070813 0
1264 0.8449363354804104 0.1750692514392574 0
1265 0.8505358611271759 0.2182553155066966 0
1266 0.884820272552685 0.1923581508527853 0
1267 0.1855364644757862 1.795441680784822 0
1268 0.1755604315770345 1.748486986923491 0
1269 1.164579251921289 0.7254877678272633 0
1270 1.185682210868798 0.7343048181488092 0
1271 1.070726803527597 0.5542262744767158 0
1272 1.004278979044542 0.9395345976645051 0
1273 0.9968260403854527 0.9805580084895742 0
1274 0.758750742908448 1.193047495306854 0
1275 0.7533255510183793 1.166419342212718 0
1276 0.7300518883843561 1.158110202990627 0
1277 0.7475437372537992 1.142029672274296 0
1278 0.7254924338739159 1.133469157490352 0
1279 0.7446134043673713 1.11720452534186 0
1280 0.7212329498434936 1.109004954409776 0
1281 0.7399946652660186 1.092673944618877 0
1282 0.7111335952617136 1.084199995266529 0
1283 0.7674276905809805 1.126338821660241 0
1284 1.012710312914999 0.9315247542524028 0
1285 0.9186503945372095 1.222272495438548 0
1286 0.9342743280136477 1.227714890197083 0
1287 0.9224898487649968 1.239693013386956 0
1288 0.938446986770447 1.24527867446032 0
1289 0.9260420368520351 1.257621468517049 0
1290 0.9437452035156251 1.263033136799423 0
1291 0.9301885987781681 1.275906831836729 0
1292 1.057920793947336 0.801116839004516 0
1293 1.726570081957132 0.5507855392488891 0
1294 1.681289646511724 0.526055525012922 0
1295 0.1709463075486795 0.5791244827034038 0
1296 0.8268296064701008 0.9074965366846186 0
1297 0.8064728952589668 0.9009265726623871 0
1298 0.7815360577530256 0.6245530177082483 0
1299 0.8059524150122731 0.6054465993117033 0
1300 1.83774559756091 0.8497724382478179 0
1301 0.2822001432561433 1.239006605878219 0
1302 0.8237039213481758 1.178044927247257 0
1303 1.138642563618559 0.1672284714250651 0
1304 1.101906907764566 0.191186748378274 0
1305 0.795817181686395 0.4233278424582891 0
1306 0.7710967025494547 1.84293656587269 0
1307 0.129303255154783 1.039950722642233 0
1308 0.5621811411126252 0.7317923896258819 0
1309 1.763047884128138 0.5741144060506767 0
1310 1.801736855918962 0.5543857247794687 0
1311 0.4772599473937089 1.165081095457791 0
1312 0.4706392519893791 1.12902525865093 0
1313 0.4861620615204907 1.203035582453872 0
1314 1.371184120181978 0.4492361032916704 0
1315 1.40228934431498 0.4654430510731077 0
1316 0.8428174819775341 0.5375025207378301 0
1317 1.544607367735007 0.1709761664132392 0
1318 1.584410045788817 0.194433626250615 0
1319 0.9692647979156017 1.052447897358267 0
1320 0.9178581397961667 0.4767319902991843 0
1321 1.360440590044937 0.9263988045949724 0
1322 1.26557560712526 0.8896840172448494 0
1323 1.053337830165505 0.880971590836691 0
1324 1.004811837617282 0.5104423698838338 0
1325 1.000866064824887 0.4804726394253617 0
1326 0.8657281991192305 1.790167598271872 0
1327 1.099319814539529 0.1471795128433266 0
1328 1.062157901870133 0.1715621566323144 0
1329 0.8801339427332876 0.8144129737834659 0
1330 0.9291538281625967 0.7721400372893136 0
1331 0.9044204459180698 1.089607204059936 0
1332 0.742139187134589 1.340890181468994 0
1333 0.7510658490952151 1.36827623685396 0
1334 0.1527135502482583 0.9232484032074109 0
1335 1.498316332075333 0.9066086287101564 0
1336 1.092711511503454 0.7581669706746655 0
1337 1.089494525938086 0.7367451744213437 0
1338 1.214096299255051 0.1628622499233486 0
1339 1.253000095057395 0.1834468034090109 0
1340 1.100543138565861 0.9644682471741153 0
1341 0.6292562141523914 0.599087106791041 0
1342 0.9719731214001175 1.061461413938845 0
1343 1.284155266551898 0.9179470928721525 0
1344 0.8460108568128198 0.9140766614858979 0
1345 0.9666104880463832 1.043053798632888 0
1346 0.2965839815877236 0.6227908146230352 0
1347 1.113479380354814 0.4553270220817627 0
1348 0.7361179284463788 1.31297978723576 0
1349 1.165880465448576 0.9572100210696566 0
1350 1.285167347320691 0.9375781001664882 0
1351 0.5595887958223881 0.8384507529105459 0
1352 0.5654486372709774 0.870463332113629 0
1353 1.059543450898774 0.1269835159973723 0
1354 1.023666846305902 0.1515801450096047 0
1355 1.028024759263793 0.1921721139323704 0
1356 0.6485410788967753 1.66688281751714 0
1357 0.6197415046980814 1.695489180629516 0
1358 0.6298325492432671 1.734444735077357 0
1359 0.5900819831057913 1.72506745039968 0
1360 0.6011412283130371 1.765498717893257 0
1361 0.5611584551256281 1.754614793833441 0
1362 0.5706154099180289 1.796325427512391 0
1363 0.5252042243429191 1.784009906461729 0
1364 0.5381096328582832 1.827261108760809 0
1365 0.4965902489022479 1.817709507182883 0
1366 0.5787265738077649 1.841861109413265 0
1367 1.002632661574784 0.9954443633653033 0
1368 0.9970401515537327 0.9963749758044385 0
1369 0.9956283958970854 1.001772460405596 0
1370 0.7348541911373996 1.068665697986798 0
1371 0.7589024766429714 1.076880403195357 0
1372 0.7122335377332641 1.059995710051403 0
1373 0.8361825036442156 0.5054531779716369 0
1374 0.8899425150644843 0.2349154218476113 0
1375 0.4826411864826083 0.316335345069614 0
1376 1.79982016474792 0.5980714749177283 0
1377 1.83895394923104 0.5778731958445623 0
1378 0.9208192691596303 1.393681100555676 0
1379 0.914323746343475 1.369015418418583 0
1380 0.9275117272304387 1.418139108481186 0
1381 0.9096160767791018 1.436413518466277 0
1382 0.3058885655272261 1.133473105103139 0
1383 0.9431820261184989 1.140967840870763 0
1384 0.956684136949845 1.145572902768971 0
1385 0.9538936549958968 1.132166003899833 0
1386 1.178569540915157 0.8512567267666117 0
1387 1.196580957845823 0.8592190868181342 0
1388 0.5540071719189295 0.8079841006094528 0
1389 0.2011508401622579 1.209902452261507 0
1390 0.1603004972745925 1.191099112486428 0
1391 1.153049358714199 0.9512136302799151 0
1392 0.9479934503231436 1.215565087859825 0
1393 0.9028023138808032 1.218683457624441 0
1394 0.9173221668735948 1.145151730207355 0
1395 1.633326076028979 0.8914999240023481 0
1396 1.662307670392232 0.8737795431702214 0
1397 1.143489802451661 0.7168485310193002 0
1398 0.2413919250483592 1.85696543136508 0
1399 1.341815511412946 0.9388524442731782 0
1400 1.836918609664548 0.6222854446055581 0
1401 1.875933006957348 0.6000590049743753 0
1402 0.1545297610567681 0.6961267362997885 0
1403 0.6335252727545109 0.2920857574021438 0
1404 1.266755420168701 0.9481087221023919 0
1405 0.4234596421470193 1.584249534010045 0
1406 1.050127034522983 0.973355304741236 0
1407 1.04130956636671 0.9704550741885627 0
1408 1.059005512735999 0.9767469724044845 0
1409 1.066532543709384 0.9709944349759836 0
1410 0.5285357721396746 0.7212046226247852 0
1411 0.993151451968839 0.8113753301679036 0
1412 1.873286085443123 0.7370376683798915 0
1413 1.400560783970819 0.7242397113847954 0
1414 1.251535069036378 0.1373197556179727 0
1415 1.291639865694037 0.1595706104256844 0
1416 1.289505327481629 0.1144338299504765 0
1417 1.330070050899416 0.1356050788165667 0
1418 1.331859371328721 0.1810669122351276 0
1419 1.370224942712238 0.1570706991097056 0
1420 0.7419517242373148 1.875417330155249 0
1421 0.8808713561972289 0.150446345695601 0
1422 0.8021375281806025 0.8793692179853896 0
1423 0.7855750431888886 0.8945172642746649 0
1424 1.001306756949068 0.9279515654924884 0
1425 0.8311302607582627 0.9274302830093314 0
1426 1.541210532555204 0.4733999810574051 0
1427 1.575679017178595 0.4943292995009735 0
1428 1.506593708185529 0.4531318778119339 0
1429 0.2199749700387396 0.8377181498572088 0
1430 0.2640547467963068 0.8504487772165936 0
1431 0.9915447875580262 0.9978654063147614 0
1432 0.9901550200242297 1.004592129814825 0
1433 0.5535738157347139 1.710530986975486 0
1434 0.3395000936132773 1.524758438551631 0
1435 0.2986640264620162 1.510670894504442 0
1436 1.488519439325056 0.7278973403944182 0
1437 1.517093381778544 0.7417105377236056 0
1438 0.975713782261475 1.04557122876758 0
1439 0.9735249574123832 1.036948711510158 0
1440 1.098435970886121 0.8868195774678149 0
1441 0.2960664950027936 0.8235424313576993 0
1442 0.3040583714710405 0.8642967568270679 0
1443 0.2682532203222239 0.895075636573527 0
1444 1.847312812154852 0.4453015869697404 0
1445 1.849117340710795 0.3991002388478579 0
1446 1.584858063306032 0.1477455439078397 0
1447 1.625563805748286 0.171680659551129 0
1448 1.62592654609894 0.1240805024154209 0
1449 1.666862713405229 0.1483717137898971 0
1450 1.666361944729895 0.1959522695720908 0
1451 1.707759694779605 0.17273406113476 0
1452 1.339097488213023 0.4326566672399126 0
1453 1.188597473131146 0.7572045115493486 0
1454 1.205822122989213 0.7435054967389813 0
1455 0.9241369377684787 0.2093964003949215 0
1456 0.3769037733688258 0.1476852336144101 0
1457 1.247913794939699 0.8816353348799986 0
1458 0.7633058317054467 0.1406828070994671 0
1459 0.7991429283518376 0.1133379397204738 0
1460 1.264984690772426 0.500777255919823 0
1461 1.203468893692241 0.436622216615337 0
1462 1.504597282244789 0.1479407412758417 0
1463 1.096072211118741 0.7788229309659267 0
1464 0.9563354930279747 0.7042919894387533 0
1465 1.324886260701371 0.707323939966554 0
1466 1.300652741966923 0.6934985471868595 0
1467 1.301473974859642 0.7219796831486112 0
1468 1.278869761009552 0.708983779935943 0
1469 1.279150926130343 0.7362664498306312 0
1470 1.276327879847422 0.6814123225446846 0
1471 1.401966126827181 0.4290897661557435 0
1472 0.7564836857619249 1.29432421117108 0
1473 0.69517018119874 1.103256760692984 0
1474 1.161625769980748 0.702537146942144 0
1475 1.472286683856674 0.8921111939550177 0
1476 0.5281104298498165 0.8273308315975033 0
1477 0.887558913660394 0.4643085487017677 0
1478 0.9291830851978389 0.2513610439038085 0
1479 1.110224106325868 0.9575133106573803 0
1480 1.111381066158221 0.9692199164171218 0
1481 1.12081110163062 0.9624783204131451 0
1482 0.4358122424616446 1.290875814492392 0
1483 0.1315333443829398 1.264579258933093 0
1484 0.1408020745006773 1.309755587915935 0
1485 0.7570793671278619 0.6442670907763588 0
1486 0.7858649839234052 0.6553337235102681 0
1487 0.7622587564710107 0.6745167593023694 0
1488 0.4652700260162966 1.265453053486956 0
1489 0.4724548602517048 1.302620139237392 0
1490 1.660711007026961 0.839381541782682 0
1491 1.693357234954403 0.853578821042451 0
1492 1.693628163502035 0.8903696653542632 0
1493 1.725550790331789 0.8699927767725655 0
1494 0.8416832353316827 1.714188027745827 0
1495 0.8792240741140085 1.722710986476891 0
1496 0.8679822516635879 1.686475502686232 0
1497 1.458440742279887 0.7161180617840219 0
1498 1.068235595196214 0.8869254411266017 0
1499 0.9005583429699668 1.075869798171709 0
1500 0.960246690842765 1.078740949437659 0
1501 0.9627435741853689 1.090474334072661 0
1502 0.970695637229687 1.082981284204897 0
1503 0.8135319325867322 0.5259696851638596 0
1504 0.4363055617427865 1.116328241795503 0
1505 0.4642683497415604 1.093079621545076 0
1506 0.9483414832906627 1.281224238441744 0
1507 0.934505047280542 1.294769192084209 0
1508 0.9159466077523107 1.288916173651602 0
1509 0.9196769850389526 1.308775875475584 0
1510 0.9395459619215311 1.314532971550855 0
1511 1.474036920058044 0.9215063052596766 0
1512 0.3225244494969619 0.5502628897104396 0
1513 0.9733429929925463 1.092953477377207 0
1514 0.966080447535798 1.101081925087362 0
1515 1.146111732491009 0.5318473165755225 0
1516 1.254744476550379 0.7246819057935989 0
1517 1.25744151297872 0.7498878670239038 0
1518 1.611386205244776 0.4751585522753072 0
1519 1.609015761611757 0.5133708025086526 0
1520 0.1397484491822742 1.780000541930463 0
1521 0.1455877809273995 1.829946527893513 0
1522 0.3043426651883581 0.6677345793215865 0
1523 0.6761302386634852 1.63839833425681 0
1524 0.1455141072674966 0.444210056640208 0
1525 0.1310018081229611 0.3956448828137252 0
1526 0.9937979610748164 0.9363098307806059 0
1527 0.4485237560743995 0.3443832299500769 0
1528 0.9795946848155115 0.7132936600984321 0
1529 1.001400869018158 0.6993744727459406 0
1530 0.5233455037484225 0.6848824904656223 0
1531 1.438275753316136 0.7624315895115966 0
1532 0.9410055252371294 1.373546998948059 0
1533 0.3327352721841125 0.1308203922580277 0
1534 0.2973104906212749 0.1601309228227381 0
1535 1.091902601333693 0.9716805726859327 0
1536 0.5247517924205605 0.9313084440389925 0
1537 1.604674451124935 0.9080334349741342 0
1538 0.5067876360247658 1.860175757332609 0
1539 0.4636584909196537 1.850048718314101 0
1540 0.4505505662698878 1.808683719063342 0
1541 0.4187516981356986 1.838960146150297 0
1542 0.7545044372498273 1.053195861961037 0
1543 0.6493984966864643 1.006633932615293 0
1544 1.106123188043919 0.2340671039842348 0
1545 0.8063301346910579 1.190222280969752 0
1546 0.8033936091013993 1.170194047383994 0
1547 0.4664555831133172 1.409590636858316 0
1548 0.9044977123586111 1.694236992888484 0
1549 0.8927537091414 1.659349743621779 0
1550 0.9665355692087118 1.136228678433764 0
1551 1.874455696729576 0.6467058478848986 0
1552 1.043039507520489 0.9790901525034412 0
1553 1.034990317427872 0.9764084753555523 0
1554 1.468437780338673 0.1731828821442732 0
1555 0.9105847176178881 1.066039923361528 0
1556 0.8968817211825139 1.061945449131691 0
1557 0.9069497546920382 1.052009892737852 0
1558 0.8931334272960373 1.04809918273521 0
1559 1.369861617975721 0.202513777242498 0
1560 1.084873586791419 0.4424819836927103 0
1561 0.9345274784563408 1.442999189100002 0
1562 0.9162808933835234 1.462005062451104 0
1563 0.7065054103918966 1.149456580175031 0
1564 0.8052561407743325 0.4930280592212816 0
1565 1.072640552155769 0.7502474509538269 0
1566 1.068807950424499 0.7296464228006359 0
1567 1.084806159947598 0.7130313085131963 0
1568 1.303444516574571 0.4561315847233248 0
1569 1.306629683179839 0.4181544929313205 0
1570 1.523899058876361 0.9201805383997291 0
1571 0.6627710836467648 1.447202983281859 0
1572 0.6956563457622238 1.45669132230205 0
1573 0.6705268614538054 1.480763143202934 0
1574 0.7197109318985908 1.43243232499829 0
1575 0.7039561490299694 1.490352187992374 0
1576 0.6786380954812959 1.513989271959606 0
1577 1.008385043052011 0.5751463899900007 0
1578 0.1704973099168912 0.3671038068350404 0
1579 0.1266861609111979 0.3478075560721422 0
1580 0.1634660752045147 0.3193587374107734 0
1581 0.4802772696498276 1.007769716310559 0
1582 0.1523720764296085 0.4903481952738538 0
1583 0.8560857743421025 0.2603510113416159 0
1584 0.09653606988931862 1.294554973979368 0
1585 0.4619532255966585 0.1824650346212913 0
1586 0.4976470119004796 0.1535431262577986 0
1587 1.809828604551697 0.3744632587215346 0
1588 1.848954612277638 0.3522116654594523 0
1589 1.810396899941171 0.327485099302435 0
1590 1.849099097150569 0.303021704586372 0
1591 1.810979626839401 0.2796447678102094 0
1592 1.852126214742993 0.2548916128467342 0
1593 1.814474194759035 0.2315528381988405 0
1594 1.855088772023701 0.2085554474271831 0
1595 1.813686542357745 0.1835596955538811 0
1596 1.856475988604898 0.160162113038131 0
1597 1.7745546173519 0.2570306739842565 0
1598 0.7762698594980422 1.061607024438996 0
1599 0.7803185443885556 1.083834367880063 0
1600 1.687783899717133 0.5697280177547069 0
1601 0.6462589638148577 0.5436140350719254 0
1602 0.1456860687564868 0.651756874383147 0
1603 0.2801535545809744 0.7396300341543061 0
1604 1.844959672778878 0.4906530459072017 0
1605 1.144237913499017 0.8709439454282898 0
1606 0.4979302573550931 1.105705940584437 0
1607 0.2895846661497564 1.468936786245679 0
1608 0.2565158689874534 1.498238183715555 0
1609 0.2479270148678925 1.458057058189506 0
1610 0.2132060737032584 1.486480332494979 0
1611 0.2229611494537522 1.529139210094206 0
1612 0.1794273948308754 1.51485703584975 0
1613 0.1925725850111863 1.568740906172862 0
1614 0.1727915944242857 1.475274078696396 0
1615 0.1451370172665277 1.546773749333418 0
1616 0.1557696887977644 1.587255784348346 0
1617 0.2373418537397785 1.573186278193411 0
1618 0.7897831862283492 1.017692270846763 0
1619 0.378476224924273 1.162989752368961 0
1620 0.3477133458018427 1.186557889792969 0
1621 1.179142535549712 0.9630452481525913 0
1622 1.191315239728777 0.9548766431762898 0
1623 1.09403802509688 0.91271774589512 0
1624 1.336744226138485 0.8698139301771927 0
1625 1.318154104410748 0.8807649224918129 0
1626 0.8576734742517115 1.65141991931309 0
1627 0.8825531395216862 1.625705537976517 0
1628 1.815039121403954 0.1361326117296916 0
1629 0.8384491730243352 1.820240796152496 0
1630 0.8789674595925874 1.829462948961073 0
1631 0.8503847799931581 1.860288024288199 0
1632 0.8924230239995516 1.869897190567733 0
1633 0.9037025036367434 1.799012885098517 0
1634 1.239998171181933 0.4125235147464722 0
1635 1.154708476837871 0.9649386281360433 0
1636 1.399996951132479 0.6613402509444303 0
1637 1.515117818364511 0.7101078418191179 0
1638 0.9186588619685134 0.6153757685265663 0
1639 0.8918580822946389 0.6054220073286014 0
1640 0.8697772492711906 0.6232766616355199 0
1641 0.555042490517391 1.228652929938715 0
1642 0.4543668818695502 0.1366342632796741 0
1643 0.3553352685003957 0.5223384655536334 0
1644 0.3484411588155463 0.4795737436267921 0
1645 1.204688989751549 0.7192124685689161 0
1646 0.9714645420943621 0.4696494355316559 0
1647 0.9968930759475112 0.450712779951548 0
1648 0.7897866250774674 0.9162919784820294 0
1649 0.2875909438609349 1.871088580343378 0
1650 0.3255562968049863 1.836862402758085 0
1651 0.2476096509027935 1.910757623030362 0
1652 0.1302324888874842 1.732960721549849 0
1653 0.1657512288542791 1.701061027614427 0
1654 0.1204024744476631 1.685544746965447 0
1655 0.6777312161685829 1.268833661375429 0
1656 1.143436800165 0.4692753063256641 0
1657 1.301619014586219 0.9270379889280559 0
1658 1.30291959735061 0.9463555532769644 0
1659 1.89011161190948 0.2317874807626583 0
1660 1.347701537957806 0.7511773838114721 0
1661 1.37134151780567 0.7625035568457105 0
1662 0.964295791844519 1.122174914879608 0
1663 0.9279919878069464 1.119923370726467 0
1664 0.9124547462058541 1.115963468005813 0
1665 0.5115581588987683 1.17689407796632 0
1666 1.878654918353757 0.5568214859927949 0
1667 0.6409157989633909 1.62798468769915 0
1668 0.6675471189372675 1.601392289914852 0
1669 1.423398645676191 0.888342486016933 0
1670 1.424489613772602 0.9134825172673174 0
1671 1.40281223405544 0.926045560754582 0
1672 1.425244355798939 0.9382469023338689 0
1673 0.5294357170038483 1.252119313653027 0
1674 0.5354348085279593 1.286650629120197 0
1675 0.4919488111348846 1.071404639826301 0
1676 1.061075771587381 0.4949594802523373 0
1677 0.961239874474703 1.268291113951454 0
1678 0.644814253542568 1.505137389418367 0
1679 1.43519643213525 0.445430606692452 0
1680 0.903070237320696 1.037821944227535 0
1681 0.8893799421831315 1.034157402617972 0
1682 0.8993447591464961 1.023709222665347 0
1683 1.051859653638114 0.7420663083802864 0
1684 1.048043103440196 0.7209313235294292 0
1685 1.030142221227365 0.7330691089173043 0
1686 0.2327662961439929 0.9553409854618555 0
1687 0.8912226809354226 1.455315887952311 0
1688 0.8977732952572757 1.481614860295609 0
1689 0.9241189234415393 1.488500270973054 0
1690 0.9051603275880333 1.509714103221159 0
1691 1.884421690466137 0.469675018582093 0
1692 0.831979515837922 0.4723416000593962 0
1693 1.426353599998228 0.6751659122745628 0
1694 0.4936520966608663 0.71085273481023 0
1695 0.9245774321667438 1.329323837574379 0
1696 0.9449736652257364 1.334931832242502 0
1697 0.9036854123069271 1.323194944346259 0
1698 1.141708029847362 0.4369919951507599 0
1699 0.274716226652952 1.161165879212304 0
1700 1.010327324362638 0.9195660841410243 0
1701 1.465440910667121 0.1266478951090227 0
1702 0.9931968736534366 0.991493002330233 0
1703 1.021672388810913 0.9234577608141276 0
1704 1.207944970663634 0.7663331084478164 0
1705 1.548812530678734 0.9050151332857532 0
1706 1.139345274533948 0.1245789059904365 0
1707 0.9153899864798876 1.632376613409708 0
1708 0.9056896379003665 1.600540289105563 0
1709 0.8732731639028988 1.593246592957493 0
1710 0.8956971817306396 1.567964224515257 0
1711 1.056122871682427 0.896530547954092 0
1712 1.040743586651695 0.8909240959669836 0
1713 1.548768002113728 0.9326840959398447 0
1714 1.180962706353936 0.8701997061333296 0
1715 0.4889855831196132 0.359127989693679 0
1716 0.5229818952757411 0.3315263125817198 0
1717 0.4558734672788477 0.3870360386111314 0
1718 0.9693859920464978 1.149405128677857 0
1719 0.7839698741659705 1.883543476381037 0
1720 1.884613121980944 0.3750736902256473 0
1721 1.433997509689085 0.4083321635436474 0
1722 0.7138243680180534 1.523188563039363 0
1723 1.21106808060387 0.1187552881373651 0
1724 1.853759435159198 0.1134280555214215 0
1725 0.4192898605563297 1.737540457354847 0
1726 0.1130709479862834 0.6813051402402197 0
1727 0.1202117615613587 0.7269060698478356 0
1728 1.725020091530225 0.9068822805623685 0
1729 1.757177250834254 0.8882843818304255 0
1730 1.757811356522962 0.9257799595410958 0
1731 1.797076274102554 0.9050200998119743 0
1732 0.8532562994538468 0.5680098200656886 0
1733 0.1144929105760759 0.4714804563143763 0
1734 0.1191547236243868 0.5194840635403521 0
1735 0.3096265023567972 0.9059262902192932 0
1736 1.708103885140563 0.1237912355059955 0
1737 1.198828735554901 0.8783138500884621 0
1738 1.213819314312114 0.8671594879544761 0
1739 0.7310294994539428 1.284251431102022 0
1740 0.5964240744156437 0.7413056434101493 0
1741 1.264163052658667 0.8697235739919168 0
1742 0.7551334388195013 1.918160906199511 0
1743 0.4766035117913423 1.893207428937299 0
1744 0.6529004608237474 1.537812795066783 0
1745 0.6175798353659028 1.529617648187511 0
1746 0.7702847890830626 0.9104637617444546 0
1747 1.427519214788495 0.6452558082374219 0
1748 0.2339539837772442 1.145010496338843 0
1749 0.3515454194301382 1.599799598339045 0
1750 0.3093398485623604 1.585177354791334 0
1751 0.1194330914601144 0.3038380793645536 0
1752 0.1558470615081982 0.2724865052510779 0
1753 0.5329020886250997 0.7587289573264118 0
1754 0.9585828504474172 1.320130631449651 0
1755 0.1193492918827984 0.9565270746082641 0
1756 0.3881979963720654 0.4918670422296637 0
1757 0.383710770758148 0.4469739685815825 0
1758 0.9815368185723042 1.039020074917231 0
1759 0.9799181085980371 1.031466423757863 0
1760 0.1102923814268897 0.2553868995269273 0
1761 0.1453621612266932 0.2231469272459546 0
1762 0.1936721205550296 0.2415451129657362 0
1763 0.1847645146698816 0.194563884458187 0
1764 0.1370299797390979 0.1741643314173842 0
1765 0.176422928862299 0.1480545368778808 0
1766 0.1315166434681805 0.1269507438322579 0
1767 0.2296470192687969 0.2150313562921791 0
1768 1.362156028114932 0.9488079635676383 0
1769 0.08111103645661966 0.3342235981951236 0
1770 1.122202772313773 0.9737161261934362 0
1771 1.13191434453364 0.9670622944685217 0
1772 1.130818925687984 0.9551651134817463 0
1773 0.2023471415153386 1.883412932413486 0
1774 0.8493514396799109 0.9330728615593162 0
1775 0.8348121339995418 0.946205668137331 0
1776 0.8628951080619944 0.9206843259788285 0
1777 0.7136775306948052 1.33191079734231 0
1778 1.022682520723722 0.1026257421282222 0
1779 0.9791925352651158 0.1243545456542556 0
1780 1.062122151397639 0.08105695940732804 0
1781 1.14021535053076 0.6941118392303248 0
1782 1.158336925624874 0.6796334520379125 0
1783 1.316286472842498 0.5238113606589676 0
1784 0.8773244436163081 1.505282174651277 0
1785 1.917437932911684 0.5811010761703388 0
1786 0.9323776212000817 1.515822295053476 0
1787 0.9642837553675243 1.033914605257998 0
1788 0.7824783749990352 0.872249326623118 0
1789 0.7991312039493983 0.8566795249530378 0
1790 0.6264557238501812 1.562732884425362 0
1791 1.328337362791992 0.2251842237864133 0
1792 0.9623830246022365 0.2275476359068405 0
1793 0.3706893432968884 0.1001694099499488 0
1794 0.1114824818235189 0.9117791927475372 0
1795 0.1450363053439941 0.8793061108202114 0
1796 0.9610195904503752 0.7274693125558606 0
1797 0.9148176446561951 0.4408631761961119 0
1798 0.985266268271541 0.9990230649409226 0
1799 1.190097694769082 0.5542932892060823 0
1800 0.8857928285575603 1.020208270846152 0
1801 0.1078988241378082 1.340562322781434 0
1802 0.1506540164577788 1.355126129316077 0
1803 0.1178654620122213 1.386338702502102 0
1804 1.067904235380428 0.979942440244721 0
1805 1.075246057762131 0.9746858739007289 0
1806 1.0742917797899 0.9651952088934773 0
1807 1.060534911501422 0.9859160826220298 0
1808 1.189821776050003 0.778999210595292 0
1809 1.28204233578444 0.878484405563014 0
1810 1.055925605062804 0.5983656010778308 0
1811 0.9981336700800376 0.9160089228004611 0
1812 0.3337378230819003 1.885697531870088 0
1813 0.9763106561259804 1.103079987305002 0
1814 1.703167510739158 0.2199698307239397 0
1815 1.662520267738194 0.2423143959553847 0
1816 0.8644475630763406 1.561370942091522 0
1817 0.9147502098491413 1.730775387296375 0
1818 0.4302464309311514 1.080258877780516 0
1819 1.692048134230927 0.9257586110735855 0
1820 0.7725966111639218 0.5604324985030579 0
1821 0.9122015849692269 0.5879581978587149 0
1822 0.9524552595093717 1.424559390062807 0
1823 0.9263355998310061 1.575340101640176 0
1824 0.8909411355862545 1.086160122220363 0
1825 0.8930938642847448 1.101197809467383 0
1826 1.501942706874229 0.4911778159687491 0
1827 0.336776491830227 0.6381227030161976 0
1828 1.07470110408424 0.8249309567220883 0
1829 1.089069088134476 0.8130940301345448 0
1830 0.5797251429836705 1.635820334881552 0
1831 0.966821773732678 0.2664274043885427 0
1832 0.6785641689618507 1.783000259857063 0
1833 1.122657089143758 0.7088701746481405 0
1834 0.6477906810766563 1.812989941564913 0
1835 0.6596586337977068 1.85560287811582 0
1836 0.1606140717070237 1.398954035446725 0
1837 1.431901531699093 0.5143869494960036 0
1838 1.575498950630628 0.5319400593914636 0
1839 1.609366096954095 0.5536020525637658 0
1840 1.277161500671806 0.7584236859073048 0
1841 0.9510886588423617 1.119554439016046 0
1842 1.634011671249175 0.923498443063817 0
1843 1.54371236427105 0.7193493864101392 0
1844 1.544838850398455 0.752413557494648 0
1845 0.3634833596901416 0.5621281818185668 0
1846 0.4879402333539176 0.104797385261606 0
1847 0.5358654623828232 0.1254674062424451 0
1848 1.689084285994686 0.8221074110908945 0
1849 1.661174453420446 0.8071057134747822 0
1850 0.909283995555685 1.249916048287349 0
1851 0.3792841861636678 1.535231985825015 0
1852 1.501458985866018 0.09223573759392778 0
1853 0.2894211180205625 0.1156079972511781 0
1854 0.253835022885568 0.1429895652227733 0
1855 1.244757835937657 0.6606074573261174 0
1856 1.027037069000587 0.4577241837840983 0
1857 1.000008912673445 0.9906512040224715 0
1858 1.006456564452364 0.9902118428664956 0
1859 0.8642253163107617 1.902252771120265 0
1860 1.367897367416336 0.1130940156123248 0
1861 1.206736963917648 0.3974852969072991 0
1862 0.9804051630990605 1.085161159904545 0
1863 0.9774531767297262 1.076720918380462 0
1864 0.9682578165244276 0.440723540006483 0
1865 1.760072563159687 0.6146799315389825 0
1866 1.19272969390366 0.9685742048925804 0
1867 1.204753342867435 0.9610340121005112 0
1868 0.4961834445435682 0.4025213269643169 0
1869 0.8209361353016331 1.158731233722421 0
1870 0.8009159815354731 1.147531136156503 0
1871 1.020183113486136 0.9112667630292748 0
1872 1.031406910510616 0.9152916053344595 0
1873 0.9834692289380279 1.005580482210373 0
1874 0.1049305628717858 0.8652437561759632 0
1875 1.897736008944064 0.1347220581097316 0
1876 0.8163608353713292 0.9413189522049611 0
1877 0.2499794279792168 0.08931465372244074 0
1878 0.8826840591269876 1.058271019202487 0
1879 0.9783495844352116 1.140992984448937 0
1880 1.01969104269704 0.4219414447817713 0
1881 1.003375631238777 0.7224896355620145 0
1882 0.08858765462890794 1.76257883486497 0
1883 1.744455147903803 0.1917107203472861 0
1884 1.02500671427708 0.7094663305886721 0
1885 0.1261707021835217 1.428000688046502 0
1886 0.9873192006604432 1.010836896253077 0
1887 0.9813151156947832 1.012182281780247 0
1888 0.9856772712999233 1.017444824579274 0
1889 0.979107476517814 1.018770082107433 0
1890 0.1436488992382804 0.8288439118887698 0
1891 0.0941966620601542 0.8176398427962251 0
1892 0.9836294375586182 1.046167388956152 0
1893 1.036776508866112 0.9839252062135536 0
1894 1.02908227525709 0.9817050902331589 0
1895 1.027242878446911 0.9741009045003689 0
1896 1.021358577828245 0.9794912212495824 0
1897 0.3435783181604855 0.8810657566095201 0
1898 1.645921346688175 0.4964748055548793 0
1899 1.3373058561516 0.3958308222988589 0
1900 0.1129230099500843 1.58654610652857 0
1901 0.09943584087641422 1.529562966902818 0
1902 1.344488156788454 0.9634013903377219 0
1903 1.29776358816583 0.9076366774473656 0
1904 1.021993591620636 0.6864654962394566 0
1905 1.787661160764929 0.9415311917406566 0
1906 0.8435032431849608 1.584739328624889 0
1907 1.246173593623471 0.8622289054200446 0
1908 1.178916619714538 0.4884805667105659 0
1909 0.7093931525291932 1.913389443531927 0
1910 1.452146123410466 0.6612755263540238 0
1911 1.785532986704627 0.8695004595289892 0
1912 1.00101109715235 0.2435664296816477 0
1913 0.7620123973857651 0.09349440502276873 0
1914 0.7206874217554162 0.1210025944118887 0
1915 0.7987286597975507 0.07449874956248381 0
1916 0.154910840204502 1.656267606688694 0
1917 0.1097636899775818 1.63824635150121 0
1918 0.07639159987510968 1.677067780621648 0
1919 0.2690129156501544 1.610008110878014 0
1920 0.1020819675123931 0.636362994906066 0
1921 1.315951731568444 0.857996938988302 0
1922 1.247105365903565 0.6859708081309616 0
1923 0.9572706483987732 0.1899466156857104 0
1924 1.003719546437779 0.9753396018598104 0
1925 0.08233720244534781 1.407985721846032 0
1926 1.003896031738683 0.2789954071101349 0
1927 1.039274106812031 0.25909673103296 0
1928 1.180708058755224 0.6882657929505589 0
1929 1.044798720281012 0.9873474252793717 0
1930 0.7981799955465347 1.069854594715001 0
1931 0.8016246547184327 1.090707886521712 0
1932 1.404607991315979 0.9516146356623771 0
1933 1.42617926208474 0.9628434585642621 0
1934 1.444574598215751 0.9511376547375306 0
1935 0.2854815992912242 0.9303071013353668 0
1936 0.9519347677170191 1.495082849842568 0
1937 1.27072659325148 0.4346582606447679 0
1938 1.279570483898837 0.3992984491239637 0
1939 1.047683748628452 0.6963472961604921 0
1940 1.381930144114607 0.9606732025020598 0
1941 0.8676776683526324 0.9400286720751454 0
1942 1.280098730206728 0.8548852146774086 0
1943 1.462735473211294 0.4957426587846454 0
1944 0.5233898005352005 0.7939619776749278 0
1945 0.4985520558016158 0.818645712019255 0
1946 0.7757740449202399 1.03645749694205 0
1947 1.031170890140702 0.9894440470288312 0
1948 0.4028809727437679 1.799077136563589 0
1949 0.5221482612727707 1.216571774321284 0
1950 0.8447486480225632 0.08562275660935181 0
1951 1.259312251844846 0.7734728810924958 0
1952 1.018339099328073 0.9634097901771096 0
1953 0.8960557792677991 1.009983118997213 0
1954 0.9093218384074604 1.013927510981693 0
1955 0.9061592863760581 1.000501352681838 0
1956 0.7853803869648177 1.104870158031192 0
1957 0.8062536166088697 1.110401538770574 0
1958 0.9689487562602377 1.287545114135057 0
1959 0.7840429635763418 1.16169212501129 0
1960 1.468056323670789 0.4267111465778528 0
1961 0.896203449602661 0.9877421659775389 0
1962 0.9593117831801909 1.449061964069621 0
1963 0.78960194177289 0.6861410390140454 0
1964 0.8134033561760148 0.6670382315040743 0
1965 0.4630872192925934 1.74870350020828 0
1966 0.4911929061441866 1.721474114272773 0
1967 0.4018086024154711 1.10364371935674 0
1968 1.226765410655429 0.728737858399386 0
1969 0.5500851072468804 1.663807505670194 0
1970 1.57280076516942 0.5719391858652101 0
1971 1.41004408319202 0.1786169258101612 0
1972 1.404462719455329 0.223619958288521 0
1973 0.2246880160955717 0.9078870400285798 0
1974 0.9795675797040988 1.273478340990243 0
1975 1.604043460163582 0.9422974954339318 0
1976 0.75094141217841 1.266344589313699 0
1977 0.7765697449205051 1.27562469188547 0
1978 1.0380492983007 0.9603470453426022 0
1979 1.828244760365382 0.671621697798592 0
1980 1.540060198222903 0.6875364209815951 0
1981 0.8793979444774187 1.09736092227074 0
1982 0.8851273708279074 1.534973995312427 0
1983 0.8562426656315807 1.530410531460611 0
1984 0.7673767099654988 0.7050531229213989 0
1985 0.7393106885484868 0.6938238990660399 0
1986 0.7453813318994902 0.7238266214710456 0
1987 0.7163464321065749 0.7126598677834757 0
1988 1.584514220194527 0.1001169219016056 0
1989 1.626345914883784 0.07601809190627251 0
1990 0.9072886555386244 0.9766105943181708 0
1991 0.9205071170765393 0.9803024781519322 0
1992 0.9299933820639521 0.9718262453929871 0
1993 0.9324664659016505 0.9843060487376381 0
1994 0.9412824005561452 0.9759413577268128 0
1995 0.9394311995651419 0.9647647751773957 0
1996 0.9501166691241424 0.9685250542872565 0
1997 0.9234292164314313 0.9926362661867263 0
1998 0.9483355227431004 0.9573950887482886 0
1999 0.9585864779267292 0.9618021296834068 0
2000 0.9666833797571772 1.342881875029959 0
2001 0.7712040133101643 1.249848794995549 0
2002 0.7695305547943151 1.222386691896515 0
2003 0.7984417674657041 1.25686531705484 0
2004 0.8056659945070476 1.284995673054016 0
2005 0.9359226477782081 0.7202240539407796 0
2006 0.9413106338496887 0.7410887168770861 0
2007 0.9609435317761679 0.9736951182469601 0
2008 0.965399952029934 1.069172502352224 0
2009 0.737927941375957 1.499966179426874 0
2010 0.7833742745937478 1.20058701654137 0
2011 0.8213953866201439 0.9586033572854621 0
2012 0.8364439595003377 0.964533786805065 0
2013 0.7948173912264789 0.9381399722183162 0
2014 1.003788121307985 0.9839331430650473 0
2015 1.010722336394371 0.9854667893951422 0
2016 0.8611591433713436 1.021822902790097 0
2017 1.069842335537372 0.9022205332671436 0
2018 1.082404024258731 0.8932009923633983 0
2019 0.987825198428928 1.033100921463138 0
2020 0.9854098372926909 1.025791691021099 0
2021 0.9795606200774112 1.054090697595737 0
2022 0.9814224493918811 1.063294595814177 0
2023 0.9867184651468595 1.058258492293306 0
2024 1.648756251031686 0.5573857622178527 0
2025 1.135045675666779 0.673000607949789 0
2026 0.7799730719239859 0.5151379508963696 0
2027 0.7720576551596185 0.4815441807069707 0
2028 1.05196718423191 0.9817887490930497 0
2029 0.4583026533730132 0.4316549442584045 0
2030 0.4190862937947428 0.4161358953417508 0
2031 0.9626417938596594 0.9310031930840894 0
2032 0.9648341414411091 0.9437430667026967 0
2033 0.9749052552818764 0.9374488355841851 0
2034 0.9756803729317995 0.9489383241811313 0
2035 0.9696901524822101 1.11147046412103 0
2036 0.9812416794259446 1.11305322692951 0
2037 1.065989308050711 0.9500719675619909 0
2038 1.239961616620318 0.7625478246510135 0
2039 0.9747510843594107 1.128879160508907 0
2040 0.9233486131904884 0.8462559984337764 0
2041 0.9417304557033453 0.8522665838789349 0
2042 0.9562364852928786 0.8399280461117213 0
2043 0.9598765234494167 0.8583914668756186 0
2044 0.9448316935181256 0.8691250989348289 0
2045 0.9271084750490035 0.8646993788113979 0
2046 0.9131488483133846 0.8782018698987527 0
2047 0.9307556614570763 0.8813600055144371 0
2048 0.9204991026463745 0.8975607872060719 0
2049 0.9015934589802169 0.8939021567294738 0
2050 0.8939279347369999 0.8759974199303798 0
2051 0.8861173618187398 0.9039040034997499 0
2052 0.9738646831768238 0.8473925586515165 0
2053 0.9706481270751572 0.8285289166558094 0
2054 0.9874266345981735 0.8365489806608303 0
2055 0.8713270888033116 1.007317630990132 0
2056 0.9207777638862273 1.540951476091972 0
2057 0.9474844076220629 1.554157248006479 0
2058 1.012518021998611 0.9784875785596292 0
2059 0.4934316402271384 1.240493481324391 0
2060 1.167659607652086 0.9701637099958592 0
2061 0.7037403902848361 1.610011989342713 0
2062 0.6953000406268037 1.576080533933515 0
2063 0.8597962874028466 0.9008290306907635 0
2064 1.205368034331593 0.9753423952467908 0
2065 1.218208358503481 0.9676473526154773 0
2066 1.21792805509783 0.9525274854603178 0
2067 1.231901881840486 0.9605420269753753 0
2068 1.232190427017611 0.9765564691401977 0
2069 1.245625244703769 0.9686818549379969 0
2070 1.260112522433246 0.9744181514146826 0
2071 1.246620781933835 0.9521267589872238 0
2072 1.399523072584621 0.3887770001214545 0
2073 1.160928627536674 0.8641469313212781 0
2074 0.8898619216778281 0.7294498652827878 0
2075 0.8930117516460924 0.7547479069830128 0
2076 0.8734403978184738 0.7706188912621426 0
2077 0.8941410405145052 0.7771889546601483 0
2078 0.9159618227339196 0.7383786053670256 0
2079 0.8492458770748681 0.7630552988764933 0
2080 0.8531013743761192 0.7872200773612187 0
2081 0.8339822591138785 0.804514554213174 0
2082 0.9205792101408701 1.055637320691861 0
2083 0.9157917847842459 1.040538377104371 0
2084 1.650040037629085 0.457272196903428 0
2085 1.956345658497852 0.7780385103801378 0
2086 1.956639651718893 0.7271917910993334 0
2087 1.914304308232319 0.7000716363437034 0
2088 1.224396739090395 0.7025150947181508 0
2089 0.3186769540479475 0.946050385676283 0
2090 0.8091913793842583 0.7970554177348825 0
2091 0.8143665798041354 0.8203164913986251 0
2092 0.06749576524031453 1.330596838007971 0
2093 0.04580635258253074 1.28153201355659 0
2094 0.8387203309738825 0.8284967053774104 0
2095 0.3309050823140957 0.5922895583056805 0
2096 0.8856791206592511 1.147795522582567 0
2097 0.8985060359159609 1.135052153010015 0
2098 0.8955655083539071 1.118140130768844 0
2099 1.150778342674673 0.936270920114802 0
2100 1.134969881596347 0.9317743692394219 0
2101 0.7352776270390077 0.4721445947169681 0
2102 0.7626085323117946 0.4465067440406429 0
2103 0.9351426329840627 0.2863578847647146 0
2104 0.4443762090042072 1.328001938198374 0
2105 0.4805702822745869 1.339381850943183 0
2106 0.5078946866487845 1.312690993192688 0
2107 0.5166104390737255 1.345567576198348 0
2108 0.490500118253358 1.373045958305972 0
2109 0.908507118726942 1.345402867571428 0
2110 0.8855205197818469 1.338008137233565 0
2111 0.8830051346254799 1.315407872935719 0
2112 0.8659666970582844 1.354427932336759 0
2113 1.041546325819977 0.6692178408087083 0
2114 1.113117260641285 0.9812322099051691 0
2115 1.102435963461794 0.9755204402678682 0
2116 1.093942884212821 0.9826414061710198 0
2117 0.3736498511452673 1.828230243180369 0
2118 0.3810965976753561 1.875496636286389 0
2119 0.589366930381829 1.555031287664727 0
2120 0.5825919212632357 1.521523004400446 0
2121 1.076824641731206 0.9844192472649325 0
2122 1.023662235332848 0.9869316043663908 0
2123 1.018628430683777 0.9913959699056974 0
2124 1.916262212482271 0.8996072862922007 0
2125 1.914090914515043 0.945419415189157 0
2126 1.870608212281729 0.9268141743972539 0
2127 1.876297403314622 0.8776939719450603 0
2128 1.838479018754594 0.9003937520238826 0
2129 0.9367538617809625 0.8963908976674035 0
2130 0.644661074624584 1.11834724825661 0
2131 0.6723985735986109 1.127513994676988 0
2132 0.6663969746720555 1.099452378434893 0
2133 0.6646419982763306 1.070398094452308 0
2134 0.6346868518508209 1.059265041748205 0
2135 0.6571185387405667 1.037712866396448 0
2136 0.9445419960660844 1.399395378990874 0
2137 0.962793126549395 1.387144034229109 0
2138 0.6279184151431348 1.028156991072535 0
2139 0.6776729920104997 1.014642666615357 0
2140 0.6882583539670333 1.045001303177491 0
2141 0.7043270741234924 1.01946970826261 0
2142 1.687319325408466 0.4815479454358809 0
2143 0.6576637895430717 1.178685384318172 0
2144 0.6861523275849566 1.189691856452838 0
2145 1.133942420315737 0.9799987481472864 0
2146 1.324517562977584 0.7384597950912861 0
2147 1.029976773469433 0.901517815843162 0
2148 1.037336233236683 0.8747726603745536 0
2149 1.089554978381857 0.6837593591724052 0
2150 0.6785461211518453 1.158077644404178 0
2151 1.096474858741216 0.8675995394004009 0
2152 1.159729175111025 0.8431735405133712 0
2153 0.7936099280344953 1.047794400131607 0
2154 1.02357890838691 0.8870183730341044 0
2155 1.23072949097909 0.3822643238984886 0
2156 1.382035421362114 0.9379088663338608 0
2157 1.174452689471359 0.6498613503448214 0
2158 0.8818205179338875 0.430109565454498 0
2159 1.73010864959079 0.7831984522528028 0
2160 1.722296151405873 0.8259477028593505 0
2161 1.296790026321018 0.634338280350602 0
2162 1.271511749256848 0.6494321197126101 0
2163 0.2412874258364075 1.188056558293092 0
2164 1.661609493024537 0.7442979040434956 0
2165 1.6269060677187 0.7278305343441024 0
2166 1.597178040540196 0.7454692164214506 0
2167 1.629738255853066 0.7612293059929468 0
2168 0.9863675234571759 0.7377113264505212 0
2169 0.7445888231868638 0.8521597182875994 0
2170 0.7463637495761317 0.8797307978315474 0
2171 0.7297454921096876 0.8970228189403405 0
2172 0.7036913070561177 0.888603482688479 0
2173 0.7112530997205573 0.920239543819767 0
2174 0.7376590053668017 0.9221092303516054 0
2175 0.9894443331127566 1.065736584528298 0
2176 0.5049106197834351 1.142016479019547 0
2177 0.5402945577670238 1.153717672477474 0
2178 0.9496735895681202 1.353262121651318 0
2179 0.782695484874248 1.303443502582316 0
2180 1.144357914037523 0.9718995584276187 0
2181 0.8966951603881597 0.2727600507681525 0
2182 1.334116180527801 0.8437373227277537 0
2183 0.2879624517513421 0.7818220355846416 0
2184 0.3248689464812763 0.7963735277055355 0
2185 0.3201039502214615 0.7557306559003781 0
2186 0.3201110502979753 0.7127420033824469 0
2187 0.3319442610831395 0.8380398599383754 0
2188 0.3660322200078225 0.8100867813974382 0
2189 1.799452512264995 0.835117239658589 0
2190 1.184892666026288 0.8891414706268297 0
2191 0.9386868885108395 1.181594734080135 0
2192 0.9539513622651918 1.184863611035931 0
2193 0.9643058824621529 1.173608847230247 0
2194 0.9680121778508397 1.187737269213156 0
2195 0.9786890678742647 1.178356324179568 0
2196 0.9592921465787183 1.198470385441181 0
2197 0.9724078510403528 1.201204767734873 0
2198 0.9732457430521509 1.163590780460613 0
2199 0.9599705021796368 1.159641427386139 0
2200 0.9646577230714627 1.213540002726188 0
2201 0.9599123442478928 1.229739742352814 0
2202 0.9872357285454283 1.165587290954798 0
2203 0.9425977884950762 1.198244595647623 0
2204 1.323489571870381 0.9518158958394763 0
2205 1.324796635836999 0.9702730604707668 0
2206 0.9293052244864706 1.135606013867031 0
2207 0.9660972534798311 1.012445072676729 0
2208 0.9706215729734216 1.020675600841953 0
2209 1.044115396941308 0.9082653143703788 0
2210 0.6557552370152173 1.292065100911397 0
2211 0.6877589645273343 1.304611132907638 0
2212 1.499153378153514 0.9347826481711923 0
2213 1.476724511738774 0.9494700033750669 0
2214 1.500239288176078 0.9614868811225384 0
2215 0.170581282071313 0.09783631471818133 0
2216 0.1266307250443514 0.08011945291465039 0
2217 0.08577103388389717 0.1098418622524289 0
2218 0.81669736711064 0.2439943538435884 0
2219 0.8225810172533048 0.2861098981502449 0
2220 0.7841856724120027 0.2701923592939307 0
2221 1.541118317643673 0.5105475842600053 0
2222 1.4709505392537 0.8628011081714235 0
2223 0.8722780080403503 1.951253024999235 0
2224 0.6702492833143311 1.358143499900711 0
2225 0.7034263894558198 1.367112373939044 0
2226 0.7109061045004323 1.401879781056134 0
2227 0.7426529032068784 1.410424697023685 0
2228 0.7579401917343992 1.441956234125523 0
2229 0.7737375018422896 1.416467588700923 0
2230 0.7294768511036511 1.466275452953887 0
2231 0.7632178014150265 1.476822415635709 0
2232 0.2717254641297159 0.696566731845047 0
2233 0.3437164841670115 0.6830706171526272 0
2234 0.8720508495198894 1.231134706426569 0
2235 0.9559363165285538 1.248019025620938 0
2236 0.925014880262738 1.665420435475907 0
2237 0.67443692305168 0.6762983929514521 0
2238 0.6843180399319444 0.7105940817371911 0
2239 0.6545128938990551 0.7308188246061404 0
2240 0.6834207024770458 0.7447212957923847 0
2241 0.6595275775542416 0.7617697286406702 0
2242 0.6294080215860154 0.7505585465171205 0
2243 0.6861761961640511 0.7752196741375319 0
2244 0.7892721469577009 0.8135510610309501 0
2245 1.286303431714114 0.9561385000432931 0
2246 0.8229802777141726 1.095541746349496 0
2247 1.070286130438024 0.6963492410780776 0
2248 0.9416314488293465 1.604045970556254 0
2249 0.4571698216573461 1.227677396113476 0
2250 1.29157952905009 0.204181616678268 0
2251 0.8099860820939973 0.6356901137009952 0
2252 0.8394643697503262 0.6192673349550546 0
2253 0.8924965753258903 1.237110115238014 0
2254 0.9655342269849689 1.796039211620837 0
2255 0.7509828850960132 1.029218343672081 0
2256 0.04265109757595109 0.6786865167589122 0
2257 0.6735298626113639 0.04217620631562924 0
2258 0.6496310498383716 0.08443410636207149 0
2259 0.6022126638958563 0.08529954476581358 0
2260 0.6266040461730806 0.1259389283010389 0
2261 0.5773680108642367 0.04316427667279554 0
2262 0.98337336610293 1.094844931873194 0
2263 0.9892071466551401 1.08225327972946 0
2264 1.724195871768079 0.59180727809248 0
2265 1.688438326071485 0.6099716489185768 0
2266 0.03985884078000868 0.9248120150586112 0
2267 0.9242847574832218 0.04249659268556194 0
2268 0.8990329775125175 0.08335263327880571 0
2269 0.949293824275378 0.08479428685198054 0
2270 0.9223760603292663 0.1246775714842755 0
2271 1.116134739072722 0.7864083177015202 0
2272 0.6023420222687776 0.4951431799068621 0
2273 0.6085598152125615 0.5322294478071548 0
2274 0.5776061906747805 0.5576061132464774 0
2275 0.5412961036236487 0.544875812825711 0
2276 0.5479846941409755 0.5829772931374351 0
2277 0.5843049731318697 0.5953721571465451 0
2278 0.6337533738011432 0.4698835229878639 0
2279 1.505529566054919 0.4114524649814221 0
2280 1.505104648738043 0.3690141305179893 0
2281 0.5219565576305498 1.905740069162395 0
2282 0.5241210918761031 1.082338797692601 0
2283 0.5094945438572978 0.5705637049043129 0
2284 0.5147172277520657 0.6101699716737813 0
2285 0.4832486128792787 0.6346273388688408 0
2286 0.8665316998968747 1.210240684093114 0
2287 0.7261599175051656 0.6334325783718748 0
2288 1.447785575269932 0.9782528738298204 0
2289 1.063427145555766 0.2191850075573835 0
2290 0.04286042769753873 1.174714099614749 0
2291 0.08416892254735964 1.149154221165746 0
2292 0.08247281331645784 1.101849439598712 0
2293 0.1227544889273814 1.12078167553654 0
2294 0.04324543076838427 1.076702568737449 0
2295 0.08295023620575415 1.055059571831552 0
2296 0.08406949534154706 1.197238689095678 0
2297 0.04351196005304081 1.027328975781827 0
2298 0.08861202097018828 1.001667233792601 0
2299 1.174982419027863 0.03961610055459752 0
2300 1.375413463155772 0.6168955672875692 0
2301 0.72797421096064 1.957810641153322 0
2302 0.6604036776069546 1.904182227191399 0
2303 0.6220875006963842 1.952788507667535 0
2304 0.6122704097114815 1.903029212064361 0
2305 0.5846152986646481 1.929994748226134 0
2306 0.9781819411983165 1.325344612893919 0
2307 0.927967244785538 0.9582708427216488 0
2308 0.9722461366194012 0.8086553579242877 0
2309 0.8806593541947415 1.274190962675632 0
2310 0.04287968216845217 0.5757302118718366 0
2311 0.9087047373572432 1.915197221224611 0
2312 0.9359523162630082 1.879611914738863 0
2313 1.28129332836524 0.9869597499112978 0
2314 1.433032903699183 0.3676993583421052 0
2315 0.06715037053226902 1.620120522573191 0
2316 0.2423556716001102 0.9987299643495314 0
2317 0.9984922487459508 0.6735146035682515 0
2318 0.4238529906520339 1.397885529736747 0
2319 1.176844446276941 0.9891983889248953 0
2320 0.7251162824163331 1.255933975393431 0
2321 0.8308873547549431 1.67796725748728 0
2322 0.8198312179576569 1.637649162521438 0
2323 0.803225000358456 1.705506304725001 0
2324 0.9029620768106502 1.154363116901282 0
2325 1.075254940427195 0.7709838279669871 0
2326 1.078653636345877 0.7926963824743354 0
2327 0.443518072074009 0.08760786736459802 0
2328 0.335384742799293 0.3886911006109013 0
2329 0.3781054784548051 0.4033378813417708 0
2330 1.065596131130877 0.9933481021234674 0
2331 0.1986882911022828 1.168669141917162 0
2332 0.4724947575107158 1.960446825863219 0
2333 1.959422111920052 0.4740277548298946 0
2334 0.8662544384470814 1.056201383940738 0
2335 1.625233335133041 0.2187607460521085 0
2336 0.8906780724056884 1.362379221947999 0
2337 1.084428001905614 0.9781156025157549 0
2338 1.143887810772582 0.2532026559767351 0
2339 1.253259261606062 0.2265379999951196 0
2340 0.9548076749298506 1.028416978838674 0
2341 0.673439901023589 0.1241951708364473 0
2342 1.369698999552893 0.7354194219642892 0
2343 0.5683303153001676 0.7656987801707063 0
2344 0.5018856749388619 0.8497168088556643 0
2345 1.011791046203276 0.8174112634460211 0
2346 0.458210361913061 1.056971275092883 0
2347 1.794833296884837 0.6382832714264371 0
2348 0.5170395659585585 0.2882608328722727 0
2349 0.5579194583791529 0.3042027281547384 0
2350 0.5638154134335526 0.3482061613298284 0
2351 0.6003906887873313 0.3186967997165387 0
2352 0.2010035979475915 1.669446522695724 0
2353 1.426998051579405 0.04156891558175602 0
2354 1.758830225870753 0.9682599651396944 0
2355 0.9677368577973626 1.759281416640505 0
2356 1.952259596458539 0.621085158234864 0
2357 0.04288099257890943 0.7742720578256547 0
2358 0.04526516718524809 0.8228235148952971 0
2359 0.09219149780480118 0.767968525502536 0
2360 1.689083757456534 0.9645116468331738 0
2361 0.9723201687622578 1.686219476185566 0
2362 1.617639452364443 0.9734001887932023 0
2363 0.9722365947924764 1.619581667921933 0
2364 0.500653623112622 1.276671268335775 0
2365 0.7929158681560629 1.221998691135926 0
2366 1.02512771526001 0.04960919465059932 0
2367 0.8636938980977144 0.3016533156963342 0
2368 0.1798049506856103 0.8494711835348215 0
2369 1.054190983134918 0.762302805489092 0
2370 0.8147525229640773 0.6994629241692236 0
2371 0.2889154660016157 0.5790131379991232 0
2372 0.941091549060228 1.127558951377619 0
2373 1.557981478507794 0.9753595098412625 0
2374 1.615741004665469 0.3922553274984255 0
2375 1.433570844051181 0.7336740176257248 0
2376 1.410917426889121 0.7526610888375862 0
2377 1.416244149017297 0.7818026947080112 0
2378 0.9737319478387753 1.225139114865729 0
2379 1.273832750096013 0.0410974258809248 0
2380 1.25 0.08535041169919211 0
2381 1.326396945474957 0.04646357215477737 0
2382 0.4064149559587519 0.3290587564841119 0
2383 0.7204250745371458 1.001226559543302 0
2384 0.3418204627719189 0.435662293485216 0
2385 0.1940696902907526 1.369169188106635 0
2386 0.2016739803277543 1.409412663551252 0
2387 0.2352773718884308 1.379074512207733 0
2388 0.7625279643470517 1.099969484213743 0
2389 0.04052284574126941 0.4743141229455317 0
2390 0.4793531244034782 0.05118684693259135 0
2391 1.298852242269288 0.664253741593234 0
2392 0.7489209125906047 1.532912491226078 0
2393 1.32233889291484 0.9300050534987426 0
2394 0.9970316523396997 0.9475041777656333 0
2395 0.4583142107810677 0.6983023005910685 0
2396 0.4642587585032792 0.736975861348046 0
2397 0.4973751531287234 0.7467352306508233 0
2398 0.9766539060186419 1.425279862288996 0
2399 0.1834262872504343 0.8945890205666811 0
2400 1.770924582536587 0.3033925515633981 0
2401 0.9288613885109727 0.4075849433360531 0
2402 0.8581572925229047 0.8091500746309214 0
2403 0.1874798411772745 1.621183626460291 0
2404 1.304989446378879 0.9664769473954445 0
2405 0.7240632651124876 0.7419560910686543 0
2406 0.9783726936685196 1.000046812647398 0
2407 0.9913069704642343 0.3979155716896007 0
2408 1.053741098816832 0.3962351952381066 0
2409 0.04647626174320107 1.528007066534386 0
2410 1.525067301697591 0.04326241353600091 0
2411 0.3760478554943948 1.958861330575061 0
2412 1.95954951033492 0.3740969866886309 0
2413 0.9315589060161767 0.6951890998446909 0
2414 0.5932965690441447 0.2758721175119355 0
2415 0.6432282942726411 0.3319527503359467 0
2416 0.6746817889782027 0.3064332092002769 0
2417 0.9862133097698124 1.232770335942103 0
2418 0.2669060888120479 1.348903953151994 0
2419 0.9862739598052249 1.202723614732101 0
2420 0.2009144984206657 0.2895007580736683 0
2421 1.164107937210062 0.9898924328441252 0
2422 0.9898451321011148 1.14063916793922 0
2423 1.140784031087056 0.9907481040106101 0
2424 1.078319570810167 0.9544320519492944 0
2425 1.119436890195387 0.991531254284557 0
2426 0.9912426834263723 1.119130447719701 0
2427 1.017059280873129 0.9851410811146448 0
2428 1.099898976366469 0.9922480297286381 0
2429 0.9920979400612622 1.09999388567423 0
2430 0.9565788226806634 1.039893327000598 0
2431 1.08201695339345 0.9929040575157986 0
2432 1.057995297902347 0.993785158524944 0
2433 0.9943728844614221 1.043420485504693 0
2434 1.043202059374913 0.9942580843865554 0
2435 0.8910809582294966 1.759932047642788 0
2436 0.9947176747504617 1.030674825802761 0
2437 1.584242112205241 0.239655067970457 0
2438 0.5449088571660651 1.191387909555526 0
2439 0.9952665742014625 1.018665962161032 0
2440 1.109618636801538 0.9450880913138144 0
2441 0.3365397135356023 1.107527165447688 0
2442 0.7908859417251503 1.126820831051974 0
2443 1.901314683853579 0.08520782973392405 0
2444 1.949485409721752 0.1154534678220622 0
2445 0.3945047241465979 1.04757566530081 0
2446 1.081938855352313 0.8775987227238224 0
2447 1.318739506751852 0.555963512575079 0
2448 1.291147383794319 0.5437556085009798 0
2449 0.9531399926054689 1.300306360362584 0
2450 0.4817728546568249 1.679222371515405 0
2451 0.04879796060293184 0.371303620697926 0
2452 0.3715427234452141 0.05032595363665815 0
2453 0.3214152998630381 0.04305542987910727 0
2454 1.156895450689984 0.9784302918474771 0
2455 1.116391981430713 0.3905139493462454 0
2456 0.2251559477582297 0.04289446555565046 0
2457 0.2746075905416006 1.957070944096591 0
2458 0.2251115380253835 1.956763126319759 0
2459 1.958528038006717 0.2763833153155086 0
2460 1.921158605685752 0.3006290653465469 0
2461 1.959602985644645 0.2304997683613415 0
2462 0.5301497790652052 1.117421606498322 0
2463 0.8010849911132324 0.5748202646888751 0
2464 1.104672985523568 0.9017924891654538 0
2465 0.04053671411073967 0.2250131242218327 0
2466 0.09215586170346002 0.2083379578905666 0
2467 1.446261537456386 0.8998550831806073 0
2468 1.775174643723701 0.04279541416535748 0
2469 1.748836029278018 0.09248218585635781 0
2470 1.804574133498494 0.08791026276144043 0
2471 0.04230721367894374 1.775698245717063 0
2472 1.671582219123402 0.04786198286688981 0
2473 0.04263255935951848 1.874692432647278 0
2474 0.08623660934973354 1.899652643959428 0
2475 0.08139152450827736 1.953943966150154 0
2476 0.1261897629087565 1.924857550592389 0
2477 0.1295690549195168 1.875898276568368 0
2478 0.08751332797762323 1.84744297731284 0
2479 1.875219036593802 0.04045065737499198 0
2480 0.9178259033762536 1.838328341843519 0
2481 0.085399147438733 0.4040936264062427 0
2482 0.670185249851992 0.9853332065482333 0
2483 1.47000623357491 0.2194577333268102 0
2484 1.313107481933185 0.4917017405190464 0
2485 1.508382273400489 0.5302338562069238 0
2486 0.09071401050386918 1.464715269044623 0
2487 0.5555167818171887 0.943259125838832 0
2488 0.5499764184330393 0.9113316892568024 0
2489 0.5193452137272824 0.8982368856489141 0
2490 0.4929622885625091 0.9196166290847343 0
2491 1.120004415918573 0.8067691705797357 0
2492 0.321614587704714 1.252594243924536 0
2493 1.003319518663023 0.8451196102790418 0
2494 0.8802072668966079 1.195932590820055 0
2495 0.985491786019165 0.9121671067384004 0
2496 0.6948713569140641 0.08251575050286153 0
2497 0.9311434502046103 1.76910781409417 0
2498 0.4063142234281689 1.317832556376097 0
2499 0.858949230856705 1.424032072169203 0
2500 1.14252948541742 0.8531238167613766 0
2501 0.08767881027514368 1.247217814675146 0
2502 1.193285861281441 0.5829811253601647 0
2503 0.741866277680321 0.5459549653101108 0
2504 1.575132143967335 0.9188517647256312 0
2505 0.9413794431832022 1.468225745367222 0
2506 0.4131918176675199 0.3730662454172524 0
2507 0.3057132418342459 0.2067075017145581 0
2508 1.17313255140839 0.4521183253733826 0
2509 1.111459055665898 0.2757445336773183 0
2510 0.6397199832974245 0.507256409731538 0
2511 0.5699992396298414 1.891911113920554 0
2512 1.663086875570025 0.907560586835229 0
2513 0.622052742843531 0.719701146640736 0
2514 0.5387822563713176 0.1737493705204506 0
2515 0.6385841839718316 0.80954762824516 0
2516 0.7339857814660879 0.6642415236746918 0
2517 0.3789926533269422 0.636242117952995 0
2518 1.059127098526907 0.9115823723803287 0
2519 1.169754935681259 0.7697268096974553 0
2520 1.244595293320724 0.6342394060104702 0
2521 1.654365595113252 0.5940653194806949 0
2522 1.328024435208633 0.09378757295785201 0
2523 0.5185408239427197 0.6472639315368416 0
2524 1.148555388628569 0.2933127233088682 0
2525 0.5563336549023083 1.382933869873882 0
2526 1.469902525129469 0.2632757645338739 0
2527 1.398706681804224 0.266076722226655 0
2528 0.1961027484309259 0.5052942526045326 0
2529 0.2109851999488169 1.716654745078311 0
2530 0.2661677830604641 1.539200881054846 0
2531 1.523825998155417 0.9467672016824801 0
2532 0.7677870006081785 1.012390331743492 0
2533 1.901253461604666 0.1829095923707631 0
2534 0.3919884925062606 1.613478451379711 0
2535 0.9582800794390787 1.923270611777958 0
2536 0.5964476456477105 0.8789142697643078 0
2537 1.914964066594618 0.7550683221457113 0
2538 1.869803007577975 0.6924657761501611 0
2539 0.3103339011801336 1.790352224761846 0
2540 0.195167654702188 1.839772596424104 0
2541 1.745317130467176 0.1432065310618102 0
2542 0.179508854941797 0.6229777795820468 0
2543 0.8491104269965336 1.618134299508105 0
2544 0.8206247643591501 0.3257902059189323 0
2545 0.3141679229422685 0.2521654974680652 0
2546 0.4095276345234537 1.507542954745529 0
2547 1.011483271760936 0.603214054941915 0
2548 0.951545244391899 0.9804941344710864 0
2549 0.943093717297672 0.9877460903630232 0
2550 1.179094811135159 0.5228864190389637 0
2551 1.140141348868241 0.9456787339348542 0
2552 0.3073331035888294 0.4632424075814844 0
2553 0.7136319479976707 1.649044157738859 0
2554 1.667424171501996 0.1005417326536492 0
2555 0.5799136079400711 0.9244295561536777 0
2556 0.4882351339150256 0.6726987580910639 0
2557 1.21237037858891 0.8473693498230731 0
2558 0.9548739599884072 1.067964219840051 0
2559 0.2073943714920718 0.3379187435278634 0
2560 0.8625002064114083 0.5967246657695781 0
2561 0.6481187207186664 1.260107999161353 0
2562 0.426707649732376 0.2109879025954823 0
2563 0.939148996557038 0.948119655105773 0
2564 1.804264040887859 0.5106330531351337 0
2565 0.2146622260412503 0.3845352739082781 0
2566 0.2801785343741773 1.655188670494625 0
2567 0.4308428427365545 1.8828415072414 0
2568 0.7846424406734684 0.3100850775306535 0
2569 0.5120706883814667 1.017944616989423 0
2570 1.14740733889914 0.5609932230625188 0
2571 0.7242826755004342 1.556706168230921 0
2572 0.8815266456776251 0.9224699740783577 0
2573 0.8960255196815446 0.9280004585631834 0
2574 0.9820031247931559 1.377716329157028 0
2575 0.7325882888705577 1.045520284130362 0
2576 1.77003418551478 0.3969193675633834 0
2577 0.4549108839952513 1.557725384742572 0
2578 1.408746678076121 0.1332410861428465 0
2579 0.9757966586215608 1.497169280976734 0
2580 0.62974224755552 1.43749616868249 0
2581 1.033137067372234 0.9683371781137122 0
2582 0.8460040921031499 1.472331430516077 0
2583 1.833714506304425 0.7182767579929502 0
2584 0.1281985288819893 1.499508363160828 0
2585 0.9103062177783693 0.9090790754231155 0
2586 0.1644131305200602 0.7397769919610783 0
2587 0.9532342133031397 0.8205680970141175 0
2588 0.9589605656359815 1.110361085769181 0
2589 0.9432462459669231 1.097620052600386 0
2590 1.126636288742118 0.7313396967641966 0
2591 1.190672601062283 0.9397529231525314 0
2592 0.3762030777058205 1.726267115170628 0
2593 1.380872958207787 0.9141937712028309 0
2594 0.3993027785637223 0.917334888148674 0
2595 1.885025130323902 0.4232908720847092 0
2596 0.53401602859935 0.8593870918297649 0
2597 0.4994109905995848 1.429815139162089 0
2598 1.364018075149381 0.369225571475684 0
2599 1.582719875249198 0.2836267718110042 0
2600 1.065997337626331 0.5246193941079601 0
2601 1.042266561984375 0.5433728440430513 0
2602 1.037074649155931 0.5131828667059652 0
2603 1.149312431423936 0.50104442179759 0
2604 1.286125715849804 0.3655664051355541 0
2605 0.7296195370285274 0.1684513479665587 0
2606 1.012034703361553 0.5425374201084686 0
2607 1.760053622998952 0.6844679529603217 0
2608 0.5117683278791317 1.650094443505509 0
2609 1.770659267201856 0.3509880293921311 0
2610 1.422223744166293 0.8630396410142591 0
2611 0.2370747729293502 0.26222264725987 0
2612 1.226699396715043 0.7930777116196762 0
2613 1.175098994958403 0.1433882685421511 0
2614 0.9149868751395157 1.130541186867877 0
2615 1.544422975227548 0.124222819548224 0
2616 0.8395130317716994 0.1313071609537134 0
2617 0.9348967157780382 0.9950952184223061 0
2618 0.4534122837638002 1.367533041484375 0
2619 1.66131084886745 0.9406457592304605 0
2620 0.8752012080269739 1.030520208287624 0
2621 0.1620454168001054 0.5348415802567933 0
2622 0.1837930305578385 1.324069729013536 0
2623 1.406081287689799 0.08570120051580743 0
2624 0.9183719059814054 1.004424520157475 0
2625 0.5688923695289808 1.29516749737187 0
2626 0.322806863592589 1.442286229958997 0
2627 1.547705273456484 0.8756779118561919 0
2628 1.442056444094026 0.792788168406199 0
2629 1.307172879679847 0.782335440501879 0
2630 1.446332377223859 0.9254315651349304 0
2631 0.3536746095285136 1.22696484437847 0
2632 0.9404756007325518 1.700908581436282 0
2633 1.172033229269438 0.4126114715337821 0
2634 1.572629028468234 0.7972316196544458 0
2635 1.733063344607338 0.282852559497506 0
2636 0.1475462652240678 1.083747297349554 0
2637 0.3162311917236262 1.212483767476654 0
2638 1.614044878027787 0.4342768139830561 0
2639 0.1254185411847984 1.217362361553983 0
2640 0.4078035597118481 1.139976389948121 0
2641 0.631437066135133 0.9183970432930257 0
2642 0.2823060728644723 1.014350035011595 0
2643 0.2272162032915429 1.105855903339054 0
2644 1.356395546633582 0.8551737350904465 0
2645 1.042358078704842 0.9310899974195197 0
2646 0.5842750750728407 0.1239267401700284 0
2647 0.8108996023604343 0.9219340492102739 0
2648 0.6256550912483427 0.8891669209385706 0
2649 0.4471363955076599 0.9973418828387477 0
2650 0.6534059841347769 0.5776889533314917 0
2651 1.518127098688861 0.7716825912326329 0
2652 0.9052697957518365 0.5591386069472647 0
2653 1.403626280040248 0.5340697422672538 0
2654 0.557223265802764 1.089029987192366 0
2655 0.5182855470412209 1.04984485767892 0
2656 1.253478659513348 0.2679817134701121 0
2657 0.3858845125398459 0.8792779992667568 0
2658 0.8381699957689417 0.6452198500261648 0
2659 0.5515667138464228 0.6607604011961763 0
2660 1.201573255021303 0.8966059597084478 0
2661 1.215843574893955 0.8858719846946727 0
2662 0.5434251393207805 1.027449125731064 0
2663 0.8076278774371395 1.31308740902191 0
2664 0.6982816319393287 1.867587334676611 0
2665 0.7520997710674755 0.7524180211123994 0
2666 1.183606768420101 0.7101535428924665 0
2667 0.8844322899232318 1.430202773323301 0
2668 1.101830907096575 0.1047348276318644 0
2669 1.372444271275542 0.788623688353664 0
2670 0.7988145966012076 1.81159364459859 0
2671 0.7090782278082659 1.753220601910527 0
2672 1.469035480424504 0.3884895316600646 0
2673 0.5828888384244197 1.360135929670925 0
2674 0.9469734084342991 0.4896087878410398 0
2675 0.2829361321622433 1.429679126056264 0
2676 0.4474431946128783 1.519243551943369 0
2677 1.181618050802832 0.9773176089913092 0
2678 0.6664334877798725 0.8218875556274172 0
2679 0.8620596855910035 0.4850456173033462 0
2680 1.303599803260558 0.7554240702857151 0
2681 0.234248403231978 1.641151026888818 0
2682 1.484219270276103 0.6988314882059545 0
2683 1.426443860089178 0.7053073132564889 0
2684 1.266566895433478 0.5613476551839998 0
2685 1.348187944338309 0.7219970120408105 0
2686 1.282800432102961 0.8985993857605368 0
2687 1.080627207988984 0.6084381832235295 0
2688 0.7994275166645547 0.4596213075216689 0
2689 0.7600158746766759 0.4105407288672727 0
2690 0.7773644182168788 0.9533369067984253 0
2691 1.017699577788951 0.7655431316016889 0
2692 0.776079896276662 1.960030771969711 0
2693 0.306661794297196 1.361093658552722 0
2694 0.8009327248354736 1.383427713074054 0
2695 0.9011134903966457 1.301635989354068 0
2696 1.374748100370346 0.6473449847977258 0
2697 0.8186049553894849 1.266791439857989 0
2698 0.6963446225943259 0.1953388560466782 0
2699 1.369623403971865 0.413306175802043 0
2700 0.977246931298242 0.8657343129720044 0
2701 1.048839044319662 0.5711787373510875 0
2702 0.9439263369667584 0.6257583667520973 0
2703 0.5851521663112108 0.9553472726698293 0
2704 0.7104080778449423 1.174676939076203 0
2705 1.105997589247181 0.8202214529725705 0
2706 0.9298281855916223 1.349966692579191 0
2707 0.7728767347853023 0.7343121240186157 0
2708 0.9235590020528152 1.070167666989729 0
2709 1.147627655314177 0.5881086559317459 0
2710 1.263741469449477 0.4682410948856504 0
2711 1.395431610692791 0.7991524329643399 0
2712 1.652698680521357 0.4147206709685589 0
2713 0.3426260968187486 1.148188442203995 0
2714 0.876960708101625 0.6504930769090435 0
2715 0.542333520480201 1.319201001222136 0
2716 0.7079735029382024 0.6855271148599892 0
2717 1.325498051049572 0.2668419427386979 0
2718 0.582477939606453 1.209613894614884 0
2719 1.841910376230736 0.5339416216166073 0
2720 0.5743480212436167 1.148025793148779 0
2721 0.8097976983709076 1.021772987348261 0
2722 1.630806581748855 0.825913893715481 0
2723 0.7026357599219137 1.125018924170384 0
2724 0.4228101537751817 0.4610582379514659 0
2725 0.549593826665502 0.618779616371901 0
2726 0.9200203344065775 0.1693584582867799 0
2727 0.1366596834669613 0.6079662130510515 0
2728 0.09000865496140298 0.59387085871602 0
2729 0.6918337085041564 1.069609999150253 0
2730 0.4024643710163843 1.91948356941897 0
2731 0.8964097013190667 0.7998851177707058 0
2732 0.8758972915473929 0.7930793482447671 0
2733 1.142726874825491 0.9594474192352691 0
2734 0.8400407874773297 1.166242863713692 0
2735 0.9896383486260101 0.9246216391168987 0
2736 1.061282207932438 0.8363493685930792 0
2737 0.81533838301297 1.05735740232798 0
2738 0.7773383690839486 1.375787015709468 0
2739 1.143796790282906 0.8881574843828053 0
2740 0.419597417087438 0.165360651016582 0
2741 0.9115281404473623 0.9892571564100217 0
2742 0.6124780955319455 0.5687050813223966 0
2743 0.8367722499714174 1.147633937448971 0
2744 1.446885289315777 0.8759157248052293 0
2745 0.9955906215446176 1.007489707962559 0
2746 0.8778251567170825 0.9531998640731632 0
2747 1.519402331031246 0.8019945426306117 0
2748 1.656093724697743 0.6312008132458338 0
2749 0.9103030525161244 0.9248741254313559 0
2750 0.8799518710093587 1.113260782593581 0
2751 0.897910222118547 1.200522207754719 0
2752 0.8284076161793367 0.4366138941816344 0
2753 1.232615758581118 0.8932297348368069 0
2754 0.6373432689411207 1.471456086701465 0
2755 0.3953894797159545 0.5327460571712733 0
2756 0.04531085127468826 0.1278190488914763 0
2757 0.9617114181333708 0.8769750826345687 0
2758 0.9717912883734183 1.555492694369862 0
2759 1.105874257368676 0.7225859464720674 0
2760 0.3740435744487151 0.7713875595306269 0
2761 0.8867275434085763 1.072047826840348 0
2762 1.316823690575613 0.9062048598878278 0
2763 0.8782391510818163 1.044531412880243 0
2764 0.7054526873155315 1.277264379892102 0
2765 1.622069588418521 0.2629611878285705 0
2766 0.7334235519515264 1.589954876701761 0
2767 1.919295914402388 0.6500437200125541 0
2768 0.3045181430845361 1.917080203353891 0
2769 0.9123965754555488 1.269111156983516 0
2770 1.689598318865792 0.6495193458075204 0
2771 0.5580552886098403 0.0835339102748931 0
2772 1.758764435853103 0.8493070857895626 0
2773 1.084037139711533 0.9218521154264981 0
2774 0.8193389233919156 0.8650984372556902 0
2775 0.990673925952493 0.9554772051962201 0
2776 0.9860112270259043 0.9451587632456808 0
2777 1.077272791171606 0.03963587666433699 0
2778 1.203875099070072 0.9464574469370631 0
2779 0.2435056967077149 0.3087026851777492 0
2780 0.668900918360237 1.743972864236643 0
2781 0.9075930176362605 1.103871894217952 0
2782 1.019629238799639 0.9716964650442295 0
2783 1.203532301284027 0.6920860024829179 0
2784 0.7287055005215696 0.4349923852735224 0
2785 0.9686032864439031 0.9656416099660586 0
2786 0.9672563365797032 0.9552149525319903 0
2787 1.114054493381007 0.4233265102490073 0
2788 1.569872881819407 0.9497498483655213 0
2789 0.4274288912211119 0.5039450044137552 0
2790 0.8221129461970883 0.04010143118353449 0
2791 0.9122559640800949 1.027596399824662 0
2792 1.008611116922251 0.9074113926196613 0
2793 0.07437230459972133 0.03696155756927277 0
2794 0.9549519386138304 1.09950216497902 0
2795 1.065269872174686 0.9613618945439724 0
2796 1.023304258888431 0.9351583462049986 0
2797 1.575799634546791 0.8904442622161062 0
2798 0.9733442569441985 1.256713668395808 0
2799 0.9726099413095666 1.240098176409071 0
2800 0.684137897560755 0.3450136284113743 0
2801 0.1335359847336757 0.995071276343573 0
2802 1.732549616032001 0.3281265074955738 0
2803 1.402137461972614 0.5002594955026094 0
2804 1.600050609628232 0.779885150621425 0
2805 0.7742394154239765 0.9311512804133262 0
2806 0.3115170877143818 1.172878610494326 0
2807 0.6075831455402794 0.62420938266658 0
2808 1.437161446475621 0.6155130992473234 0
2809 1.145460514486251 0.07995571187807404 0
2810 0.126148127993212 0.5643238384829523 0
2811 0.4128226272298355 0.1192468551876186 0
2812 0.9210625893206127 1.018315766871653 0
2813 0.9393692067214097 0.5979739906925173 0
2814 1.011552043710225 0.7426786884101843 0
2815 0.6516761476843995 0.3698414224215749 0
2816 0.9904735245237222 1.021603645764724 0
2817 1.171111302000044 0.7906892237653167 0
2818 1.881344657447178 0.5144048616286214 0
2819 1.202714002885354 0.9885872320306771 0
2820 0.9780114467801035 0.9683074506951816 0
2821 0.8089727828073214 1.210776207838874 0
2822 1.168525416260489 0.88324232740499 0
2823 0.7115583994896284 0.7872416633377212 0
2824 0.9850367152184696 1.072561779349603 0
2825 0.9527858825576619 0.99131650165051 0
2826 0.8104298007247451 1.130462613955609 0
2827 0.9376529676386957 1.00477529831364 0
2828 1.00869127215647 0.9952378364041711 0
2829 0.3661775725581521 0.9051232810212253 0
2830 0.9671655217989897 0.9810488946756871 0
2831 1.172451625163429 0.9004516821664795 0
2832 0.8112792714641284 1.851157425585304 0
2833 0.9885683174925928 1.040267035435788 0
2834 1.079165564195746 0.3006257759635704 0
2835 0.6110373264996338 1.6581186448762 0
2836 0.5247311566067949 0.368518746923293 0
2837 1.099991683200474 0.7977754945084775 0
2838 0.9434189228202335 0.4580459069253838 0
2839 0.7278398824961558 1.02364785288263 0
2840 0.8364449971014157 0.6855439361651601 0
2841 0.635362127221192 0.7801505889445105 0
2842 0.6625777139309843 0.792088341749417 0
2843 0.09102819157122821 0.1541127670908325 0
2844 1.033792414782426 0.7533374455853176 0
2845 0.6072500638235829 1.610975289559692 0
2846 0.1265472764361352 0.7911785013363939 0
2847 1.37725992660025 0.9820989625896335 0
2848 0.5881017769440682 0.383645328432188 0
2849 0.9745090097527014 1.01289113609961 0
2850 0.9721269102613415 1.029014011321747 0
2851 1.016397712685869 0.8350548422264072 0
2852 0.5252275396581926 0.4334954651726143 0
2853 1.336918907038351 0.9845838106836662 0
2854 1.466414803452244 0.6357833242250603 0
2855 1.959923208661096 0.5718668957616406 0
2856 1.058784771422633 0.4633543281699873 0
2857 0.492258969835052 0.4533147975332666 0
2858 0.3729483068898138 1.12397656638819 0
2859 0.58293604703415 1.684080646510812 0
2860 1.077332450830688 0.5818213224625979 0
2861 1.879476029541123 0.9669349089271878 0
2862 0.9934264181153797 1.058266057202244 0
2863 1.059091502643749 0.8187278591607077 0
2864 1.082443634356898 0.9078732905024018 0
2865 0.08754122786112106 1.717121913586357 0
2866 0.4168655183185103 1.546518215509111 0
2867 1.290168000988344 0.2463180656703965 0
2868 1.230669304668218 0.8746077087586734 0
2869 1.218801303671118 0.9373555388540796 0
2870 0.2756685230092315 0.9660030956958301 0
2871 0.6115832945360649 1.496068551094621 0
2872 0.105242398760136 1.807764391483963 0
2873 1.251228167530038 0.9365688029229818 0
2874 0.4860912979435347 1.038465945346034 0
2875 0.5502186528076248 1.352002008119264 0
2876 1.120378611642863 0.9504769165394892 0
2877 0.1221265302336544 1.170896289487047 0
2878 0.6026989434843988 0.9072202733646486 0
2879 1.082530658384996 0.9692810580036499 0
2880 0.8269804012256826 1.114121107211823 0
2881 1.403282681165658 0.6311400613207334 0
2882 0.7813608118508746 1.14279448484356 0
2883 1.510304145883208 0.6796977263686373 0
2884 0.9465209608870464 1.640272940767314 0
2885 1.102945389909452 0.7015666941723241 0
2886 1.471382161052374 0.4624417592090971 0
2887 1.030669597361737 0.9957095605360703 0
2888 0.9831048396495421 1.448257425269526 0
2889 0.03688356376274549 1.425 0
2890 0.03941603254063675 0.3227509632922536 0
2891 1.264942826712133 0.531282068244046 0
2892 0.639148243699454 1.773074056029412 0
2893 0.9335042130682912 0.5694298289983548 0
2894 0.983237153462867 0.9930986142306145 0
2895 1.190458844039412 0.7989666745858344 0
2896 1.723609107772463 0.6308021435646298 0
2897 1.025165087517701 0.9671606025108538 0
2898 0.9321003701618871 1.051482951507274 0
2899 1.057181637436706 0.7824493868424116 0
2900 0.9474223341602802 1.108601819483504 0
2901 1.658784737285627 0.2869311146180149 0
2902 0.8583759076901045 0.4497228429532321 0
2903 1.16921005951267 0.5724417606859551 0
2904 0.3291660441675396 0.08610206453397229 0
2905 1.54560084124989 0.7844294049121966 0
2906 0.9961261806282344 0.9028575567928693 0
2907 0.835122639461588 0.9815373469746184 0
2908 0.8657651357161713 1.448683598150229 0
2909 0.9277596245815382 1.040944056498494 0
2910 0.6086097607009473 0.1630306859971582 0
2911 0.2752849066362619 1.389827003853786 0
2912 0.08150444587475436 0.5482760831576218 0
2913 1.919716713107477 0.5405953646476247 0
2914 0.9910122224790437 1.177164307891508 0
2915 1.073848317584838 0.2618124044929038 0
2916 0.576187822272807 1.487641106265318 0
2917 1.546138439233458 0.08159635677447219 0
2918 1.199442781665656 0.07726751275809085 0
2919 1.432343106439894 0.4811918399149417 0
2920 0.9758524982505254 0.9593536262359127 0
2921 0.2721489954305778 0.2343378539637876 0
2922 0.8246707680152746 1.890743877247715 0
2923 0.8000347901942624 1.923682269537909 0
2924 0.07670699498318767 0.9493605180561584 0
2925 0.8511360279212508 0.9507336499849444 0
2926 1.261140712130275 0.8530397695808979 0
2927 0.3862383949297674 1.574420901331582 0
2928 1.104380537256084 0.984635001140137 0
2929 1.298147889591067 0.8495124265299486 0
2930 1.119857204943363 0.687551618290153 0
2931 0.9914056521549653 0.9852945484916424 0
2932 0.4025241166910791 0.5714753572943729 0
2933 0.5193709228151661 1.694376254523173 0
2934 0.7944388831104595 0.8360937783872771 0
2935 1.921155776305052 0.3509854765607513 0
2936 0.8853331546064355 1.215603960326152 0
2937 1.315727898557361 0.9852626153833584 0
2938 1.921274472546629 0.496149232616253 0
2939 1.298483791363034 0.8884916894377588 0
2940 1.145683850921099 0.9822381113576262 0
2941 1.271449494793168 0.9636539093754406 0
2942 1.452755540274799 0.6879508255752539 0
2943 1.086121168008836 0.9859854570682653 0
2944 0.0816548685417694 0.7081851302402946 0
2945 0.5465102324154305 1.516903397082034 0
2946 0.8647057734299809 0.8288332432053315 0
2947 0.9708918014189661 1.307093472127103 0
2948 0.609886658245674 1.805321896121994 0
2949 1.706260079089914 0.08202836492887233 0
2950 1.956593609201185 0.07170016768557097 0
2951 1.054870801529186 0.4312102037473897 0
2952 0.2408893502371973 1.227168720902564 0
2953 1.072682317648589 0.8085755546943951 0
2954 1.424933641759904 0.9837636238044237 0
2955 1.629552520051426 0.7946064217529367 0
2956 1.922102546223454 0.4484548868214591 0
2957 0.236173214958592 0.8720492919186547 0
2958 0.2787672322298087 1.199070494190471 0
2959 0.8716263202589256 1.47814990251385 0
2960 1.450082669806085 0.07869202412514231 0
2961 0.6037707379696833 0.7710878685234993 0
2962 0.913339465163174 0.7845198344290598 0
2963 0.8309741570575412 0.5869016259607059 0
2964 1.031860322348414 0.5883648518942126 0
2965 0.122684047923079 0.03682619720815938 0
2966 0.9798709210694796 1.153365161771596 0
2967 1.229341123932657 0.8554729803075853 0
2968 0.2642110244057601 0.1887448471701256 0
2969 1.124349586481921 0.9835065647813802 0
2970 1.594616320312858 0.5976288033655106 0
2971 0.3455130029355018 0.9653424915019966 0
2972 1.032163194153975 0.9274247465198798 0
2973 0.8526780765456686 0.8434455309555797 0
2974 0.8175128510802701 0.8419348274163408 0
2975 0.9563786498607207 0.9511495073100377 0
2976 1.23318320085856 0.9444994408150391 0
2977 1.053989601355942 0.988350017983034 0
2978 0.8871334294394744 0.3277724162361595 0
2979 0.3702306318361925 0.6014168897167468 0
2980 0.165623055752419 1.904731613757758 0
2981 0.4981171831383774 1.757967137460907 0
2982 0.6133493205437942 0.3577880407297001 0
2983 0.5558622695674191 1.554865603217929 0
2984 0.07910584403652343 0.4506720107331962 0
2985 1.572279224301733 0.7680970191849068 0
2986 0.6221482933083855 1.842762300665128 0
2987 0.8987168010508373 1.281382639601019 0
2988 1.130752119664486 0.6516703947100532 0
2989 0.3459654887270988 1.560976499838654 0
2990 0.9122870336700811 0.7632859727066028 0
2991 0.5802319688820924 0.7901605292220705 0
2992 1.298060054990105 0.8673005472451816 0
2993 1.625 0.03391009728514083 0
2994 0.9890393686083618 0.08070846668701037 0
2995 0.4547613942565872 1.027973045940509 0
2996 0.7148073220875985 1.302203505695966 0
2997 1.264642559195237 0.9883484936571985 0
2998 1.208530230947893 0.7866997449777646 0
2999 1.364539539020629 0.2450031572967822 0
3000 0.0792084185702171 0.498367812182953 0
3001 0.2203954665240945 0.1696148425941566 0
3002 0.7687615850147549 0.04649532263181533 0
3003 0.3574628237598104 1.91957283703464 0
3004 0.449830734321786 1.923513090220808 0
3005 0.789469764826463 1.179790080884086 0
3006 1.069597268980857 0.9873245182607951 0
3007 0.9878866618352928 1.261470030085809 0
3008 1.922031144887963 0.3995001714491696 0
3009 0.8735550357534557 0.1122488516918911 0
3010 0.8830456579320985 0.5776831271271357 0
3011 0.8584291969380837 0.4099178320187501 0
3012 1.085119271127866 0.4098950387122073 0
3013 0.6881605865104257 1.544105003162113 0
3014 0.2129317905962183 0.1210842844749542 0
3015 0.9886210755440886 0.1695570977987673 0
3016 0.12545182524156 1.966506836372647 0
3017 0.7812781799248233 0.8522641208707733 0
3018 0.9910828140053237 1.015300898356927 0
3019 0.9849917120364656 1.104256889870703 0
3020 0.6920600887056197 0.1579904463898929 0
3021 1.722642781407842 0.9400115870619357 0
3022 1.27022193672912 0.7909932883468462 0
3023 0.1602843726337331 1.149244121102964 0
3024 0.3075011556924059 1.548125460602259 0
3025 0.9714962693583903 1.883806238463558 0
3026 0.9658771920289357 1.364983209456878 0
3027 0.4050356477980702 0.07974263602466625 0
3028 0.6875976409506422 1.337440094233713 0
3029 0.9520886025082889 1.530704391501027 0
3030 0.5735248669740682 0.8960209329245857 0
3031 1.392496122762684 0.7720488966366572 0
3032 1.779076026120168 0.1226112493537579 0
3033 0.8967323175208682 0.9139615695593406 0
3034 0.6615503878215558 1.569745893287734 0
3035 1.289229994928957 0.5131901907065874 0
3036 1.258112692806544 0.9613978793635471 0
3037 0.9623465568103498 1.407622661021644 0
3038 1.698165663698001 0.263478907527585 0
3039 0.03490345806223716 1.668578883302328 0
3040 0.8517829970724385 0.9718258260835317 0
3041 0.9641806705834705 0.7476373469737267 0
3042 1.285858873856559 0.9723372379508972 0
3043 1.364894649919202 0.966690504423217 0
3044 0.909144625612917 1.233535025995062 0
3045 0.0776988751403247 0.2911305107138176 0
3046 1.633507776731006 0.9512553360172873 0
3047 0.3836654027211298 1.764822480388507 0
3048 1.09239892802444 0.9004808190788378 0
3049 0.8943508552145245 1.260684106106013 0
3050 0.8512814649977897 1.501780556985057 0
3051 1.949830639482714 0.9622133337841731 0
3052 0.9824949924046189 1.123664940315637 0
3053 0.8233142210145599 0.5570252048129496 0
3054 1.7569970260851 0.6511667820695458 0
3055 1.232601240000985 0.9900587297210742 0
3056 0.9643808090483922 1.026313622061002 0
3057 0.9765672199491429 1.212769971787928 0
3058 1.572001272560738 0.7266445568020125 0
3059 0.3507927311700417 1.797384876101914 0
3060 0.9849209444158853 1.341044604642742 0
3061 0.9906948235389643 1.027142288293178 0
3062 0.07266718678649153 0.8998888015364341 0
3063 1.018658086799265 0.9962496153091184 0
3064 1.013109024490893 0.990345115856203 0
3065 0.8173006688271511 0.9746947669026047 0
3066 1.569222338869431 0.6917479509228045 0
3067 0.9741007220995342 0.2996756623556822 0
3068 0.07355340677264655 1.500033700874233 0
3069 0.4730450794813475 0.8487942826280293 0
3070 0.2063072215740951 0.0790945410411884 0
3071 0.08331237124303936 1.367805368053756 0
3072 1.478158615918276 0.6688117093612546 0
3073 0.2407245915742713 1.419460406263079 0
3074 1.028050054201564 0.4883702057829772 0
3075 1.435600581885959 0.2445702393826752 0
3076 0.4677868575357517 0.8117750974768358 0
3077 1.153599526970207 0.6603138396736075 0
3078 0.9774367811286611 1.025143561810019 0
3079 1.174083129249625 0.1087891374612235 0
3080 0.9811353794694992 0.7556334140849256 0
3081 1.169724208716581 0.9812272095409731 0
3082 1.041317105094673 0.2901788576808706 0
3083 1.800539753397944 0.9729691760569942 0
3084 1.824342063918193 0.9338078262213186 0
3085 1.16619152052491 0.5476596862751379 0
3086 1.293551891652246 0.07622656252864457 0
3087 0.8836255481684149 1.29403025208459 0
3088 1.88561267636798 0.3255550021769116 0
3089 1.389002970196237 0.7493745351338077 0
3090 0.9458785982377527 0.7599580347585011 0
3091 0.9945864403586985 0.2084963456145048 0
3092 0.9824440466778831 0.9539360632023266 0
3093 0.944406307722693 1.738508643281515 0
3094 0.4980381694465634 0.7793003502164897 0
3095 0.5189321890189935 0.08102549036649243 0
3096 0.5423519896961302 0.8848473233122974 0
3097 1.666239428213711 0.7753524359532205 0
3098 0.9664970426705737 1.966810527908679 0
3099 1.489523468705828 0.551206078640561 0
3100 0.9868306419806901 1.285439430688192 0
3101 0.1942433767042797 1.129786474635702 0
3102 0.8944092193918525 0.9995158317949007 0
3103 0.5270352166393235 1.740095747255476 0
3104 1.50022997533487 0.9834803472970056 0
3105 0.9534961307887643 0.1555788577819577 0
3106 0.793403501169575 0.5457411724129051 0
3107 0.9998249327821205 0.8286164640915066 0
3108 0.9520595385171633 1.575544733561839 0
3109 0.9752687413065565 1.069103041600416 0
3110 0.7617448902673261 1.39480050850263 0
3111 0.7285455301480546 1.359219287832812 0
3112 0.7066497656368131 0.7581756481882891 0
3113 1.625970648919078 0.5832232221253439 0
3114 0.1855653934671775 0.8165242653254058 0
3115 0.7504109849188165 0.9046967285102203 0
3116 0.9275089821934387 1.001958649444642 0
3117 0.5474287063234162 0.781179880652295 0
3118 0.7636636581498834 0.8628558269492478 0
3119 1.040177132112771 0.9208378853970216 0
3120 1.849999602010026 0.0731394519051709 0
3121 0.2078181775946846 1.447195210362604 0
3122 0.274819371936316 1.574254906503568 0
3123 0.07831464462904691 0.665539418255665 0
3124 0.03660254037844479 1.963397459621555 0
3125 0.7664627666526364 0.8874189509888756 0
3126 1.24633014933366 0.8438487045849301 0
3127 0.9405586767322415 1.116615143050891 0
3128 1.12959028432873 0.9445004889155302 0
3129 1.239885251733179 0.7798329153321345 0
3130 1.182770371653672 0.3796917073150505 0
3131 0.3405535187461145 0.9217322900082123 0
3132 1.286901630731723 0.4860083733508864 0
3133 0.03634796322775291 0.03634796322775291 0
3134 1.544745708713463 0.5464497989453405 0
3135 0.8392444804825621 1.553531906998529 0
3136 1.739670064368436 0.2370328858887508 0
3137 1.963761561631783 0.03623843836821683 0
3138 1.886925649981029 0.279191838733807 0
3139 1.286702732808128 0.7768515892340946 0
3140 1.782481341857393 0.2081540090298309 0
3141 0.7964842782683906 1.032582622995501 0
3142 0.7130730371572359 1.039419119661263 0
3143 0.7702078421697682 1.176254934514025 0
3144 0.4279533151212506 1.05189063449838 0
3145 0.87268131573446 0.9093259719227792 0
3146 0.2011959325873985 1.92468907923856 0
3147 1.242845204411733 0.7079644943471257 0
3148 0.7328745872782561 1.384843967160913 0
3149 1.531877025746988 0.6616235221946073 0
3150 0.07234902046367442 0.2500013885695692 0
3151 1.782811372567326 0.1614204880846215 0
3152 1.484713609280631 0.5142341232705072 0
3153 0.948147232730057 0.8960902972055764 0
3154 0.9741409270959334 1.119487216013032 0
3155 0.634803557954229 1.593716111066292 0
3156 0.5260511921261368 1.376716211692934 0
3157 1.011122767937924 0.3117203156697302 0
3158 0.8697073164347063 1.088541798246159 0
3159 0.5437242132010945 1.86439292566455 0
3160 1.027685931393795 0.2263081525603047 0
3161 0.9867360678123189 1.313472505310205 0
3162 0.9954484663920217 1.065812993803158 0
3163 1.908523476308126 0.6178498430995835 0
3164 1.460629614927772 0.9625851312686289 0
3165 0.7879397158878823 1.433651166442374 0
3166 1.545242957205716 0.955963052615009 0
3167 0.9348506362908029 1.810308526018475 0
3168 0.7881982959968727 1.239594310131413 0
3169 0.7572033946404991 0.9227333655510693 0
3170 1.239916003731899 0.7438717422302069 0
3171 0.8210010802642784 1.141919106673236 0
3172 0.06949648511945916 0.8511123285684017 0
3173 1.813917169455839 0.8729296522424246 0
3174 1.69847934319685 0.7941042289408858 0
3175 0.8847697998893055 1.00903878798522 0
3176 0.6889927691936426 1.139828167505886 0
3177 0.0743546150730604 1.563923516600216 0
3178 1.436223479169036 0.2003446638524671 0
3179 0.9840005804448402 0.9330550154645256 0
3180 0.9880194848418236 1.051746663492173 0
3181 0.164957705920623 1.862884592639884 0
3182 1.028355326174495 0.5616086137015438 0
3183 0.8189400915254165 1.578579470412952 0
3184 0.9466081434979732 1.233871285735954 0
3185 0.9050038264868223 1.124847659050835 0
3186 0.5722769562731693 1.964661301976568 0
3187 0.8309501390512424 1.523015009775084 0
3188 0.8369091640492434 1.92569255156653 0
3189 0.8279010158337945 1.280477897660512 0
3190 1.195386806542607 0.979771273427088 0
3191 0.997045120035057 0.9863859812797937 0
3192 0.1584466648275397 1.115813952151411 0
3193 0.5118007731720637 0.8736440081000882 0
3194 0.9831578089420707 1.132647554783007 0
3195 0.362809188013447 0.7062409273334911 0
3196 0.1675664939560961 1.437363069588006 0
3197 0.7833914627987055 1.39644287176738 0
3198 0.9449399990214542 0.3180974132971263 0
3199 1.36156521998888 0.07639419427088734 0
3200 0.9319044278324988 0.9081681738407645 0
3201 1.923366430234868 0.2561300256873924 0
3202 0.1346755386053202 0.7598770082207889 0
3203 1.306947267466704 0.3864535485749201 0
3204 0.3535101421768775 1.856571703523733 0
3205 1.140482895672914 0.4082763871513344 0
3206 0.9698615109946744 1.07526923713405 0
3207 0.4333411122490826 1.774549011776681 0
3208 0.9446986139042073 0.4315319261790949 0
3209 1.173812614647181 0.6698164942495681 0
3210 1.214714241663491 0.3581333462095392 0
3211 1.544923458453749 0.5787591258424514 0
3212 1.038844247653536 0.9895976522132309 0
3213 0.7652014075430508 0.5362765111829962 0
3214 0.9783603135528464 1.191728750950172 0
3215 0.9523323235591923 1.668357058364045 0
3216 0.8218245514652838 1.249936511135485 0
3217 1.43468704162447 0.1552058561549441 0
3218 0.1112021277957556 1.079037909017093 0
3219 0.4906417573374399 1.927139926448364 0
3220 0.9830255504255991 1.079174284341017 0
3221 0.499521463172011 1.401875400931956 0
3222 0.02680641221988955 1.625 0
3223 1.25997853754453 0.7018026621504627 0
3224 0.2900278071630685 0.07632153701918221 0
3225 1.258235150928513 0.376619298673259 0
3226 1.018470652803638 0.9002874464731397 0
3227 1.788217785896066 0.6714105453794355 0
3228 0.6029099276120751 1.870485309052169 0
3229 0.4795677103856644 1.786087168217617 0
3230 1.102475387605325 0.06882584167839356 0
3231 1.894464731735565 0.6723217450978293 0
3232 0.1366066140629527 1.4637493770961 0
3233 0.1127209651417522 0.4278612699111937 0
3234 0.8748387489625495 1.018874607128927 0
3235 0.07051062674960962 1.800963506004868 0
3236 0.9954517308904618 1.08219631807584 0
3237 1.924486551847886 0.2142419790574038 0
3238 0.7293232846324627 0.9391795625780569 0
3239 0.9595735621354656 1.476647000936279 0
3240 0.8677409295136638 1.307221577155074 0
3241 0.360599878302311 0.6579675048184535 0
3242 0.7028011985950744 0.7310168967803109 0
3243 0.2216203301402315 1.605596634041653 0
3244 0.7649114445084133 1.151953475260617 0
3245 0.08936712696586002 0.07164384703721027 0
3246 0.02838329756637092 1.326088990479163 0
3247 0.3590683353942778 0.8529258641573985 0
3248 1.081024320470731 0.9618345988044028 0
3249 0.8271743222181512 1.605536709370423 0
3250 1.28726560684945 0.8368861195449465 0
3251 1.223785641264897 0.7747103317234135 0
3252 0.5509438211650872 1.929914632106664 0
3253 0.8891982729326419 0.8912745875023681 0
3254 1.224032627654232 0.7532843936984697 0
3255 1.154255258804185 0.8799463848541594 0
3256 0.9863205080679248 1.088256988987752 0
3257 0.9027393474374152 0.9370508321449549 0
3258 1.460733008226387 0.9385588906591205 0
3259 1.433583641678788 0.1098419387495745 0
3260 0.9780042853626902 1.007413166616778 0
3261 0.9648789476640084 0.4134911719668042 0
3262 0.9580382666280699 1.512831465996392 0
3263 0.5694562692750677 0.1562008998055077 0
3264 1.260818149307015 0.6686995685963222 0
3265 0.9920612352604103 1.010221532894507 0
3266 0.9485928614728248 0.9490276628030356 0
3267 0.7292270118699695 0.07692152844994227 0
3268 0.8796103822114719 1.082863332053312 0
3269 0.4038766197026583 1.075730671038348 0
3270 0.09491121584214834 0.3684960961016492 0
3271 0.904640427273017 0.4182430678873874 0
3272 0.9843400697423041 1.146546166934393 0
3273 0.9453204524341126 0.8829581795106913 0
3274 0.9878586670565123 0.9898543496169755 0
3275 0.9882207500004766 0.9942668874867014 0
3276 0.8575352343175496 0.6407772044504059 0
3277 0.9078618540965182 0.3041466235844749 0
3278 1.938267562980724 0.1521791624907659 0
3279 1.272801366185854 0.9768203981720334 0
3280 0.1423088153725925 1.620211636980683 0
3281 0.2549256129996849 0.9295748713260135 0
3282 0.9289183833308078 0.7549702733997059 0
3283 0.3448814201139466 0.7729699510195589 0
3284 0.9837186348798445 0.8226745584815188 0
3285 0.8357471336668993 0.6659060896646261 0
3286 1.063689059019787 0.7123374048132779 0
3287 0.07042566770457215 0.7937233143202316 0
3288 0.9897739310541265 1.046344638116062 0
3289 0.9882055706594444 0.4249569016792414 0
3290 1.63856847578822 0.5279098005863212 0
3291 0.2051754126338479 0.869956631340059 0
3292 0.6314781884073207 1.875212385417775 0
3293 0.6040233651800544 1.581202531597952 0
3294 0.6839703846513027 1.087335560732056 0
$EndNodes
$Elements
6592
1 15 2 0 1 1
2 15 2 0 2 2
3 15 2 0 3 3
4 15 2 0 4 4
5 15 2 0 5 5
6 15 2 0 6 6
7 1 2 0 1 2 7
8 1 2 0 1 7 8
9 1 2 0 1 8 9
10 1 2 0 1 9 10
11 1 2 0 1 10 11
12 1 2 0 1 11 12
13 1 2 0 1 12 13
14 1 2 0 1 13 14
15 1 2 0 1 14 15
16 1 2 0 1 15 16
17 1 2 0 1 16 17
18 1 2 0 1 17 18
19 1 2 0 1 18 19
20 1 2 0 1 19 20
21 1 2 0 1 20 21
22 1 2 0 1 21 22
23 1 2 0 1 22 23
24 1 2 0 1 23 24
25 1 2 0 1 24 25
26 1 2 0 1 25 26
27 1 2 0 1 26 27
28 1 2 0 1 27 28
29 1 2 0 1 28 29
30 1 2 0 1 29 30
31 1 2 0 1 30 31
32 1 2 0 1 31 32
33 1 2 0 1 32 33
34 1 2 0 1 33 34
35 1 2 0 1 34 35
36 1 2 0 1 35 36
37 1 2 0 1 36 37
38 1 2 0 1 37 38
39 1 2 0 1 38 39
40 1 2 0 1 39 40
41 1 2 0 1 40 41
42 1 2 0 1 41 42
43 1 2 0 1 42 43
44 1 2 0 1 43 44
45 1 2 0 1 44 45
46 1 2 0 1 45 1
47 1 2 0 2 1 46
48 1 2 0 2 46 47
49 1 2 0 2 47 48
50 1 2 0 2 48 49
51 1 2 0 2 49 50
52 1 2 0 2 50 51
53 1 2 0 2 51 52
54 1 2 0 2 52 53
55 1 2 0 2 53 54
56 1 2 0 2 54 55
57 1 2 0 2 55 56
58 1 2 0 2 56 57
59 1 2 0 2 57 58
60 1 2 0 2 58 59
61 1 2 0 2 59 60
62 1 2 0 2 60 61
63 1 2 0 2 61 62
64 1 2 0 2 62 63
65 1 2 0 2 63 64
66 1 2 0 2 64 65
67 1 2 0 2 65 66
68 1 2 0 2 66 67
69 1 2 0 2 67 68
70 1 2 0 2 68 69
71 1 2 0 2 69 70
72 1 2 0 2 70 71
73 1 2 0 2 71 72
74 1 2 0 2 72 73
75 1 2 0 2 73 74
76 1 2 0 2 74 75
77 1 2 0 2 75 76
78 1 2 0 2 76 77
79 1 2 0 2 77 78
80 1 2 0 2 78 79
81 1 2 0 2 79 80
82 1 2 0 2 80 81
83 1 2 0 2 81 82
84 1 2 0 2 82 83
85 1 2 0 2 83 84
86 1 2 0 2 84 6
87 1 2 0 3 6 85
88 1 2 0 3 85 86
89 1 2 0 3 86 87
90 1 2 0 3 87 88
91 1 2 0 3 88 89
92 1 2 0 3 89 90
93 1 2 0 3 90 91
94 1 2 0 3 91 92
95 1 2 0 3 92 93
96 1 2 0 3 93 94
97 1 2 0 3 94 95
98 1 2 0 3 95 96
99 1 2 0 3 96 97
100 1 2 0 3 97 98
101 1 2 0 3 98 99
102 1 2 0 3 99 100
103 1 2 0 3 100 101
104 1 2 0 3 101 102
105 1 2 0 3 102 103
106 1 2 0 3 103 5
107 1 2 0 4 5 104
108 1 2 0 4 104 105
109 1 2 0 4 105 106
110 1 2 0 4 106 107
111 1 2 0 4 107 108
112 1 2 0 4 108 109
113 1 2 0 4 109 110
114 1 2 0 4 110 111
115 1 2 0 4 111 112
116 1 2 0 4 112 113
117 1 2 0 4 113 114
118 1 2 0 4 114 115
119 1 2 0 4 115 116
120 1 2 0 4 116 117
121 1 2 0 4 117 118
122 1 2 0 4 118 119
123 1 2 0 4 119 120
124 1 2 0 4 120 121
125 1 2 0 4 121 122
126 1 2 0 4 122 123
127 1 2 0 4 123 124
128 1 2 0 4 124 125
129 1 2 0 4 125 126
130 1 2 0 4 126 127
131 1 2 0 4 127 128
132 1 2 0 4 128 129
133 1 2 0 4 129 130
134 1 2 0 4 130 131
135 1 2 0 4 131 132
136 1 2 0 4 132 133
137 1 2 0 4 133 134
138 1 2 0 4 134 135
139 1 2 0 4 135 136
140 1 2 0 4 136 137
141 1 2 0 4 137 138
142 1 2 0 4 138 139
143 1 2 0 4 139 140
144 1 2 0 4 140 141
145 1 2 0 4 141 142
146 1 2 0 4 142 143
147 1 2 0 4 143 144
148 1 2 0 4 144 145
149 1 2 0 4 145 146
150 1 2 0 4 146 147
151 1 2 0 4 147 148
152 1 2 0 4 148 149
153 1 2 0 4 149 150
154 1 2 0 4 150 151
155 1 2 0 4 151 152
156 1 2 0 4 152 153
157 1 2 0 4 153 154
158 1 2 0 4 154 4
159 1 2 0 5 4 155
160 1 2 0 5 155 156
161 1 2 0 5 156 157
162 1 2 0 5 157 158
163 1 2 0 5 158 159
164 1 2 0 5 159 160
165 1 2 0 5 160 161
166 1 2 0 5 161 162
167 1 2 0 5 162 163
168 1 2 0 5 163 164
169 1 2 0 5 164 165
170 1 2 0 5 165 166
171 1 2 0 5 166 167
172 1 2 0 5 167 168
173 1 2 0 5 168 169
174 1 2 0 5 169 170
175 1 2 0 5 170 171
176 1 2 0 5 171 172
177 1 2 0 5 172 173
178 1 2 0 5 173 174
179 1 2 0 5 174 175
180 1 2 0 5 175 176
181 1 2 0 5 176 177
182 1 2 0 5 177 178
183 1 2 0 5 178 179
184 1 2 0 5 179 180
185 1 2 0 5 180 181
186 1 2 0 5 181 182
187 1 2 0 5 182 183
188 1 2 0 5 183 184
189 1 2 0 5 184 185
190 1 2 0 5 185 186
191 1 2 0 5 186 187
192 1 2 0 5 187 188
193 1 2 0 5 188 189
194 1 2 0 5 189 190
195 1 2 0 5 190 191
196 1 2 0 5 191 192
197 1 2 0 5 192 193
198 1 2 0 5 193 194
199 1 2 0 5 194 195
200 1 2 0 5 195 196
201 1 2 0 5 196 197
202 1 2 0 5 197 198
203 1 2 0 5 198 199
204 1 2 0 5 199 200
205 1 2 0 5 200 201
206 1 2 0 5 201 202
207 1 2 0 5 202 203
208 1 2 0 5 203 204
209 1 2 0 5 204 205
210 1 2 0 5 205 3
211 1 2 0 6 3 206
212 1 2 0 6 206 207
213 1 2 0 6 207 208
214 1 2 0 6 208 209
215 1 2 0 6 209 210
216 1 2 0 6 210 211
217 1 2 0 6 211 212
218 1 2 0 6 212 213
219 1 2 0 6 213 214
220 1 2 0 6 214 215
221 1 2 0 6 215 216
222 1 2 0 6 216 217
223 1 2 0 6 217 218
224 1 2 0 6 218 219
225 1 2 0 6 219 220
226 1 2 0 6 220 221
227 1 2 0 6 221 222
228 1 2 0 6 222 223
229 1 2 0 6 223 224
230 1 2 0 6 224 2
231 2 2 0 1 1274 2002 1174
232 2 2 0 1 1880 2407 566
233 2 2 0 1 1394 2324 2097
234 2 2 0 1 1917 2315 1900
235 2 2 0 1 301 2410 1852
236 2 2 0 1 1787 2430 2340
237 2 2 0 1 1881 1884 1685
238 2 2 0 1 1932 1933 282
239 2 2 0 1 1819 3021 2360
240 2 2 0 1 2237 2716 2238
241 2 2 0 1 2826 2880 665
242 2 2 0 1 1957 2880 2826
243 2 2 0 1 2650 2742 1601
244 2 2 0 1 240 2268 1950
245 2 2 0 1 566 2408 1880
246 2 2 0 1 2828 3064 229
247 2 2 0 1 2238 2716 1987
248 2 2 0 1 765 2231 2228
249 2 2 0 1 2601 2606 2602
250 2 2 0 1 1529 1884 1881
251 2 2 0 1 2014 2058 2015
252 2 2 0 1 1467 2680 1469
253 2 2 0 1 1760 2466 1761
254 2 2 0 1 1858 3064 2828
255 2 2 0 1 1793 2904 2452
256 2 2 0 1 1685 2814 1881
257 2 2 0 1 1657 2762 2393
258 2 2 0 1 293 2944 2359
259 2 2 0 1 2177 2720 971
260 2 2 0 1 1543 2139 2135
261 2 2 0 1 1690 2056 1982
262 2 2 0 1 2424 2795 2037
263 2 2 0 1 2018 2446 1440
264 2 2 0 1 1634 1937 1259
265 2 2 0 1 971 2438 2177
266 2 2 0 1 87 3278 2444
267 2 2 0 1 2307 2563 1995
268 2 2 0 1 2051 3033 2572
269 2 2 0 1 2438 2718 1641
270 2 2 0 1 732 2111 2110
271 2 2 0 1 1515 2603 2550
272 2 2 0 1 2087 2537 1412
273 2 2 0 1 2268 3009 1950
274 2 2 0 1 2315 3177 1900
275 2 2 0 1 1929 2977 290
276 2 2 0 1 1806 2795 2424
277 2 2 0 1 1761 2466 1764
278 2 2 0 1 1982 2056 1710
279 2 2 0 1 87 2444 86
280 2 2 0 1 2228 3165 765
281 2 2 0 1 2098 2781 1664
282 2 2 0 1 2486 2889 1925
283 2 2 0 1 2153 2737 1930
284 2 2 0 1 1251 3114 1890
285 2 2 0 1 2189 2772 878
286 2 2 0 1 2131 2132 1473
287 2 2 0 1 493 2188 495
288 2 2 0 1 658 2334 1878
289 2 2 0 1 2253 2936 1393
290 2 2 0 1 1473 2723 2131
291 2 2 0 1 235 2728 1920
292 2 2 0 1 1656 2508 1908
293 2 2 0 1 2260 2341 1193
294 2 2 0 1 1033 2548 2007
295 2 2 0 1 1876 2011 700
296 2 2 0 1 2007 2830 1033
297 2 2 0 1 2360 3021 258
298 2 2 0 1 2312 2535 2311
299 2 2 0 1 1852 2960 301
300 2 2 0 1 2234 2936 2253
301 2 2 0 1 300 2889 2486
302 2 2 0 1 2185 2186 541
303 2 2 0 1 2327 2390 1846
304 2 2 0 1 1529 1904 1884
305 2 2 0 1 293 2359 2357
306 2 2 0 1 2581 2897 985
307 2 2 0 1 1903 2762 1657
308 2 2 0 1 1634 1938 1937
309 2 2 0 1 664 1931 1930
310 2 2 0 1 2135 2138 1543
311 2 2 0 1 1547 2618 2108
312 2 2 0 1 247 2363 2248
313 2 2 0 1 2326 2899 2325
314 2 2 0 1 2298 2924 1755
315 2 2 0 1 2089 2870 1935
316 2 2 0 1 1002 1924 1273
317 2 2 0 1 1786 2056 1690
318 2 2 0 1 292 2122 1947
319 2 2 0 1 1274 2010 2002
320 2 2 0 1 1567 2247 2149
321 2 2 0 1 2390 3095 1846
322 2 2 0 1 1491 2160 1493
323 2 2 0 1 1568 3132 2710
324 2 2 0 1 2602 2606 1324
325 2 2 0 1 572 2870 2089
326 2 2 0 1 1890 2846 1251
327 2 2 0 1 234 2853 1902
328 2 2 0 1 2477 2478 1521
329 2 2 0 1 1825 2781 2098
330 2 2 0 1 2452 2904 2453
331 2 2 0 1 1779 2270 2269
332 2 2 0 1 2205 2404 2204
333 2 2 0 1 1545 2821 2010
334 2 2 0 1 1888 2020 1889
335 2 2 0 1 2097 2614 1394
336 2 2 0 1 1822 2398 1962
337 2 2 0 1 2064 2065 284
338 2 2 0 1 2340 3056 1787
339 2 2 0 1 1389 2331 2163
340 2 2 0 1 2163 2331 1748
341 2 2 0 1 700 2013 1876
342 2 2 0 1 1835 2664 2302
343 2 2 0 1 1778 2366 1780
344 2 2 0 1 1995 2563 1998
345 2 2 0 1 2095 2979 1827
346 2 2 0 1 1816 1982 1710
347 2 2 0 1 2147 2154 1712
348 2 2 0 1 1903 2939 2762
349 2 2 0 1 521 2852 1868
350 2 2 0 1 2048 3200 634
351 2 2 0 1 2478 2872 1521
352 2 2 0 1 2065 2068 284
353 2 2 0 1 1978 2581 985
354 2 2 0 1 2822 2831 1062
355 2 2 0 1 1908 2508 1197
356 2 2 0 1 1757 2329 2030
357 2 2 0 1 1294 3290 1898
358 2 2 0 1 2585 3033 2049
359 2 2 0 1 373 2113 375
360 2 2 0 1 1778 2994 2366
361 2 2 0 1 2150 2704 2144
362 2 2 0 1 2186 3195 541
363 2 2 0 1 622 2757 624
364 2 2 0 1 975 2737 2153
365 2 2 0 1 2907 3065 2012
366 2 2 0 1 1940 2156 1932
367 2 2 0 1 1868 2836 521
368 2 2 0 1 274 3278 87
369 2 2 0 1 730 2663 2004
370 2 2 0 1 2149 2885 1567
371 2 2 0 1 1915 3002 2790
372 2 2 0 1 2086 2537 2087
373 2 2 0 1 1568 2710 1937
374 2 2 0 1 696 2182 1921
375 2 2 0 1 1292 2899 2326
376 2 2 0 1 2318 2618 1547
377 2 2 0 1 418 2173 579
378 2 2 0 1 1924 2058 2014
379 2 2 0 1 2006 2078 2005
380 2 2 0 1 1889 3078 2208
381 2 2 0 1 213 2303 212
382 2 2 0 1 2083 2791 1023
383 2 2 0 1 1563 2704 2150
384 2 2 0 1 2790 3002 61
385 2 2 0 1 2140 2729 2133
386 2 2 0 1 2110 2112 732
387 2 2 0 1 1665 1949 1313
388 2 2 0 1 282 1940 1932
389 2 2 0 1 2135 2140 2133
390 2 2 0 1 2469 2541 1736
391 2 2 0 1 2168 2814 1053
392 2 2 0 1 2052 2700 2043
393 2 2 0 1 265 2302 1909
394 2 2 0 1 1878 2761 658
395 2 2 0 1 275 3084 2126
396 2 2 0 1 104 3051 5
397 2 2 0 1 1511 2630 2467
398 2 2 0 1 5 3051 103
399 2 2 0 1 1898 2142 1294
400 2 2 0 1 2808 2854 1747
401 2 2 0 1 2190 2831 2822
402 2 2 0 1 1857 2014 1858
403 2 2 0 1 2572 3145 2051
404 2 2 0 1 2178 3026 1532
405 2 2 0 1 1211 2050 1213
406 2 2 0 1 2116 2428 287
407 2 2 0 1 1392 2203 2196
408 2 2 0 1 2177 2462 448
409 2 2 0 1 1946 2532 1618
410 2 2 0 1 1104 2027 2026
411 2 2 0 1 1755 2801 2298
412 2 2 0 1 2201 2799 2235
413 2 2 0 1 1613 3243 2403
414 2 2 0 1 1747 2854 1910
415 2 2 0 1 1231 3010 1732
416 2 2 0 1 1924 2014 1273
417 2 2 0 1 971 2718 2438
418 2 2 0 1 2302 2664 1909
419 2 2 0 1 1601 2742 2273
420 2 2 0 1 1680 2791 2083
421 2 2 0 1 575 2408 567
422 2 2 0 1 1440 2446 2151
423 2 2 0 1 1979 2583 906
424 2 2 0 1 1229 2725 2277
425 2 2 0 1 530 2188 493
426 2 2 0 1 2248 3108 247
427 2 2 0 1 1634 3225 1938
428 2 2 0 1 1930 2737 664
429 2 2 0 1 1613 2403 1616
430 2 2 0 1 723 2858 2441
431 2 2 0 1 778 2322 799
432 2 2 0 1 2834 3082 2915
433 2 2 0 1 1857 3191 2014
434 2 2 0 1 174 2202 227
435 2 2 0 1 2762 2939 1625
436 2 2 0 1 2077 2990 2962
437 2 2 0 1 697 2182 696
438 2 2 0 1 1967 2858 723
439 2 2 0 1 1911 2772 2189
440 2 2 0 1 1827 2979 2517
441 2 2 0 1 2310 2728 235
442 2 2 0 1 2146 2680 1467
443 2 2 0 1 2005 2078 836
444 2 2 0 1 2962 2990 1330
445 2 2 0 1 1511 2467 1475
446 2 2 0 1 2584 3068 2486
447 2 2 0 1 633 2246 601
448 2 2 0 1 2049 3033 2051
449 2 2 0 1 2010 2821 2365
450 2 2 0 1 2204 2404 1658
451 2 2 0 1 2209 2518 1063
452 2 2 0 1 1532 3026 2137
453 2 2 0 1 2350 2848 521
454 2 2 0 1 521 2836 2350
455 2 2 0 1 255 1989 1988
456 2 2 0 1 1909 2301 265
457 2 2 0 1 1410 2397 1694
458 2 2 0 1 1779 3105 2270
459 2 2 0 1 1848 2160 1491
460 2 2 0 1 2072 2699 2598
461 2 2 0 1 2155 3225 1634
462 2 2 0 1 254 3177 2315
463 2 2 0 1 1663 2372 2206
464 2 2 0 1 2295 2298 1307
465 2 2 0 1 2252 2560 1640
466 2 2 0 1 634 2585 2048
467 2 2 0 1 2354 3021 1730
468 2 2 0 1 2125 3051 105
469 2 2 0 1 2211 2996 1777
470 2 2 0 1 1104 2101 2027
471 2 2 0 1 1184 2685 1179
472 2 2 0 1 1201 3090 3041
473 2 2 0 1 2235 3184 2201
474 2 2 0 1 2012 3065 2011
475 2 2 0 1 598 2055 2016
476 2 2 0 1 1933 2954 282
477 2 2 0 1 1882 2471 268
478 2 2 0 1 1473 3294 1282
479 2 2 0 1 965 2113 373
480 2 2 0 1 2398 2888 1962
481 2 2 0 1 1732 3010 2560
482 2 2 0 1 2756 2843 306
483 2 2 0 1 448 2720 2177
484 2 2 0 1 1859 2311 2223
485 2 2 0 1 292 2123 2122
486 2 2 0 1 1733 3000 2984
487 2 2 0 1 2402 2732 1329
488 2 2 0 1 1658 2393 2204
489 2 2 0 1 228 2799 2417
490 2 2 0 1 1949 2059 1313
491 2 2 0 1 297 2093 21
492 2 2 0 1 2666 2783 1645
493 2 2 0 1 1662 2588 2035
494 2 2 0 1 777 2322 778
495 2 2 0 1 1282 3294 2729
496 2 2 0 1 2082 2909 2898
497 2 2 0 1 2052 2054 642
498 2 2 0 1 1193 2910 2260
499 2 2 0 1 2360 2619 1819
500 2 2 0 1 2624 2741 1997
501 2 2 0 1 1341 2742 2650
502 2 2 0 1 175 2202 174
503 2 2 0 1 2273 2510 1601
504 2 2 0 1 2870 3281 1935
505 2 2 0 1 1908 2603 1656
506 2 2 0 1 701 3216 2003
507 2 2 0 1 2189 3173 1911
508 2 2 0 1 2033 2776 2034
509 2 2 0 1 313 2950 2443
510 2 2 0 1 1407 1978 1096
511 2 2 0 1 1777 3028 2211
512 2 2 0 1 2047 2048 2046
513 2 2 0 1 2196 2200 1392
514 2 2 0 1 2028 2977 1929
515 2 2 0 1 1543 2482 2139
516 2 2 0 1 750 2598 1899
517 2 2 0 1 1981 2750 639
518 2 2 0 1 1972 2999 1559
519 2 2 0 1 1283 2388 1956
520 2 2 0 1 2116 2928 2428
521 2 2 0 1 2059 2249 1313
522 2 2 0 1 1897 3247 2657
523 2 2 0 1 1213 2050 1254
524 2 2 0 1 664 2246 1931
525 2 2 0 1 849 2100 853
526 2 2 0 1 2208 2849 1889
527 2 2 0 1 1033 2825 2548
528 2 2 0 1 21 2093 20
529 2 2 0 1 2139 2482 974
530 2 2 0 1 2277 2742 1341
531 2 2 0 1 213 3186 2303
532 2 2 0 1 416 2173 418
533 2 2 0 1 1768 2156 1940
534 2 2 0 1 2984 3000 2389
535 2 2 0 1 2003 3168 701
536 2 2 0 1 2959 3050 2582
537 2 2 0 1 268 2865 1882
538 2 2 0 1 1877 2456 267
539 2 2 0 1 2272 2510 2273
540 2 2 0 1 1712 2154 2148
541 2 2 0 1 1028 2708 2082
542 2 2 0 1 1694 2397 2396
543 2 2 0 1 1628 2470 1724
544 2 2 0 1 1174 2002 1177
545 2 2 0 1 2030 2724 1757
546 2 2 0 1 2469 3032 2541
547 2 2 0 1 1239 2050 1211
548 2 2 0 1 3041 3090 2006
549 2 2 0 1 2114 2425 249
550 2 2 0 1 2097 2324 2096
551 2 2 0 1 2472 2554 1989
552 2 2 0 1 2657 2829 1897
553 2 2 0 1 1784 3050 2959
554 2 2 0 1 2145 2423 285
555 2 2 0 1 2457 2458 1651
556 2 2 0 1 1899 3203 750
557 2 2 0 1 1944 3094 1753
558 2 2 0 1 1786 3029 2056
559 2 2 0 1 1686 3281 2870
560 2 2 0 1 1657 2393 1658
561 2 2 0 1 250 2426 2036
562 2 2 0 1 290 2434 1929
563 2 2 0 1 2145 2940 2423
564 2 2 0 1 642 2700 2052
565 2 2 0 1 2033 2034 2032
566 2 2 0 1 1412 2538 2087
567 2 2 0 1 2068 2069 232
568 2 2 0 1 1618 3141 1946
569 2 2 0 1 2523 2725 2659
570 2 2 0 1 2127 2128 1300
571 2 2 0 1 799 2322 2321
572 2 2 0 1 2835 2845 1667
573 2 2 0 1 1901 3068 2584
574 2 2 0 1 1465 2146 1467
575 2 2 0 1 1982 1983 1784
576 2 2 0 1 1961 2741 1955
577 2 2 0 1 1605 2500 2073
578 2 2 0 1 2149 2930 2885
579 2 2 0 1 2082 2708 1555
580 2 2 0 1 2277 2807 1229
581 2 2 0 1 2215 2216 305
582 2 2 0 1 1932 2156 1671
583 2 2 0 1 974 2141 2139
584 2 2 0 1 1341 2807 2277
585 2 2 0 1 1008 2894 2406
586 2 2 0 1 2058 2782 1896
587 2 2 0 1 2162 2391 1470
588 2 2 0 1 2548 2825 2549
589 2 2 0 1 552 2544 2367
590 2 2 0 1 2814 2844 2691
591 2 2 0 1 1701 2960 1852
592 2 2 0 1 2808 2881 346
593 2 2 0 1 1063 3119 2209
594 2 2 0 1 567 2408 566
595 2 2 0 1 952 2925 1941
596 2 2 0 1 601 2246 664
597 2 2 0 1 4 1369 1368
598 2 2 0 1 1300 3173 2189
599 2 2 0 1 1500 2558 2008
600 2 2 0 1 2443 2950 2444
601 2 2 0 1 2835 2859 1830
602 2 2 0 1 2724 2789 1756
603 2 2 0 1 952 3040 2925
604 2 2 0 1 2024 3290 1294
605 2 2 0 1 2367 2544 2219
606 2 2 0 1 2080 2732 2402
607 2 2 0 1 985 1952 986
608 2 2 0 1 1177 2001 1976
609 2 2 0 1 1844 3058 2985
610 2 2 0 1 1807 2028 1408
611 2 2 0 1 1947 3212 252
612 2 2 0 1 2053 2587 2308
613 2 2 0 1 1469 2680 1840
614 2 2 0 1 2375 2376 1413
615 2 2 0 1 399 1984 1963
616 2 2 0 1 1943 2886 1826
617 2 2 0 1 1921 2929 696
618 2 2 0 1 2282 2654 2462
619 2 2 0 1 1984 2707 1986
620 2 2 0 1 853 2100 859
621 2 2 0 1 2083 2909 2082
622 2 2 0 1 224 2475 223
623 2 2 0 1 1939 2113 965
624 2 2 0 1 1164 2930 2149
625 2 2 0 1 706 2182 697
626 2 2 0 1 396 2079 843
627 2 2 0 1 892 2518 1083
628 2 2 0 1 1900 3280 1917
629 2 2 0 1 965 2247 1939
630 2 2 0 1 2071 2873 1404
631 2 2 0 1 659 1990 609
632 2 2 0 1 2311 2535 309
633 2 2 0 1 2550 2603 1908
634 2 2 0 1 375 2113 378
635 2 2 0 1 2550 3085 1515
636 2 2 0 1 659 1991 1990
637 2 2 0 1 991 1924 1002
638 2 2 0 1 1440 3048 2018
639 2 2 0 1 2254 2497 2355
640 2 2 0 1 1655 2211 2210
641 2 2 0 1 2252 2963 2560
642 2 2 0 1 2406 2894 1798
643 2 2 0 1 2598 2699 1899
644 2 2 0 1 258 3021 2354
645 2 2 0 1 3076 3094 1945
646 2 2 0 1 874 2783 1928
647 2 2 0 1 382 2317 829
648 2 2 0 1 2538 2583 1979
649 2 2 0 1 1830 2859 1969
650 2 2 0 1 1379 2706 1532
651 2 2 0 1 2045 2047 2046
652 2 2 0 1 1937 2710 1259
653 2 2 0 1 2126 2861 275
654 2 2 0 1 872 2142 2084
655 2 2 0 1 2312 3025 2535
656 2 2 0 1 1941 2746 952
657 2 2 0 1 1676 3074 2856
658 2 2 0 1 1892 2021 1438
659 2 2 0 1 2019 2436 251
660 2 2 0 1 1785 2855 2356
661 2 2 0 1 2340 2430 1021
662 2 2 0 1 2044 2045 2041
663 2 2 0 1 1896 2427 2058
664 2 2 0 1 2202 2966 227
665 2 2 0 1 2051 3145 1254
666 2 2 0 1 1920 3123 235
667 2 2 0 1 1655 2764 2211
668 2 2 0 1 1888 2816 2020
669 2 2 0 1 1475 2744 2222
670 2 2 0 1 2004 3189 730
671 2 2 0 1 2205 2937 2404
672 2 2 0 1 105 3051 104
673 2 2 0 1 1753 2397 1410
674 2 2 0 1 1470 3264 2162
675 2 2 0 1 2079 2080 843
676 2 2 0 1 1951 3139 3022
677 2 2 0 1 2572 3033 2573
678 2 2 0 1 1941 2572 653
679 2 2 0 1 295 2924 2298
680 2 2 0 1 378 2113 1904
681 2 2 0 1 1902 3043 234
682 2 2 0 1 1983 3050 1784
683 2 2 0 1 2058 2427 2015
684 2 2 0 1 769 2231 766
685 2 2 0 1 1433 3103 2933
686 2 2 0 1 1635 2454 2180
687 2 2 0 1 2186 2232 1522
688 2 2 0 1 1665 2438 1949
689 2 2 0 1 2298 2801 1307
690 2 2 0 1 2009 2231 769
691 2 2 0 1 1648 2647 2013
692 2 2 0 1 1532 2706 2178
693 2 2 0 1 709 3094 3076
694 2 2 0 1 1955 2741 2624
695 2 2 0 1 2128 3173 1300
696 2 2 0 1 1830 2845 2835
697 2 2 0 1 2470 3120 1724
698 2 2 0 1 2073 2500 2152
699 2 2 0 1 2054 2493 642
700 2 2 0 1 2195 2914 264
701 2 2 0 1 2076 2080 2079
702 2 2 0 1 1488 2249 2059
703 2 2 0 1 1975 2504 1537
704 2 2 0 1 836 2413 2005
705 2 2 0 1 2091 2244 2090
706 2 2 0 1 2114 2969 2425
707 2 2 0 1 1922 2088 875
708 2 2 0 1 2208 3078 2850
709 2 2 0 1 1096 1978 896
710 2 2 0 1 2031 2032 841
711 2 2 0 1 2151 2446 644
712 2 2 0 1 2056 3029 2057
713 2 2 0 1 2342 2685 1184
714 2 2 0 1 2946 2973 2094
715 2 2 0 1 1116 2716 2237
716 2 2 0 1 1881 2814 2168
717 2 2 0 1 2527 2999 1972
718 2 2 0 1 641 2757 622
719 2 2 0 1 2020 3078 1889
720 2 2 0 1 2462 2654 448
721 2 2 0 1 639 2750 654
722 2 2 0 1 2633 3205 719
723 2 2 0 1 2031 2033 2032
724 2 2 0 1 2121 2431 230
725 2 2 0 1 1975 2788 2504
726 2 2 0 1 317 2127 1300
727 2 2 0 1 2933 3103 1966
728 2 2 0 1 766 2231 765
729 2 2 0 1 1904 2317 378
730 2 2 0 1 508 2283 507
731 2 2 0 1 1063 2518 892
732 2 2 0 1 2925 3040 2012
733 2 2 0 1 1918 2865 268
734 2 2 0 1 2467 2744 1475
735 2 2 0 1 1934 2288 1933
736 2 2 0 1 2244 2934 428
737 2 2 0 1 2269 2994 1779
738 2 2 0 1 212 2303 265
739 2 2 0 1 2062 2766 2061
740 2 2 0 1 2013 2647 1876
741 2 2 0 1 2090 2244 401
742 2 2 0 1 2402 2946 2094
743 2 2 0 1 1949 2438 1641
744 2 2 0 1 1892 3180 2021
745 2 2 0 1 1816 1983 1982
746 2 2 0 1 1841 2588 1662
747 2 2 0 1 1843 3066 3058
748 2 2 0 1 1413 2342 1184
749 2 2 0 1 2004 2663 2179
750 2 2 0 1 2263 2824 226
751 2 2 0 1 2217 2843 2756
752 2 2 0 1 2072 2598 779
753 2 2 0 1 2359 2944 1727
754 2 2 0 1 3136 3140 1597
755 2 2 0 1 1369 1431 1368
756 2 2 0 1 268 3039 1918
757 2 2 0 1 1403 2415 2351
758 2 2 0 1 1404 3036 2071
759 2 2 0 1 1839 2970 1970
760 2 2 0 1 2356 3163 1785
761 2 2 0 1 2098 2750 1825
762 2 2 0 1 2668 2809 1706
763 2 2 0 1 1948 3059 3047
764 2 2 0 1 1747 2881 2808
765 2 2 0 1 1868 2857 2029
766 2 2 0 1 1197 2508 1461
767 2 2 0 1 2033 3179 2776
768 2 2 0 1 1753 3094 2397
769 2 2 0 1 1840 3139 1951
770 2 2 0 1 1282 2729 1372
771 2 2 0 1 1074 2603 1044
772 2 2 0 1 1305 2688 2102
773 2 2 0 1 1975 2362 248
774 2 2 0 1 1958 3100 261
775 2 2 0 1 1947 2887 292
776 2 2 0 1 2254 3167 2497
777 2 2 0 1 1663 3127 2372
778 2 2 0 1 2852 2857 1868
779 2 2 0 1 2044 2047 2045
780 2 2 0 1 264 3214 2195
781 2 2 0 1 399 2707 1984
782 2 2 0 1 514 2724 2029
783 2 2 0 1 2351 2414 1403
784 2 2 0 1 1986 2665 2405
785 2 2 0 1 2934 3017 428
786 2 2 0 1 600 2334 658
787 2 2 0 1 646 2151 644
788 2 2 0 1 1902 2853 2205
789 2 2 0 1 2223 2311 309
790 2 2 0 1 2410 2917 1852
791 2 2 0 1 2689 2784 532
792 2 2 0 1 2571 2766 2062
793 2 2 0 1 379 2317 382
794 2 2 0 1 2659 2725 1229
795 2 2 0 1 1905 3084 3083
796 2 2 0 1 1254 3145 2063
797 2 2 0 1 2283 2284 507
798 2 2 0 1 2417 2799 2378
799 2 2 0 1 1757 2384 2329
800 2 2 0 1 2752 3011 2902
801 2 2 0 1 424 2138 427
802 2 2 0 1 2206 2614 1663
803 2 2 0 1 2167 3097 2955
804 2 2 0 1 2115 2116 1535
805 2 2 0 1 719 3130 2633
806 2 2 0 1 1963 2370 399
807 2 2 0 1 2084 2142 1898
808 2 2 0 1 1913 3267 3002
809 2 2 0 1 2216 2965 305
810 2 2 0 1 2329 2384 2328
811 2 2 0 1 2255 2532 1946
812 2 2 0 1 1883 3140 3136
813 2 2 0 1 2971 3131 1253
814 2 2 0 1 2173 3238 579
815 2 2 0 1 2705 2837 2491
816 2 2 0 1 2067 2069 2068
817 2 2 0 1 598 2016 592
818 2 2 0 1 1980 3066 1843
819 2 2 0 1 617 2031 841
820 2 2 0 1 2040 2045 1239
821 2 2 0 1 2067 2068 2065
822 2 2 0 1 2198 2199 1718
823 2 2 0 1 1522 2233 2186
824 2 2 0 1 1956 2442 1283
825 2 2 0 1 653 2746 1941
826 2 2 0 1 2308 2587 1203
827 2 2 0 1 2916 2945 470
828 2 2 0 1 1438 2021 1319
829 2 2 0 1 878 2772 2160
830 2 2 0 1 2117 3059 1948
831 2 2 0 1 295 2298 2297
832 2 2 0 1 2677 3190 263
833 2 2 0 1 233 3026 2000
834 2 2 0 1 2076 2732 2080
835 2 2 0 1 1083 2518 2017
836 2 2 0 1 985 2897 1952
837 2 2 0 1 3083 3084 275
838 2 2 0 1 2071 2976 2873
839 2 2 0 1 1340 2115 1535
840 2 2 0 1 2404 2937 262
841 2 2 0 1 1723 2380 1414
842 2 2 0 1 1960 2279 1428
843 2 2 0 1 315 2127 317
844 2 2 0 1 1036 2812 2624
845 2 2 0 1 252 2887 1947
846 2 2 0 1 2137 2574 281
847 2 2 0 1 2041 2045 2040
848 2 2 0 1 2287 2516 1116
849 2 2 0 1 2099 2100 851
850 2 2 0 1 255 2993 1989
851 2 2 0 1 224 3124 2475
852 2 2 0 1 2126 3084 2128
853 2 2 0 1 2225 3028 1777
854 2 2 0 1 2915 3082 1927
855 2 2 0 1 1757 2724 1756
856 2 2 0 1 678 3129 1951
857 2 2 0 1 3130 3210 1861
858 2 2 0 1 1537 2797 1220
859 2 2 0 1 917 2893 2652
860 2 2 0 1 431 2134 433
861 2 2 0 1 2213 2214 238
862 2 2 0 1 2129 3200 2048
863 2 2 0 1 2223 3188 1859
864 2 2 0 1 1038 2617 2549
865 2 2 0 1 641 3273 2757
866 2 2 0 1 1928 2783 2666
867 2 2 0 1 2412 3008 2935
868 2 2 0 1 2015 3064 1858
869 2 2 0 1 1465 2685 2146
870 2 2 0 1 624 2757 2700
871 2 2 0 1 1976 2320 1177
872 2 2 0 1 2321 2323 799
873 2 2 0 1 1384 2199 1224
874 2 2 0 1 1413 2683 2375
875 2 2 0 1 2229 3165 2228
876 2 2 0 1 1951 3022 678
877 2 2 0 1 1055 1924 991
878 2 2 0 1 1855 2520 2162
879 2 2 0 1 2074 2075 425
880 2 2 0 1 2276 2284 2283
881 2 2 0 1 2369 2844 1683
882 2 2 0 1 2006 3282 2078
883 2 2 0 1 2351 2982 2350
884 2 2 0 1 431 2138 2134
885 2 2 0 1 1421 3009 2270
886 2 2 0 1 1839 3113 2970
887 2 2 0 1 2855 2913 246
888 2 2 0 1 261 2947 1958
889 2 2 0 1 974 2383 2141
890 2 2 0 1 2246 2880 1957
891 2 2 0 1 2196 2203 2192
892 2 2 0 1 851 2100 849
893 2 2 0 1 1913 3002 1915
894 2 2 0 1 691 2097 2096
895 2 2 0 1 248 2788 1975
896 2 2 0 1 1861 3210 2155
897 2 2 0 1 1986 2707 2665
898 2 2 0 1 2188 2760 495
899 2 2 0 1 2303 3186 2305
900 2 2 0 1 613 2563 2307
901 2 2 0 1 413 2172 416
902 2 2 0 1 1543 2138 424
903 2 2 0 1 2873 2976 1086
904 2 2 0 1 1209 2040 1239
905 2 2 0 1 2014 2015 1858
906 2 2 0 1 1055 2782 2058
907 2 2 0 1 2668 3230 2809
908 2 2 0 1 2289 2915 1927
909 2 2 0 1 2172 2173 416
910 2 2 0 1 2302 3292 1835
911 2 2 0 1 2319 2677 263
912 2 2 0 1 2458 3146 1651
913 2 2 0 1 1177 2002 2001
914 2 2 0 1 663 2152 652
915 2 2 0 1 2165 2167 2166
916 2 2 0 1 1962 2888 237
917 2 2 0 1 2106 2364 1674
918 2 2 0 1 2102 2689 1305
919 2 2 0 1 2700 2757 2043
920 2 2 0 1 2735 3179 690
921 2 2 0 1 1167 2144 1170
922 2 2 0 1 733 2112 757
923 2 2 0 1 2279 2672 2280
924 2 2 0 1 267 3224 1877
925 2 2 0 1 1185 2207 1012
926 2 2 0 1 2161 2391 2162
927 2 2 0 1 1694 2396 2395
928 2 2 0 1 2139 2140 2135
929 2 2 0 1 2192 2203 2191
930 2 2 0 1 98 2086 266
931 2 2 0 1 2454 2940 2180
932 2 2 0 1 2508 2633 1461
933 2 2 0 1 2190 2660 995
934 2 2 0 1 2326 2837 1829
935 2 2 0 1 1030 2558 1500
936 2 2 0 1 392 2074 425
937 2 2 0 1 1075 2763 2334
938 2 2 0 1 1002 1273 1004
939 2 2 0 1 2902 3011 2158
940 2 2 0 1 2768 3003 259
941 2 2 0 1 449 2561 2210
942 2 2 0 1 2886 2919 1679
943 2 2 0 1 2108 3221 1547
944 2 2 0 1 472 3072 2854
945 2 2 0 1 1008 2406 1010
946 2 2 0 1 105 2861 2125
947 2 2 0 1 1702 1857 1368
948 2 2 0 1 1279 2388 1283
949 2 2 0 1 1414 2380 1416
950 2 2 0 1 331 2165 529
951 2 2 0 1 394 2079 396
952 2 2 0 1 1718 2199 1384
953 2 2 0 1 1053 3080 2168
954 2 2 0 1 2131 2150 443
955 2 2 0 1 1960 2672 2279
956 2 2 0 1 2214 2531 280
957 2 2 0 1 2856 3074 1856
958 2 2 0 1 1918 3039 2315
959 2 2 0 1 1737 2660 2190
960 2 2 0 1 2021 3180 2023
961 2 2 0 1 609 1990 607
962 2 2 0 1 1919 3243 1617
963 2 2 0 1 889 2424 2037
964 2 2 0 1 2086 2087 266
965 2 2 0 1 2102 2784 2689
966 2 2 0 1 1968 3147 1516
967 2 2 0 1 1969 2859 1433
968 2 2 0 1 1346 2095 1827
969 2 2 0 1 989 1055 991
970 2 2 0 1 2854 3072 1910
971 2 2 0 1 1575 2230 2009
972 2 2 0 1 2074 2078 2075
973 2 2 0 1 659 1992 1991
974 2 2 0 1 2165 2166 529
975 2 2 0 1 1254 2063 1215
976 2 2 0 1 1106 2287 1116
977 2 2 0 1 1785 2913 2855
978 2 2 0 1 898 2681 2566
979 2 2 0 1 829 2317 1529
980 2 2 0 1 1893 1947 1894
981 2 2 0 1 2085 2537 2086
982 2 2 0 1 867 2498 2104
983 2 2 0 1 1053 2814 2691
984 2 2 0 1 2611 2779 2420
985 2 2 0 1 811 2220 724
986 2 2 0 1 2624 2812 1954
987 2 2 0 1 1712 2148 1323
988 2 2 0 1 335 3066 1980
989 2 2 0 1 2156 2593 1671
990 2 2 0 1 2121 2943 2431
991 2 2 0 1 2160 2772 1493
992 2 2 0 1 2084 2712 872
993 2 2 0 1 2228 2231 2230
994 2 2 0 1 741 2416 822
995 2 2 0 1 769 2392 2009
996 2 2 0 1 1760 3150 2466
997 2 2 0 1 2024 3113 1839
998 2 2 0 1 1759 2019 1758
999 2 2 0 1 732 3240 2111
1000 2 2 0 1 281 3037 2137
1001 2 2 0 1 232 3055 2068
1002 2 2 0 1 1552 2028 1929
1003 2 2 0 1 1617 3122 1919
1004 2 2 0 1 706 2644 2182
1005 2 2 0 1 639 3158 1981
1006 2 2 0 1 656 2906 625
1007 2 2 0 1 691 2096 660
1008 2 2 0 1 1987 3242 2238
1009 2 2 0 1 231 2454 2421
1010 2 2 0 1 2162 2520 356
1011 2 2 0 1 1516 3170 1968
1012 2 2 0 1 2134 2138 2135
1013 2 2 0 1 1826 2886 1428
1014 2 2 0 1 1791 2867 2250
1015 2 2 0 1 2935 3008 1720
1016 2 2 0 1 1228 2191 993
1017 2 2 0 1 659 2307 1992
1018 2 2 0 1 2758 3029 279
1019 2 2 0 1 2085 2086 99
1020 2 2 0 1 1640 3276 2252
1021 2 2 0 1 1550 2039 1879
1022 2 2 0 1 2377 2628 748
1023 2 2 0 1 2210 2561 1655
1024 2 2 0 1 1552 1893 1553
1025 2 2 0 1 2014 3191 1273
1026 2 2 0 1 3039 3222 2315
1027 2 2 0 1 1179 2685 1465
1028 2 2 0 1 2130 2131 443
1029 2 2 0 1 2476 2980 273
1030 2 2 0 1 1740 2513 2242
1031 2 2 0 1 857 2099 851
1032 2 2 0 1 2004 2179 1977
1033 2 2 0 1 797 2553 2061
1034 2 2 0 1 1379 2336 2109
1035 2 2 0 1 1609 3121 3073
1036 2 2 0 1 2089 3131 2971
1037 2 2 0 1 1925 2889 244
1038 2 2 0 1 1176 2506 2329
1039 2 2 0 1 2055 3234 2016
1040 2 2 0 1 2749 3033 2585
1041 2 2 0 1 991 1002 992
1042 2 2 0 1 2330 2432 1807
1043 2 2 0 1 2757 3273 2044
1044 2 2 0 1 627 2154 656
1045 2 2 0 1 1946 3141 2153
1046 2 2 0 1 2129 3273 3153
1047 2 2 0 1 1349 2060 1635
1048 2 2 0 1 924 2844 2369
1049 2 2 0 1 1407 2581 1978
1050 2 2 0 1 582 2383 580
1051 2 2 0 1 1590 3138 3088
1052 2 2 0 1 1439 1758 1438
1053 2 2 0 1 1044 2603 1515
1054 2 2 0 1 2152 2500 652
1055 2 2 0 1 2495 2735 690
1056 2 2 0 1 1674 2364 1673
1057 2 2 0 1 1950 2790 240
1058 2 2 0 1 2952 2958 1301
1059 2 2 0 1 2230 2231 2009
1060 2 2 0 1 1992 2307 1995
1061 2 2 0 1 784 2280 783
1062 2 2 0 1 2466 2843 1764
1063 2 2 0 1 3067 3157 564
1064 2 2 0 1 1408 2028 1406
1065 2 2 0 1 2059 2364 1488
1066 2 2 0 1 604 1961 606
1067 2 2 0 1 3097 3174 1849
1068 2 2 0 1 2143 2150 2144
1069 2 2 0 1 2329 2506 2030
1070 2 2 0 1 2951 3012 1560
1071 2 2 0 1 2118 3003 1812
1072 2 2 0 1 779 2314 2072
1073 2 2 0 1 1928 3209 874
1074 2 2 0 1 2405 2665 960
1075 2 2 0 1 989 991 990
1076 2 2 0 1 732 2112 733
1077 2 2 0 1 2349 2414 2351
1078 2 2 0 1 2652 2893 1821
1079 2 2 0 1 1671 2593 1067
1080 2 2 0 1 1990 2741 1961
1081 2 2 0 1 1964 2370 1963
1082 2 2 0 1 1406 1552 1407
1083 2 2 0 1 2128 3084 1731
1084 2 2 0 1 297 2501 2093
1085 2 2 0 1 728 2644 706
1086 2 2 0 1 2549 2617 1993
1087 2 2 0 1 2955 3097 1849
1088 2 2 0 1 2251 2658 1964
1089 2 2 0 1 2745 3265 1432
1090 2 2 0 1 427 2138 431
1091 2 2 0 1 2233 3195 2186
1092 2 2 0 1 1072 2142 873
1093 2 2 0 1 2120 2983 2945
1094 2 2 0 1 1323 2148 637
1095 2 2 0 1 1344 2063 1776
1096 2 2 0 1 295 2297 26
1097 2 2 0 1 1369 2745 1432
1098 2 2 0 1 2544 2568 2219
1099 2 2 0 1 2047 2129 2048
1100 2 2 0 1 1230 2424 888
1101 2 2 0 1 1977 2179 1472
1102 2 2 0 1 2301 2692 210
1103 2 2 0 1 956 2387 2385
1104 2 2 0 1 1198 1406 1096
1105 2 2 0 1 511 2283 508
1106 2 2 0 1 437 2130 443
1107 2 2 0 1 680 3126 677
1108 2 2 0 1 894 2037 966
1109 2 2 0 1 1461 2633 1861
1110 2 2 0 1 2226 2227 1574
1111 2 2 0 1 1742 2692 2301
1112 2 2 0 1 66 2777 2366
1113 2 2 0 1 1970 2970 336
1114 2 2 0 1 443 2143 439
1115 2 2 0 1 1712 2209 2147
1116 2 2 0 1 253 2390 2327
1117 2 2 0 1 1807 2977 2028
1118 2 2 0 1 690 2033 2031
1119 2 2 0 1 1989 2993 2472
1120 2 2 0 1 966 1096 896
1121 2 2 0 1 2021 2023 2022
1122 2 2 0 1 1974 3007 182
1123 2 2 0 1 1926 3157 3067
1124 2 2 0 1 2533 3278 274
1125 2 2 0 1 1645 2783 2088
1126 2 2 0 1 704 2383 582
1127 2 2 0 1 2219 2568 2220
1128 2 2 0 1 649 2151 646
1129 2 2 0 1 443 2150 2143
1130 2 2 0 1 2147 3226 2154
1131 2 2 0 1 787 2280 784
1132 2 2 0 1 1413 3089 2342
1133 2 2 0 1 1032 2340 1016
1134 2 2 0 1 1055 2058 1924
1135 2 2 0 1 182 3100 1974
1136 2 2 0 1 1346 2371 2095
1137 2 2 0 1 1345 1438 1319
1138 2 2 0 1 993 2191 870
1139 2 2 0 1 2110 2336 2112
1140 2 2 0 1 1884 1939 1684
1141 2 2 0 1 1049 1319 1068
1142 2 2 0 1 388 2413 836
1143 2 2 0 1 1319 2021 1342
1144 2 2 0 1 2375 2683 1497
1145 2 2 0 1 2366 2777 1780
1146 2 2 0 1 325 2159 740
1147 2 2 0 1 1829 2837 2705
1148 2 2 0 1 2350 2982 2848
1149 2 2 0 1 428 2169 405
1150 2 2 0 1 2504 2797 1537
1151 2 2 0 1 100 2085 99
1152 2 2 0 1 237 3239 1962
1153 2 2 0 1 1827 2233 1522
1154 2 2 0 1 1673 2364 2059
1155 2 2 0 1 2124 2127 315
1156 2 2 0 1 1617 3243 1613
1157 2 2 0 1 2278 2510 2272
1158 2 2 0 1 2373 2788 248
1159 2 2 0 1 2161 2162 356
1160 2 2 0 1 1905 2354 1730
1161 2 2 0 1 363 2157 366
1162 2 2 0 1 56 2261 302
1163 2 2 0 1 353 2161 356
1164 2 2 0 1 1825 2750 1981
1165 2 2 0 1 978 2220 811
1166 2 2 0 1 2437 2765 2599
1167 2 2 0 1 1904 1939 1884
1168 2 2 0 1 503 2556 2395
1169 2 2 0 1 591 598 592
1170 2 2 0 1 1992 1994 1993
1171 2 2 0 1 867 2618 2318
1172 2 2 0 1 2312 2480 276
1173 2 2 0 1 842 2144 1167
1174 2 2 0 1 872 2712 795
1175 2 2 0 1 906 3227 1979
1176 2 2 0 1 1380 2136 1822
1177 2 2 0 1 274 3237 2533
1178 2 2 0 1 2334 2763 1878
1179 2 2 0 1 589 591 590
1180 2 2 0 1 2296 2877 2639
1181 2 2 0 1 1439 1759 1758
1182 2 2 0 1 1756 2789 2755
1183 2 2 0 1 670 2152 663
1184 2 2 0 1 314 315 271
1185 2 2 0 1 2198 2966 2202
1186 2 2 0 1 587 589 588
1187 2 2 0 1 780 2314 779
1188 2 2 0 1 634 2749 2585
1189 2 2 0 1 514 2789 2724
1190 2 2 0 1 2007 2548 1996
1191 2 2 0 1 314 2124 315
1192 2 2 0 1 1804 1807 1408
1193 2 2 0 1 1228 2192 2191
1194 2 2 0 1 1442 2187 1897
1195 2 2 0 1 757 2112 831
1196 2 2 0 1 897 1978 985
1197 2 2 0 1 1992 1993 1991
1198 2 2 0 1 1651 2768 2457
1199 2 2 0 1 1759 2020 2019
1200 2 2 0 1 1947 2122 1894
1201 2 2 0 1 585 587 586
1202 2 2 0 1 896 1978 897
1203 2 2 0 1 862 888 863
1204 2 2 0 1 1502 1862 1513
1205 2 2 0 1 986 1952 989
1206 2 2 0 1 336 3211 1970
1207 2 2 0 1 1500 1502 1501
1208 2 2 0 1 2149 2247 965
1209 2 2 0 1 2328 2384 1149
1210 2 2 0 1 1340 1535 1230
1211 2 2 0 1 1300 2189 319
1212 2 2 0 1 1061 1230 888
1213 2 2 0 1 575 3012 2408
1214 2 2 0 1 288 2429 2262
1215 2 2 0 1 1964 2840 2370
1216 2 2 0 1 1097 2278 527
1217 2 2 0 1 1241 2226 1574
1218 2 2 0 1 755 2663 731
1219 2 2 0 1 583 585 584
1220 2 2 0 1 1662 2039 1550
1221 2 2 0 1 871 2324 1394
1222 2 2 0 1 1294 2142 1072
1223 2 2 0 1 2395 2556 1694
1224 2 2 0 1 3073 3121 2386
1225 2 2 0 1 611 659 609
1226 2 2 0 1 1999 2007 1996
1227 2 2 0 1 1552 1929 1893
1228 2 2 0 1 1812 3003 2768
1229 2 2 0 1 813 2222 812
1230 2 2 0 1 956 2418 2387
1231 2 2 0 1 2353 2623 243
1232 2 2 0 1 1893 1894 1553
1233 2 2 0 1 894 896 895
1234 2 2 0 1 690 2031 619
1235 2 2 0 1 2088 2783 875
1236 2 2 0 1 2045 2046 1239
1237 2 2 0 1 986 989 988
1238 2 2 0 1 1893 3212 1947
1239 2 2 0 1 2277 2725 2276
1240 2 2 0 1 2008 3206 1500
1241 2 2 0 1 1739 2320 1976
1242 2 2 0 1 1406 2028 1552
1243 2 2 0 1 569 2416 741
1244 2 2 0 1 2276 2725 2284
1245 2 2 0 1 2472 2949 2554
1246 2 2 0 1 1130 2414 2349
1247 2 2 0 1 1955 3102 1961
1248 2 2 0 1 2119 2983 2120
1249 2 2 0 1 2341 3020 1193
1250 2 2 0 1 2120 2945 2916
1251 2 2 0 1 2985 3058 2166
1252 2 2 0 1 2183 2184 1441
1253 2 2 0 1 1098 2101 1104
1254 2 2 0 1 1776 1941 1774
1255 2 2 0 1 1754 2947 2306
1256 2 2 0 1 398 2090 401
1257 2 2 0 1 1510 2449 1754
1258 2 2 0 1 1606 2176 1312
1259 2 2 0 1 3088 3138 2460
1260 2 2 0 1 1385 1550 1384
1261 2 2 0 1 691 2098 2097
1262 2 2 0 1 2325 2899 2369
1263 2 2 0 1 783 2314 780
1264 2 2 0 1 1758 1892 1438
1265 2 2 0 1 329 2165 331
1266 2 2 0 1 1224 2199 1228
1267 2 2 0 1 715 2498 867
1268 2 2 0 1 994 2206 1383
1269 2 2 0 1 1048 2830 2007
1270 2 2 0 1 894 966 896
1271 2 2 0 1 1552 1553 1407
1272 2 2 0 1 2103 2181 1478
1273 2 2 0 1 1433 2933 1969
1274 2 2 0 1 607 1990 1961
1275 2 2 0 1 403 2244 428
1276 2 2 0 1 994 1224 993
1277 2 2 0 1 1880 3289 2407
1278 2 2 0 1 1024 1049 1026
1279 2 2 0 1 581 583 582
1280 2 2 0 1 604 606 602
1281 2 2 0 1 1313 2249 1172
1282 2 2 0 1 1188 2203 1392
1283 2 2 0 1 1942 2926 680
1284 2 2 0 1 2270 3009 2268
1285 2 2 0 1 897 985 984
1286 2 2 0 1 1228 2193 2192
1287 2 2 0 1 2096 2324 837
1288 2 2 0 1 2139 2141 2140
1289 2 2 0 1 1940 3043 1768
1290 2 2 0 1 1802 2622 2385
1291 2 2 0 1 1250 2183 1441
1292 2 2 0 1 1502 1863 1862
1293 2 2 0 1 2007 2785 1048
1294 2 2 0 1 2234 2253 776
1295 2 2 0 1 1849 3174 1848
1296 2 2 0 1 2509 2524 577
1297 2 2 0 1 1789 2974 2774
1298 2 2 0 1 2212 2213 1511
1299 2 2 0 1 1988 2917 255
1300 2 2 0 1 1740 2961 2343
1301 2 2 0 1 2755 2789 509
1302 2 2 0 1 861 2133 2132
1303 2 2 0 1 1428 2886 1960
1304 2 2 0 1 2263 3220 2824
1305 2 2 0 1 294 2496 2257
1306 2 2 0 1 607 1961 604
1307 2 2 0 1 302 3095 2390
1308 2 2 0 1 1145 2779 2611
1309 2 2 0 1 826 2222 813
1310 2 2 0 1 251 2833 2019
1311 2 2 0 1 1498 1711 1323
1312 2 2 0 1 1385 1662 1550
1313 2 2 0 1 2057 3029 2758
1314 2 2 0 1 853 855 854
1315 2 2 0 1 1943 2919 2886
1316 2 2 0 1 1848 3174 2160
1317 2 2 0 1 841 2563 615
1318 2 2 0 1 471 2224 455
1319 2 2 0 1 1383 1384 1224
1320 2 2 0 1 2147 2209 1872
1321 2 2 0 1 701 3168 2365
1322 2 2 0 1 2069 2070 232
1323 2 2 0 1 1172 2249 1060
1324 2 2 0 1 1118 2513 1740
1325 2 2 0 1 1522 2232 1242
1326 2 2 0 1 1572 2230 1575
1327 2 2 0 1 2198 2202 2195
1328 2 2 0 1 2261 2771 302
1329 2 2 0 1 1486 2251 1964
1330 2 2 0 1 2112 2336 831
1331 2 2 0 1 2486 3232 2584
1332 2 2 0 1 889 2037 891
1333 2 2 0 1 284 2819 2064
1334 2 2 0 1 1349 1635 1391
1335 2 2 0 1 1345 2430 1787
1336 2 2 0 1 966 1198 1096
1337 2 2 0 1 849 853 848
1338 2 2 0 1 1345 1439 1438
1339 2 2 0 1 29 2358 239
1340 2 2 0 1 839 2324 871
1341 2 2 0 1 1049 1345 1319
1342 2 2 0 1 2099 2551 2100
1343 2 2 0 1 1406 1407 1096
1344 2 2 0 1 1584 2501 1483
1345 2 2 0 1 1894 2122 1896
1346 2 2 0 1 1198 1408 1406
1347 2 2 0 1 1350 2245 1404
1348 2 2 0 1 847 848 846
1349 2 2 0 1 2798 2799 228
1350 2 2 0 1 871 993 870
1351 2 2 0 1 2148 2154 629
1352 2 2 0 1 2109 2706 1379
1353 2 2 0 1 2047 3273 2129
1354 2 2 0 1 1049 2430 1345
1355 2 2 0 1 871 994 993
1356 2 2 0 1 1742 2301 1909
1357 2 2 0 1 2046 2050 1239
1358 2 2 0 1 855 862 856
1359 2 2 0 1 542 2101 1098
1360 2 2 0 1 2080 2081 843
1361 2 2 0 1 891 894 893
1362 2 2 0 1 527 2278 520
1363 2 2 0 1 1344 1776 1774
1364 2 2 0 1 1739 2764 2320
1365 2 2 0 1 994 1383 1224
1366 2 2 0 1 1927 3160 2289
1367 2 2 0 1 1598 1930 1599
1368 2 2 0 1 830 2447 1783
1369 2 2 0 1 1030 1500 1035
1370 2 2 0 1 1002 1004 1003
1371 2 2 0 1 617 841 615
1372 2 2 0 1 1116 2237 1108
1373 2 2 0 1 1383 1385 1384
1374 2 2 0 1 1290 2235 1677
1375 2 2 0 1 99 2086 98
1376 2 2 0 1 1620 2806 2713
1377 2 2 0 1 800 2323 804
1378 2 2 0 1 845 846 844
1379 2 2 0 1 1557 2082 1555
1380 2 2 0 1 1838 2221 1427
1381 2 2 0 1 1480 2115 1340
1382 2 2 0 1 2102 2688 2027
1383 2 2 0 1 244 3071 1925
1384 2 2 0 1 2106 2715 2107
1385 2 2 0 1 1411 2308 927
1386 2 2 0 1 861 2132 2130
1387 2 2 0 1 2016 2620 1075
1388 2 2 0 1 296 2269 2267
1389 2 2 0 1 888 889 863
1390 2 2 0 1 2009 2392 1722
1391 2 2 0 1 2393 2762 1091
1392 2 2 0 1 2824 3109 2022
1393 2 2 0 1 692 2234 776
1394 2 2 0 1 272 2223 208
1395 2 2 0 1 101 314 271
1396 2 2 0 1 1529 2317 1904
1397 2 2 0 1 2400 2802 2635
1398 2 2 0 1 605 607 604
1399 2 2 0 1 2164 2165 329
1400 2 2 0 1 1550 1879 1718
1401 2 2 0 1 2029 2724 2030
1402 2 2 0 1 1777 3111 2225
1403 2 2 0 1 2454 3081 2421
1404 2 2 0 1 1620 2713 1619
1405 2 2 0 1 2280 2672 783
1406 2 2 0 1 1711 2518 2209
1407 2 2 0 1 1843 3058 1844
1408 2 2 0 1 608 609 607
1409 2 2 0 1 2269 2270 2268
1410 2 2 0 1 873 2142 872
1411 2 2 0 1 1603 2232 2186
1412 2 2 0 1 891 2037 894
1413 2 2 0 1 592 2016 594
1414 2 2 0 1 1207 2040 1209
1415 2 2 0 1 2193 2198 2195
1416 2 2 0 1 513 2275 511
1417 2 2 0 1 583 584 582
1418 2 2 0 1 395 2370 393
1419 2 2 0 1 594 1075 596
1420 2 2 0 1 982 2519 775
1421 2 2 0 1 2075 2076 425
1422 2 2 0 1 2792 2906 656
1423 2 2 0 1 1973 2957 1443
1424 2 2 0 1 504 2285 503
1425 2 2 0 1 1621 2060 1349
1426 2 2 0 1 1807 3006 2330
1427 2 2 0 1 1980 3149 335
1428 2 2 0 1 282 2847 1940
1429 2 2 0 1 2947 3161 2306
1430 2 2 0 1 603 604 602
1431 2 2 0 1 643 1323 637
1432 2 2 0 1 2566 2681 1919
1433 2 2 0 1 530 3247 2188
1434 2 2 0 1 1262 1349 1078
1435 2 2 0 1 1956 2388 1599
1436 2 2 0 1 1222 2041 2040
1437 2 2 0 1 1219 2974 2094
1438 2 2 0 1 2169 2170 1261
1439 2 2 0 1 25 2297 2294
1440 2 2 0 1 2167 2804 2166
1441 2 2 0 1 2515 2842 2678
1442 2 2 0 1 1680 2083 1557
1443 2 2 0 1 749 2628 814
1444 2 2 0 1 2023 2175 2022
1445 2 2 0 1 1498 2017 1711
1446 2 2 0 1 2555 2703 2487
1447 2 2 0 1 599 602 598
1448 2 2 0 1 1319 1342 1068
1449 2 2 0 1 619 2031 617
1450 2 2 0 1 2284 2725 2523
1451 2 2 0 1 2060 2454 1635
1452 2 2 0 1 1298 2251 1486
1453 2 2 0 1 1061 2440 1479
1454 2 2 0 1 323 2159 325
1455 2 2 0 1 839 871 870
1456 2 2 0 1 862 1061 888
1457 2 2 0 1 1335 2212 1511
1458 2 2 0 1 1217 2063 1344
1459 2 2 0 1 2144 2704 1170
1460 2 2 0 1 822 2416 1403
1461 2 2 0 1 2193 2195 2194
1462 2 2 0 1 1105 2287 1106
1463 2 2 0 1 585 586 584
1464 2 2 0 1 2442 2826 1870
1465 2 2 0 1 2001 2003 1977
1466 2 2 0 1 1731 3173 2128
1467 2 2 0 1 2207 2208 1032
1468 2 2 0 1 2021 2022 1342
1469 2 2 0 1 1175 1274 1174
1470 2 2 0 1 1049 1068 1026
1471 2 2 0 1 1599 2388 1371
1472 2 2 0 1 1953 1954 1682
1473 2 2 0 1 1542 1598 1371
1474 2 2 0 1 579 581 580
1475 2 2 0 1 2267 2269 2268
1476 2 2 0 1 390 2074 392
1477 2 2 0 1 1939 3286 1684
1478 2 2 0 1 1723 2918 2380
1479 2 2 0 1 1603 2186 2185
1480 2 2 0 1 1344 1774 1425
1481 2 2 0 1 2177 2438 1665
1482 2 2 0 1 2385 2622 956
1483 2 2 0 1 2272 2273 524
1484 2 2 0 1 2256 2944 293
1485 2 2 0 1 600 658 632
1486 2 2 0 1 202 2254 201
1487 2 2 0 1 372 2149 965
1488 2 2 0 1 1677 2798 1974
1489 2 2 0 1 1656 2603 1074
1490 2 2 0 1 1170 1174 1169
1491 2 2 0 1 2551 2733 1772
1492 2 2 0 1 2338 2524 2509
1493 2 2 0 1 1349 1391 1078
1494 2 2 0 1 1215 2063 1217
1495 2 2 0 1 581 582 580
1496 2 2 0 1 265 2303 2302
1497 2 2 0 1 2143 2144 842
1498 2 2 0 1 378 2317 379
1499 2 2 0 1 1205 1222 1207
1500 2 2 0 1 621 690 619
1501 2 2 0 1 1528 2168 1796
1502 2 2 0 1 853 854 848
1503 2 2 0 1 587 588 586
1504 2 2 0 1 731 2663 730
1505 2 2 0 1 1946 2153 1598
1506 2 2 0 1 643 1498 1323
1507 2 2 0 1 801 2553 798
1508 2 2 0 1 2125 2126 2124
1509 2 2 0 1 1061 1340 1230
1510 2 2 0 1 1379 1532 1378
1511 2 2 0 1 1689 2505 1936
1512 2 2 0 1 32 2256 293
1513 2 2 0 1 294 2257 59
1514 2 2 0 1 837 839 838
1515 2 2 0 1 2023 2862 2175
1516 2 2 0 1 2176 2462 2177
1517 2 2 0 1 862 2440 1061
1518 2 2 0 1 327 2164 329
1519 2 2 0 1 594 2016 1075
1520 2 2 0 1 859 2440 855
1521 2 2 0 1 382 829 384
1522 2 2 0 1 683 2286 685
1523 2 2 0 1 2282 2462 1606
1524 2 2 0 1 2207 2849 2208
1525 2 2 0 1 485 2318 1547
1526 2 2 0 1 1770 2114 1480
1527 2 2 0 1 2043 2044 2041
1528 2 2 0 1 1902 2205 2204
1529 2 2 0 1 896 897 895
1530 2 2 0 1 1753 3117 1944
1531 2 2 0 1 2114 2115 1480
1532 2 2 0 1 589 590 588
1533 2 2 0 1 839 870 840
1534 2 2 0 1 2416 2800 2415
1535 2 2 0 1 1557 2083 2082
1536 2 2 0 1 392 425 394
1537 2 2 0 1 1209 1239 1211
1538 2 2 0 1 2961 2991 2343
1539 2 2 0 1 1213 1254 1215
1540 2 2 0 1 1674 2715 2106
1541 2 2 0 1 1014 2207 1032
1542 2 2 0 1 2363 2884 2248
1543 2 2 0 1 1041 2218 978
1544 2 2 0 1 1623 2464 854
1545 2 2 0 1 2511 3159 1366
1546 2 2 0 1 27 2266 295
1547 2 2 0 1 296 2267 64
1548 2 2 0 1 2683 2942 1497
1549 2 2 0 1 1598 1599 1371
1550 2 2 0 1 1869 2734 1302
1551 2 2 0 1 315 317 316
1552 2 2 0 1 1069 1379 1378
1553 2 2 0 1 2658 3285 1964
1554 2 2 0 1 666 2096 837
1555 2 2 0 1 1826 3152 1943
1556 2 2 0 1 1502 1513 1501
1557 2 2 0 1 2218 2220 978
1558 2 2 0 1 2075 2077 2076
1559 2 2 0 1 591 592 590
1560 2 2 0 1 1089 1091 1090
1561 2 2 0 1 310 2124 314
1562 2 2 0 1 862 863 856
1563 2 2 0 1 399 2370 395
1564 2 2 0 1 1551 2538 1979
1565 2 2 0 1 1870 2882 2442
1566 2 2 0 1 1544 2289 1304
1567 2 2 0 1 352 2161 353
1568 2 2 0 1 1865 2264 1309
1569 2 2 0 1 799 2323 800
1570 2 2 0 1 388 836 390
1571 2 2 0 1 1976 2001 1977
1572 2 2 0 1 280 3104 2214
1573 2 2 0 1 846 2464 1440
1574 2 2 0 1 2265 2748 2521
1575 2 2 0 1 2717 2867 1791
1576 2 2 0 1 1441 2187 1442
1577 2 2 0 1 1976 1977 1472
1578 2 2 0 1 657 844 649
1579 2 2 0 1 407 2169 1261
1580 2 2 0 1 1012 2207 1014
1581 2 2 0 1 979 1078 857
1582 2 2 0 1 629 2154 627
1583 2 2 0 1 1603 2185 2183
1584 2 2 0 1 853 859 855
1585 2 2 0 1 2100 3128 859
1586 2 2 0 1 1387 1714 1386
1587 2 2 0 1 1737 2190 1714
1588 2 2 0 1 2521 2748 483
1589 2 2 0 1 991 992 990
1590 2 2 0 1 836 2078 2074
1591 2 2 0 1 2116 2337 1535
1592 2 2 0 1 613 2307 611
1593 2 2 0 1 985 986 984
1594 2 2 0 1 1930 1931 1599
1595 2 2 0 1 2451 2890 1769
1596 2 2 0 1 421 2482 1543
1597 2 2 0 1 1175 1275 1274
1598 2 2 0 1 2924 3062 1794
1599 2 2 0 1 1755 2924 1794
1600 2 2 0 1 1010 1185 1012
1601 2 2 0 1 1170 1175 1174
1602 2 2 0 1 2005 2413 1464
1603 2 2 0 1 2236 2632 1548
1604 2 2 0 1 876 2490 488
1605 2 2 0 1 1931 2246 1957
1606 2 2 0 1 660 2096 666
1607 2 2 0 1 854 2464 848
1608 2 2 0 1 610 611 609
1609 2 2 0 1 1711 2209 1712
1610 2 2 0 1 2115 2928 2116
1611 2 2 0 1 1500 1501 1035
1612 2 2 0 1 1279 1283 1277
1613 2 2 0 1 1222 2040 1207
1614 2 2 0 1 2599 2765 791
1615 2 2 0 1 1710 2056 1823
1616 2 2 0 1 2250 2339 1339
1617 2 2 0 1 2026 3213 1104
1618 2 2 0 1 2081 2402 2094
1619 2 2 0 1 2352 2681 898
1620 2 2 0 1 2297 2298 2295
1621 2 2 0 1 2048 2049 2046
1622 2 2 0 1 637 2148 631
1623 2 2 0 1 1902 2204 1399
1624 2 2 0 1 775 2519 708
1625 2 2 0 1 859 2876 2440
1626 2 2 0 1 2081 2094 2091
1627 2 2 0 1 1850 3049 2253
1628 2 2 0 1 654 691 660
1629 2 2 0 1 2130 2132 2131
1630 2 2 0 1 317 319 318
1631 2 2 0 1 1167 1170 1169
1632 2 2 0 1 362 2157 363
1633 2 2 0 1 516 2272 524
1634 2 2 0 1 2126 2128 2127
1635 2 2 0 1 842 1167 1166
1636 2 2 0 1 1772 2733 1771
1637 2 2 0 1 829 1528 1464
1638 2 2 0 1 1164 2988 2025
1639 2 2 0 1 602 2055 598
1640 2 2 0 1 2290 2296 297
1641 2 2 0 1 845 847 846
1642 2 2 0 1 2000 3060 233
1643 2 2 0 1 2352 2529 1653
1644 2 2 0 1 2011 3065 700
1645 2 2 0 1 1271 2860 2701
1646 2 2 0 1 433 2134 861
1647 2 2 0 1 2056 2057 1823
1648 2 2 0 1 2042 2043 2041
1649 2 2 0 1 1470 3223 1922
1650 2 2 0 1 416 418 417
1651 2 2 0 1 688 2286 2234
1652 2 2 0 1 360 362 361
1653 2 2 0 1 1167 1169 1168
1654 2 2 0 1 704 2532 2255
1655 2 2 0 1 2210 2211 471
1656 2 2 0 1 2224 2225 1240
1657 2 2 0 1 2284 2285 507
1658 2 2 0 1 1217 1344 1296
1659 2 2 0 1 2392 2571 1722
1660 2 2 0 1 846 1440 844
1661 2 2 0 1 969 1089 1088
1662 2 2 0 1 418 579 422
1663 2 2 0 1 1496 1549 1548
1664 2 2 0 1 1415 2250 1339
1665 2 2 0 1 1149 2552 1150
1666 2 2 0 1 57 2261 56
1667 2 2 0 1 847 849 848
1668 2 2 0 1 2489 2490 876
1669 2 2 0 1 1472 2179 1001
1670 2 2 0 1 310 2125 2124
1671 2 2 0 1 534 2318 485
1672 2 2 0 1 1242 2232 1243
1673 2 2 0 1 315 316 271
1674 2 2 0 1 700 2690 2013
1675 2 2 0 1 1627 1708 1707
1676 2 2 0 1 1370 1371 1281
1677 2 2 0 1 350 352 351
1678 2 2 0 1 705 2271 754
1679 2 2 0 1 1035 2589 1031
1680 2 2 0 1 306 2843 2466
1681 2 2 0 1 1021 2430 1024
1682 2 2 0 1 2217 2756 311
1683 2 2 0 1 1130 2349 2348
1684 2 2 0 1 410 2172 413
1685 2 2 0 1 1089 1090 1088
1686 2 2 0 1 2639 2877 1390
1687 2 2 0 1 836 2074 390
1688 2 2 0 1 2077 2732 2076
1689 2 2 0 1 1464 2413 384
1690 2 2 0 1 2701 2860 1810
1691 2 2 0 1 2087 2767 266
1692 2 2 0 1 25 2294 24
1693 2 2 0 1 855 856 854
1694 2 2 0 1 2164 2167 2165
1695 2 2 0 1 685 2286 688
1696 2 2 0 1 591 599 598
1697 2 2 0 1 666 837 682
1698 2 2 0 1 1039 2339 904
1699 2 2 0 1 829 1464 384
1700 2 2 0 1 22 2290 297
1701 2 2 0 1 298 2299 69
1702 2 2 0 1 441 2143 842
1703 2 2 0 1 2275 2283 511
1704 2 2 0 1 1274 3143 2010
1705 2 2 0 1 2810 2912 1734
1706 2 2 0 1 585 700 587
1707 2 2 0 1 2029 2857 514
1708 2 2 0 1 26 2297 25
1709 2 2 0 1 1775 2012 2011
1710 2 2 0 1 1478 2181 1374
1711 2 2 0 1 596 2334 600
1712 2 2 0 1 832 2502 1799
1713 2 2 0 1 989 990 988
1714 2 2 0 1 1335 1511 1475
1715 2 2 0 1 2037 2795 966
1716 2 2 0 1 2294 2297 2295
1717 2 2 0 1 1710 1823 1708
1718 2 2 0 1 919 2345 921
1719 2 2 0 1 278 2619 2360
1720 2 2 0 1 1010 2406 1185
1721 2 2 0 1 1470 2391 1466
1722 2 2 0 1 1677 1974 1958
1723 2 2 0 1 898 2529 2352
1724 2 2 0 1 953 2703 2555
1725 2 2 0 1 1494 1496 1495
1726 2 2 0 1 2010 2365 2002
1727 2 2 0 1 2180 2940 2145
1728 2 2 0 1 1714 2073 1386
1729 2 2 0 1 1528 1796 1464
1730 2 2 0 1 672 1386 670
1731 2 2 0 1 2206 2372 1383
1732 2 2 0 1 1486 1963 1487
1733 2 2 0 1 1685 2844 2814
1734 2 2 0 1 657 845 844
1735 2 2 0 1 425 2079 394
1736 2 2 0 1 437 443 439
1737 2 2 0 1 1403 2416 2415
1738 2 2 0 1 628 2493 630
1739 2 2 0 1 1771 2733 2180
1740 2 2 0 1 2379 2380 298
1741 2 2 0 1 969 1088 816
1742 2 2 0 1 2516 2716 1116
1743 2 2 0 1 2184 2187 1441
1744 2 2 0 1 579 580 422
1745 2 2 0 1 439 2143 441
1746 2 2 0 1 403 428 405
1747 2 2 0 1 1321 1399 1091
1748 2 2 0 1 65 2366 296
1749 2 2 0 1 2061 2766 797
1750 2 2 0 1 1335 1475 1054
1751 2 2 0 1 1176 2329 2328
1752 2 2 0 1 627 656 625
1753 2 2 0 1 435 2130 437
1754 2 2 0 1 363 366 365
1755 2 2 0 1 1350 1404 1161
1756 2 2 0 1 1598 2153 1930
1757 2 2 0 1 411 2842 2243
1758 2 2 0 1 2080 2402 2081
1759 2 2 0 1 337 472 339
1760 2 2 0 1 357 360 359
1761 2 2 0 1 347 350 349
1762 2 2 0 1 2227 2229 2228
1763 2 2 0 1 2731 2732 2077
1764 2 2 0 1 2109 2336 2110
1765 2 2 0 1 2286 2936 2234
1766 2 2 0 1 1376 2347 1865
1767 2 2 0 1 1366 3228 2511
1768 2 2 0 1 1768 1902 1399
1769 2 2 0 1 352 353 351
1770 2 2 0 1 1627 1707 1549
1771 2 2 0 1 353 356 355
1772 2 2 0 1 1248 2183 1250
1773 2 2 0 1 343 346 345
1774 2 2 0 1 1467 1469 1468
1775 2 2 0 1 247 2758 195
1776 2 2 0 1 433 861 435
1777 2 2 0 1 878 2159 323
1778 2 2 0 1 1626 1627 1549
1779 2 2 0 1 2576 2609 1587
1780 2 2 0 1 1465 1467 1466
1781 2 2 0 1 1188 1392 1286
1782 2 2 0 1 2447 2448 1783
1783 2 2 0 1 396 843 398
1784 2 2 0 1 875 2783 874
1785 2 2 0 1 1606 2462 2176
1786 2 2 0 1 1866 3190 2677
1787 2 2 0 1 1394 2206 994
1788 2 2 0 1 121 2847 282
1789 2 2 0 1 748 2628 749
1790 2 2 0 1 405 2169 407
1791 2 2 0 1 1532 2137 2136
1792 2 2 0 1 2237 2238 1119
1793 2 2 0 1 1686 2870 2316
1794 2 2 0 1 2715 2875 2107
1795 2 2 0 1 1469 1517 1516
1796 2 2 0 1 331 529 333
1797 2 2 0 1 1881 2168 1528
1798 2 2 0 1 2093 2501 1584
1799 2 2 0 1 1633 2480 1630
1800 2 2 0 1 1658 2245 1350
1801 2 2 0 1 303 2310 35
1802 2 2 0 1 1298 1486 1485
1803 2 2 0 1 317 1300 319
1804 2 2 0 1 453 2210 471
1805 2 2 0 1 1312 2176 1311
1806 2 2 0 1 457 2224 1240
1807 2 2 0 1 1994 2549 1993
1808 2 2 0 1 1531 2377 2376
1809 2 2 0 1 507 2285 504
1810 2 2 0 1 976 1494 1252
1811 2 2 0 1 870 2191 879
1812 2 2 0 1 1922 3264 1470
1813 2 2 0 1 370 1164 372
1814 2 2 0 1 2560 2963 1732
1815 2 2 0 1 2174 3238 2173
1816 2 2 0 1 2036 3019 250
1817 2 2 0 1 1372 2729 2140
1818 2 2 0 1 2373 3166 2788
1819 2 2 0 1 798 2553 797
1820 2 2 0 1 869 2391 2161
1821 2 2 0 1 1228 2199 2193
1822 2 2 0 1 2095 2371 1512
1823 2 2 0 1 2176 2177 1665
1824 2 2 0 1 1466 2391 882
1825 2 2 0 1 1002 1003 992
1826 2 2 0 1 1262 1621 1349
1827 2 2 0 1 2270 2726 1421
1828 2 2 0 1 633 2880 2246
1829 2 2 0 1 1709 1710 1708
1830 2 2 0 1 1711 1712 1323
1831 2 2 0 1 740 2164 327
1832 2 2 0 1 71 2381 2379
1833 2 2 0 1 441 842 444
1834 2 2 0 1 932 2308 1203
1835 2 2 0 1 861 2130 435
1836 2 2 0 1 346 347 345
1837 2 2 0 1 1529 1881 1528
1838 2 2 0 1 2384 2552 1149
1839 2 2 0 1 401 2244 403
1840 2 2 0 1 748 2711 2377
1841 2 2 0 1 1817 2435 1495
1842 2 2 0 1 350 351 349
1843 2 2 0 1 1060 2249 1059
1844 2 2 0 1 496 2396 709
1845 2 2 0 1 325 740 327
1846 2 2 0 1 1496 1548 1495
1847 2 2 0 1 317 318 316
1848 2 2 0 1 894 895 893
1849 2 2 0 1 1550 1718 1384
1850 2 2 0 1 2267 2268 240
1851 2 2 0 1 2572 2573 653
1852 2 2 0 1 1173 1311 1172
1853 2 2 0 1 2171 2174 2173
1854 2 2 0 1 1542 1946 1598
1855 2 2 0 1 979 1262 1078
1856 2 2 0 1 246 2333 94
1857 2 2 0 1 215 2332 245
1858 2 2 0 1 2635 2802 796
1859 2 2 0 1 2254 2355 201
1860 2 2 0 1 1663 2614 1664
1861 2 2 0 1 611 2307 659
1862 2 2 0 1 878 2160 2159
1863 2 2 0 1 1288 2235 1290
1864 2 2 0 1 362 363 361
1865 2 2 0 1 321 878 323
1866 2 2 0 1 2163 2958 2952
1867 2 2 0 1 319 321 320
1868 2 2 0 1 1102 1105 1103
1869 2 2 0 1 1115 1298 1114
1870 2 2 0 1 2559 2565 1578
1871 2 2 0 1 2193 2194 2192
1872 2 2 0 1 1069 1378 1070
1873 2 2 0 1 2184 2188 2187
1874 2 2 0 1 902 969 816
1875 2 2 0 1 1339 2339 1039
1876 2 2 0 1 865 874 362
1877 2 2 0 1 1100 1102 1101
1878 2 2 0 1 1953 1955 1954
1879 2 2 0 1 831 2336 1069
1880 2 2 0 1 688 2234 692
1881 2 2 0 1 428 3118 2169
1882 2 2 0 1 962 2316 928
1883 2 2 0 1 1290 1677 1506
1884 2 2 0 1 1176 2328 1142
1885 2 2 0 1 831 1069 940
1886 2 2 0 1 631 2148 629
1887 2 2 0 1 1311 1665 1313
1888 2 2 0 1 1467 1468 1466
1889 2 2 0 1 1512 2371 1155
1890 2 2 0 1 1299 2251 1298
1891 2 2 0 1 642 2493 628
1892 2 2 0 1 692 776 702
1893 2 2 0 1 1618 2532 586
1894 2 2 0 1 1494 1495 1252
1895 2 2 0 1 1668 2062 2061
1896 2 2 0 1 1051 2591 980
1897 2 2 0 1 2288 2954 1933
1898 2 2 0 1 1675 2282 1606
1899 2 2 0 1 1111 1114 1105
1900 2 2 0 1 868 869 352
1901 2 2 0 1 1555 2708 1126
1902 2 2 0 1 581 866 583
1903 2 2 0 1 1426 1826 1428
1904 2 2 0 1 1098 1100 1099
1905 2 2 0 1 1672 1932 1671
1906 2 2 0 1 2657 3247 530
1907 2 2 0 1 321 323 322
1908 2 2 0 1 1822 3037 2398
1909 2 2 0 1 804 2323 976
1910 2 2 0 1 542 1098 1097
1911 2 2 0 1 869 2161 352
1912 2 2 0 1 1469 1516 1468
1913 2 2 0 1 3015 3105 1779
1914 2 2 0 1 370 372 371
1915 2 2 0 1 1583 2367 2219
1916 2 2 0 1 360 361 359
1917 2 2 0 1 1016 2340 1018
1918 2 2 0 1 1370 1542 1371
1919 2 2 0 1 1004 2931 1006
1920 2 2 0 1 2104 2618 867
1921 2 2 0 1 2008 2558 1068
1922 2 2 0 1 356 357 355
1923 2 2 0 1 2939 2992 1625
1924 2 2 0 1 449 2210 453
1925 2 2 0 1 1465 1466 882
1926 2 2 0 1 2408 3012 2951
1927 2 2 0 1 310 314 102
1928 2 2 0 1 207 2223 309
1929 2 2 0 1 323 325 324
1930 2 2 0 1 2551 3128 2100
1931 2 2 0 1 70 2379 298
1932 2 2 0 1 1995 1996 1994
1933 2 2 0 1 881 1059 880
1934 2 2 0 1 1463 2326 2325
1935 2 2 0 1 566 2407 563
1936 2 2 0 1 455 2224 457
1937 2 2 0 1 562 2401 555
1938 2 2 0 1 2257 2258 236
1939 2 2 0 1 1495 2435 1252
1940 2 2 0 1 2126 2127 2124
1941 2 2 0 1 1179 1465 882
1942 2 2 0 1 1004 1006 1005
1943 2 2 0 1 382 384 383
1944 2 2 0 1 1840 1951 1517
1945 2 2 0 1 877 882 869
1946 2 2 0 1 2396 2397 709
1947 2 2 0 1 2238 2240 2239
1948 2 2 0 1 2321 2322 1626
1949 2 2 0 1 2240 2243 2241
1950 2 2 0 1 927 2308 932
1951 2 2 0 1 2220 2568 724
1952 2 2 0 1 1783 2484 930
1953 2 2 0 1 2862 3180 289
1954 2 2 0 1 1505 1606 1312
1955 2 2 0 1 1951 2038 1517
1956 2 2 0 1 1224 1228 993
1957 2 2 0 1 110 2360 258
1958 2 2 0 1 1510 1754 1696
1959 2 2 0 1 1668 2061 1523
1960 2 2 0 1 1831 2103 1478
1961 2 2 0 1 528 542 527
1962 2 2 0 1 899 2338 905
1963 2 2 0 1 2101 2102 2027
1964 2 2 0 1 1068 2558 1026
1965 2 2 0 1 124 2937 2853
1966 2 2 0 1 1387 1737 1714
1967 2 2 0 1 1159 2371 1346
1968 2 2 0 1 2190 2822 1714
1969 2 2 0 1 921 2345 925
1970 2 2 0 1 1293 1600 1294
1971 2 2 0 1 2926 3126 680
1972 2 2 0 1 874 2157 362
1973 2 2 0 1 1374 2181 1583
1974 2 2 0 1 1059 1488 1482
1975 2 2 0 1 2043 2757 2044
1976 2 2 0 1 2160 3174 2159
1977 2 2 0 1 680 3250 1942
1978 2 2 0 1 1018 2340 1021
1979 2 2 0 1 1442 1897 1735
1980 2 2 0 1 112 2362 278
1981 2 2 0 1 1227 1426 1226
1982 2 2 0 1 346 2300 347
1983 2 2 0 1 1250 1441 1430
1984 2 2 0 1 2227 2228 1574
1985 2 2 0 1 1181 1226 860
1986 2 2 0 1 241 2291 2290
1987 2 2 0 1 1110 2237 1119
1988 2 2 0 1 516 524 513
1989 2 2 0 1 350 2300 868
1990 2 2 0 1 1171 1172 1060
1991 2 2 0 1 325 327 326
1992 2 2 0 1 1164 2149 372
1993 2 2 0 1 860 2280 787
1994 2 2 0 1 580 2383 974
1995 2 2 0 1 1374 1583 1265
1996 2 2 0 1 1106 1116 1108
1997 2 2 0 1 1174 1177 1169
1998 2 2 0 1 453 471 455
1999 2 2 0 1 1222 2042 2041
2000 2 2 0 1 1718 2966 2198
2001 2 2 0 1 2209 3119 1872
2002 2 2 0 1 1531 2628 2377
2003 2 2 0 1 1203 1205 1204
2004 2 2 0 1 2175 2824 2022
2005 2 2 0 1 1600 2024 1294
2006 2 2 0 1 925 2345 1411
2007 2 2 0 1 2093 3246 20
2008 2 2 0 1 1486 1487 1485
2009 2 2 0 1 271 2085 100
2010 2 2 0 1 889 891 890
2011 2 2 0 1 2000 3026 2178
2012 2 2 0 1 887 2445 536
2013 2 2 0 1 1739 1976 1472
2014 2 2 0 1 672 1387 1386
2015 2 2 0 1 1328 2289 1355
2016 2 2 0 1 1754 2306 2000
2017 2 2 0 1 2010 3143 3005
2018 2 2 0 1 549 550 548
2019 2 2 0 1 550 1305 548
2020 2 2 0 1 1535 2879 1230
2021 2 2 0 1 1441 1442 1430
2022 2 2 0 1 2800 2815 2415
2023 2 2 0 1 1130 2348 1131
2024 2 2 0 1 1603 2183 1248
2025 2 2 0 1 1246 1603 1248
2026 2 2 0 1 367 370 369
2027 2 2 0 1 754 2271 835
2028 2 2 0 1 1281 2388 1279
2029 2 2 0 1 1108 2237 1110
2030 2 2 0 1 518 2272 516
2031 2 2 0 1 1570 2212 1335
2032 2 2 0 1 2778 2869 2066
2033 2 2 0 1 823 880 717
2034 2 2 0 1 837 2324 839
2035 2 2 0 1 1862 2262 1513
2036 2 2 0 1 1078 2099 857
2037 2 2 0 1 1527 2382 1136
2038 2 2 0 1 1240 2226 1241
2039 2 2 0 1 2061 2553 1523
2040 2 2 0 1 1232 1335 1054
2041 2 2 0 1 723 2441 571
2042 2 2 0 1 746 816 728
2043 2 2 0 1 1293 1294 1072
2044 2 2 0 1 1090 1625 1624
2045 2 2 0 1 592 594 593
2046 2 2 0 1 2292 2293 2291
2047 2 2 0 1 723 3269 1967
2048 2 2 0 1 1774 1775 1425
2049 2 2 0 1 2688 2752 1692
2050 2 2 0 1 388 390 389
2051 2 2 0 1 58 2257 236
2052 2 2 0 1 235 2256 33
2053 2 2 0 1 837 838 682
2054 2 2 0 1 1054 2222 826
2055 2 2 0 1 905 2338 1128
2056 2 2 0 1 1380 1822 1561
2057 2 2 0 1 941 2418 943
2058 2 2 0 1 1839 1970 1838
2059 2 2 0 1 1486 1964 1963
2060 2 2 0 1 1496 2321 1626
2061 2 2 0 1 445 2561 449
2062 2 2 0 1 1311 2176 1665
2063 2 2 0 1 1128 2338 1544
2064 2 2 0 1 413 416 415
2065 2 2 0 1 207 309 206
2066 2 2 0 1 103 310 102
2067 2 2 0 1 835 1463 1336
2068 2 2 0 1 757 831 759
2069 2 2 0 1 327 329 328
2070 2 2 0 1 817 2609 2576
2071 2 2 0 1 2308 3284 2053
2072 2 2 0 1 526 527 520
2073 2 2 0 1 2285 2556 503
2074 2 2 0 1 1298 1485 1114
2075 2 2 0 1 1426 1428 1226
2076 2 2 0 1 1547 2597 478
2077 2 2 0 1 1670 1671 1067
2078 2 2 0 1 360 865 362
2079 2 2 0 1 329 331 330
2080 2 2 0 1 1346 1522 1242
2081 2 2 0 1 63 2267 240
2082 2 2 0 1 239 2266 28
2083 2 2 0 1 1304 2289 1328
2084 2 2 0 1 2273 2274 524
2085 2 2 0 1 1963 1984 1487
2086 2 2 0 1 1447 2335 1318
2087 2 2 0 1 520 2278 518
2088 2 2 0 1 331 333 332
2089 2 2 0 1 333 335 334
2090 2 2 0 1 1505 2346 1675
2091 2 2 0 1 2464 3048 1440
2092 2 2 0 1 842 1166 444
2093 2 2 0 1 715 867 713
2094 2 2 0 1 1559 1791 1418
2095 2 2 0 1 1059 2249 1488
2096 2 2 0 1 1399 2393 1091
2097 2 2 0 1 457 1240 959
2098 2 2 0 1 839 840 838
2099 2 2 0 1 1829 2953 2326
2100 2 2 0 1 2003 2004 1977
2101 2 2 0 1 1344 1425 1296
2102 2 2 0 1 1941 2925 1774
2103 2 2 0 1 1205 1207 1206
2104 2 2 0 1 1173 1312 1311
2105 2 2 0 1 1704 1808 1453
2106 2 2 0 1 1890 3114 2368
2107 2 2 0 1 1167 1168 1166
2108 2 2 0 1 2212 2531 2214
2109 2 2 0 1 1136 2382 1137
2110 2 2 0 1 1427 2221 1426
2111 2 2 0 1 2521 3113 2024
2112 2 2 0 1 114 2373 248
2113 2 2 0 1 563 2407 562
2114 2 2 0 1 1565 2369 1683
2115 2 2 0 1 542 1097 527
2116 2 2 0 1 1513 2262 1813
2117 2 2 0 1 555 2401 554
2118 2 2 0 1 372 965 373
2119 2 2 0 1 1146 2565 2559
2120 2 2 0 1 1505 1675 1606
2121 2 2 0 1 835 2271 1463
2122 2 2 0 1 407 1261 410
2123 2 2 0 1 1102 1111 1105
2124 2 2 0 1 265 2301 211
2125 2 2 0 1 586 2532 584
2126 2 2 0 1 881 1060 1059
2127 2 2 0 1 1110 1119 1113
2128 2 2 0 1 1667 1668 1523
2129 2 2 0 1 319 320 318
2130 2 2 0 1 1311 1313 1172
2131 2 2 0 1 276 2254 202
2132 2 2 0 1 1098 1099 1097
2133 2 2 0 1 789 860 787
2134 2 2 0 1 1403 2414 884
2135 2 2 0 1 301 2353 74
2136 2 2 0 1 1001 2179 958
2137 2 2 0 1 1234 2316 962
2138 2 2 0 1 1750 2989 1749
2139 2 2 0 1 2265 2521 1600
2140 2 2 0 1 2357 2358 30
2141 2 2 0 1 2274 2277 2276
2142 2 2 0 1 654 2750 691
2143 2 2 0 1 1346 1827 1522
2144 2 2 0 1 1494 2323 2321
2145 2 2 0 1 1171 1173 1172
2146 2 2 0 1 2183 2185 2184
2147 2 2 0 1 1496 1626 1549
2148 2 2 0 1 1770 2969 2114
2149 2 2 0 1 676 2557 673
2150 2 2 0 1 1531 2376 2375
2151 2 2 0 1 266 2356 97
2152 2 2 0 1 1519 1838 1427
2153 2 2 0 1 1489 2106 2105
2154 2 2 0 1 1842 1975 1537
2155 2 2 0 1 2316 2642 928
2156 2 2 0 1 1974 3100 1958
2157 2 2 0 1 719 2455 576
2158 2 2 0 1 829 1529 1528
2159 2 2 0 1 335 337 336
2160 2 2 0 1 989 1952 1055
2161 2 2 0 1 1276 1277 1275
2162 2 2 0 1 1075 2334 596
2163 2 2 0 1 337 339 338
2164 2 2 0 1 705 2491 2271
2165 2 2 0 1 1241 1574 1572
2166 2 2 0 1 1100 1101 1099
2167 2 2 0 1 823 881 880
2168 2 2 0 1 870 879 840
2169 2 2 0 1 101 271 100
2170 2 2 0 1 209 272 208
2171 2 2 0 1 1207 1209 1208
2172 2 2 0 1 612 613 611
2173 2 2 0 1 1051 2869 2778
2174 2 2 0 1 1489 2364 2106
2175 2 2 0 1 1796 2006 2005
2176 2 2 0 1 339 341 340
2177 2 2 0 1 293 2357 31
2178 2 2 0 1 713 2318 534
2179 2 2 0 1 1643 1845 1512
2180 2 2 0 1 1689 1936 1786
2181 2 2 0 1 518 2278 2272
2182 2 2 0 1 1749 2534 806
2183 2 2 0 1 651 2491 662
2184 2 2 0 1 1203 2587 1205
2185 2 2 0 1 547 548 540
2186 2 2 0 1 1159 1346 1242
2187 2 2 0 1 2349 2350 1716
2188 2 2 0 1 1488 2364 1489
2189 2 2 0 1 341 343 342
2190 2 2 0 1 2264 2265 1600
2191 2 2 0 1 350 868 352
2192 2 2 0 1 1021 1024 1022
2193 2 2 0 1 2444 2950 86
2194 2 2 0 1 1111 1115 1114
2195 2 2 0 1 2296 2501 297
2196 2 2 0 1 1102 1103 1101
2197 2 2 0 1 683 2494 2286
2198 2 2 0 1 2382 2506 1176
2199 2 2 0 1 1409 1804 1408
2200 2 2 0 1 347 2300 350
2201 2 2 0 1 1979 2347 1400
2202 2 2 0 1 1014 1032 1016
2203 2 2 0 1 1098 1104 1100
2204 2 2 0 1 594 596 595
2205 2 2 0 1 1115 1299 1298
2206 2 2 0 1 2730 3003 2118
2207 2 2 0 1 241 2290 23
2208 2 2 0 1 68 2299 242
2209 2 2 0 1 1257 1512 1155
2210 2 2 0 1 925 1411 927
2211 2 2 0 1 34 2310 235
2212 2 2 0 1 866 2690 583
2213 2 2 0 1 1073 1293 1072
2214 2 2 0 1 1299 2252 2251
2215 2 2 0 1 1686 2316 1234
2216 2 2 0 1 561 562 555
2217 2 2 0 1 553 554 551
2218 2 2 0 1 241 2292 2291
2219 2 2 0 1 718 2492 823
2220 2 2 0 1 379 382 381
2221 2 2 0 1 1708 2248 1707
2222 2 2 0 1 1799 2550 937
2223 2 2 0 1 1236 1686 1234
2224 2 2 0 1 2170 2171 1261
2225 2 2 0 1 212 265 211
2226 2 2 0 1 98 266 97
2227 2 2 0 1 565 566 563
2228 2 2 0 1 1118 1740 1308
2229 2 2 0 1 2452 3027 1793
2230 2 2 0 1 997 2437 885
2231 2 2 0 1 3069 3076 1945
2232 2 2 0 1 1089 1321 1091
2233 2 2 0 1 932 1203 1202
2234 2 2 0 1 1998 1999 1996
2235 2 2 0 1 58 236 57
2236 2 2 0 1 34 235 33
2237 2 2 0 1 888 2424 889
2238 2 2 0 1 1348 1472 1001
2239 2 2 0 1 638 643 637
2240 2 2 0 1 948 3152 3099
2241 2 2 0 1 907 1054 826
2242 2 2 0 1 32 293 31
2243 2 2 0 1 60 294 59
2244 2 2 0 1 1059 1482 880
2245 2 2 0 1 1378 2136 1380
2246 2 2 0 1 63 240 62
2247 2 2 0 1 29 239 28
2248 2 2 0 1 2348 2349 1716
2249 2 2 0 1 1583 2219 2218
2250 2 2 0 1 30 2358 29
2251 2 2 0 1 1105 1106 1103
2252 2 2 0 1 636 637 631
2253 2 2 0 1 1880 2951 1856
2254 2 2 0 1 2368 2399 1795
2255 2 2 0 1 1792 1831 1478
2256 2 2 0 1 2443 2479 313
2257 2 2 0 1 1839 3290 2024
2258 2 2 0 1 1375 1715 1527
2259 2 2 0 1 1912 1926 1831
2260 2 2 0 1 1356 1523 1076
2261 2 2 0 1 1266 1374 1265
2262 2 2 0 1 2034 2786 2032
2263 2 2 0 1 2303 2304 2302
2264 2 2 0 1 605 608 607
2265 2 2 0 1 2025 2930 1164
2266 2 2 0 1 1549 2236 1548
2267 2 2 0 1 1715 1868 1717
2268 2 2 0 1 603 605 604
2269 2 2 0 1 390 392 391
2270 2 2 0 1 1758 2833 1892
2271 2 2 0 1 1257 1643 1512
2272 2 2 0 1 1627 1709 1708
2273 2 2 0 1 1575 2009 1722
2274 2 2 0 1 1328 1355 1354
2275 2 2 0 1 576 2455 575
2276 2 2 0 1 1128 1544 1304
2277 2 2 0 1 976 2323 1494
2278 2 2 0 1 2212 2214 2213
2279 2 2 0 1 1455 1478 1374
2280 2 2 0 1 1469 1840 1517
2281 2 2 0 1 2385 2387 2386
2282 2 2 0 1 1418 2250 1415
2283 2 2 0 1 1426 2221 1826
2284 2 2 0 1 1702 3191 1857
2285 2 2 0 1 65 296 64
2286 2 2 0 1 27 295 26
2287 2 2 0 1 1400 2347 1376
2288 2 2 0 1 1159 1242 1160
2289 2 2 0 1 1386 2152 670
2290 2 2 0 1 608 610 609
2291 2 2 0 1 1265 2218 1041
2292 2 2 0 1 901 1531 1095
2293 2 2 0 1 1153 1257 1155
2294 2 2 0 1 2344 3069 1945
2295 2 2 0 1 490 876 488
2296 2 2 0 1 366 367 365
2297 2 2 0 1 2042 2052 2043
2298 2 2 0 1 599 603 602
2299 2 2 0 1 2258 2260 2259
2300 2 2 0 1 1494 2321 1496
2301 2 2 0 1 418 422 419
2302 2 2 0 1 1819 2512 1492
2303 2 2 0 1 431 433 432
2304 2 2 0 1 319 2189 321
2305 2 2 0 1 526 528 527
2306 2 2 0 1 1243 2232 1246
2307 2 2 0 1 818 872 795
2308 2 2 0 1 2238 2239 1119
2309 2 2 0 1 1682 2791 1680
2310 2 2 0 1 2225 2226 1240
2311 2 2 0 1 385 388 387
2312 2 2 0 1 1069 2336 1379
2313 2 2 0 1 943 2418 956
2314 2 2 0 1 1488 1489 1482
2315 2 2 0 1 968 1072 873
2316 2 2 0 1 416 417 415
2317 2 2 0 1 302 2390 55
2318 2 2 0 1 36 2389 303
2319 2 2 0 1 375 378 377
2320 2 2 0 1 574 575 567
2321 2 2 0 1 2291 2296 2290
2322 2 2 0 1 1181 1227 1226
2323 2 2 0 1 789 2374 1181
2324 2 2 0 1 1104 2503 1100
2325 2 2 0 1 789 1181 860
2326 2 2 0 1 2181 2367 1583
2327 2 2 0 1 1102 2503 1111
2328 2 2 0 1 1209 1211 1210
2329 2 2 0 1 2260 2910 2646
2330 2 2 0 1 2335 2437 1318
2331 2 2 0 1 1153 1155 1154
2332 2 2 0 1 1463 2325 1336
2333 2 2 0 1 24 241 23
2334 2 2 0 1 68 242 67
2335 2 2 0 1 1375 2348 1716
2336 2 2 0 1 1134 1375 1136
2337 2 2 0 1 243 2381 72
2338 2 2 0 1 66 2366 65
2339 2 2 0 1 1097 2510 2278
2340 2 2 0 1 1737 2661 2660
2341 2 2 0 1 1709 1816 1710
2342 2 2 0 1 1018 1021 1020
2343 2 2 0 1 2258 2341 2260
2344 2 2 0 1 347 349 348
2345 2 2 0 1 1546 1869 1302
2346 2 2 0 1 2325 2369 1565
2347 2 2 0 1 877 1179 882
2348 2 2 0 1 1246 1248 1247
2349 2 2 0 1 360 2520 865
2350 2 2 0 1 868 877 869
2351 2 2 0 1 776 2309 702
2352 2 2 0 1 865 875 874
2353 2 2 0 1 343 345 344
2354 2 2 0 1 1395 1537 1220
2355 2 2 0 1 1482 2498 880
2356 2 2 0 1 1248 1250 1249
2357 2 2 0 1 2426 3052 2036
2358 2 2 0 1 1894 1896 1895
2359 2 2 0 1 1879 2966 1718
2360 2 2 0 1 433 435 434
2361 2 2 0 1 95 246 94
2362 2 2 0 1 215 245 214
2363 2 2 0 1 1227 1427 1426
2364 2 2 0 1 523 2649 887
2365 2 2 0 1 2377 3031 2376
2366 2 2 0 1 503 2395 500
2367 2 2 0 1 1376 1865 1309
2368 2 2 0 1 1651 3146 1773
2369 2 2 0 1 578 719 576
2370 2 2 0 1 2240 2241 2239
2371 2 2 0 1 1321 1768 1399
2372 2 2 0 1 1090 2762 1625
2373 2 2 0 1 1479 1480 1340
2374 2 2 0 1 2785 2820 1048
2375 2 2 0 1 1805 2121 1804
2376 2 2 0 1 1442 1735 1443
2377 2 2 0 1 321 322 320
2378 2 2 0 1 385 2413 388
2379 2 2 0 1 356 2520 357
2380 2 2 0 1 1250 1430 1429
2381 2 2 0 1 1278 1279 1277
2382 2 2 0 1 1736 2949 2469
2383 2 2 0 1 2180 2733 1635
2384 2 2 0 1 22 297 21
2385 2 2 0 1 70 298 69
2386 2 2 0 1 1532 2136 1378
2387 2 2 0 1 2367 3277 2978
2388 2 2 0 1 2106 2107 2105
2389 2 2 0 1 1556 1557 1555
2390 2 2 0 1 1264 1265 1041
2391 2 2 0 1 323 324 322
2392 2 2 0 1 596 600 597
2393 2 2 0 1 1144 2328 1149
2394 2 2 0 1 421 1543 424
2395 2 2 0 1 850 851 849
2396 2 2 0 1 1574 2230 1572
2397 2 2 0 1 1140 1176 1142
2398 2 2 0 1 1336 2325 1565
2399 2 2 0 1 1677 1958 1506
2400 2 2 0 1 93 2333 304
2401 2 2 0 1 299 2332 216
2402 2 2 0 1 1769 3270 2451
2403 2 2 0 1 2104 2498 1482
2404 2 2 0 1 2239 2513 1119
2405 2 2 0 1 867 2318 713
2406 2 2 0 1 1142 2328 1144
2407 2 2 0 1 976 1252 1047
2408 2 2 0 1 2258 2259 236
2409 2 2 0 1 236 2261 57
2410 2 2 0 1 549 551 550
2411 2 2 0 1 2349 2351 2350
2412 2 2 0 1 496 709 494
2413 2 2 0 1 1231 1732 1316
2414 2 2 0 1 1931 1957 1956
2415 2 2 0 1 843 2090 398
2416 2 2 0 1 902 1067 969
2417 2 2 0 1 2188 3247 2187
2418 2 2 0 1 1558 1680 1557
2419 2 2 0 1 1519 1839 1838
2420 2 2 0 1 1443 3281 1973
2421 2 2 0 1 2573 3033 2749
2422 2 2 0 1 746 902 816
2423 2 2 0 1 1625 2992 1921
2424 2 2 0 1 110 258 109
2425 2 2 0 1 200 257 199
2426 2 2 0 1 1591 2400 1597
2427 2 2 0 1 102 314 101
2428 2 2 0 1 208 2223 207
2429 2 2 0 1 1236 1973 1686
2430 2 2 0 1 1137 2382 1140
2431 2 2 0 1 353 355 354
2432 2 2 0 1 71 2379 70
2433 2 2 0 1 1375 1527 1136
2434 2 2 0 1 1715 1717 1527
2435 2 2 0 1 1309 2264 1293
2436 2 2 0 1 1111 2503 1820
2437 2 2 0 1 1131 2348 1134
2438 2 2 0 1 1992 1995 1994
2439 2 2 0 1 1791 2250 1418
2440 2 2 0 1 1475 2222 1054
2441 2 2 0 1 1735 2089 1935
2442 2 2 0 1 1240 1241 959
2443 2 2 0 1 1453 2519 982
2444 2 2 0 1 198 277 197
2445 2 2 0 1 112 278 111
2446 2 2 0 1 1393 3044 2253
2447 2 2 0 1 73 2353 243
2448 2 2 0 1 1371 2388 1281
2449 2 2 0 1 1814 1815 1450
2450 2 2 0 1 665 3171 2826
2451 2 2 0 1 1144 1149 1147
2452 2 2 0 1 1150 1153 1152
2453 2 2 0 1 279 2579 193
2454 2 2 0 1 1868 2029 1717
2455 2 2 0 1 498 2396 496
2456 2 2 0 1 1318 2437 997
2457 2 2 0 1 2075 2990 2077
2458 2 2 0 1 844 2151 649
2459 2 2 0 1 1243 1246 1245
2460 2 2 0 1 1762 2420 1752
2461 2 2 0 1 196 247 195
2462 2 2 0 1 114 248 113
2463 2 2 0 1 1156 2371 1159
2464 2 2 0 1 556 2450 710
2465 2 2 0 1 1375 1716 1715
2466 2 2 0 1 2441 2858 2713
2467 2 2 0 1 865 2520 1855
2468 2 2 0 1 1728 1819 1492
2469 2 2 0 1 717 2498 715
2470 2 2 0 1 392 394 393
2471 2 2 0 1 19 244 18
2472 2 2 0 1 73 243 72
2473 2 2 0 1 435 437 436
2474 2 2 0 1 2224 3028 2225
2475 2 2 0 1 2191 2203 879
2476 2 2 0 1 2051 3253 2049
2477 2 2 0 1 1024 2430 1049
2478 2 2 0 1 131 2819 284
2479 2 2 0 1 357 359 358
2480 2 2 0 1 107 275 106
2481 2 2 0 1 203 276 202
2482 2 2 0 1 547 549 548
2483 2 2 0 1 2222 2744 812
2484 2 2 0 1 2123 3063 229
2485 2 2 0 1 871 1394 994
2486 2 2 0 1 770 2392 769
2487 2 2 0 1 1297 2647 1648
2488 2 2 0 1 1024 1026 1025
2489 2 2 0 1 300 2409 16
2490 2 2 0 1 75 2410 301
2491 2 2 0 1 1156 1159 1158
2492 2 2 0 1 2200 2201 1392
2493 2 2 0 1 1551 1979 1400
2494 2 2 0 1 855 2440 862
2495 2 2 0 1 1305 2689 548
2496 2 2 0 1 1450 2335 1447
2497 2 2 0 1 33 2256 32
2498 2 2 0 1 59 2257 58
2499 2 2 0 1 2193 2199 2198
2500 2 2 0 1 714 715 713
2501 2 2 0 1 1672 1933 1932
2502 2 2 0 1 524 2275 513
2503 2 2 0 1 325 326 324
2504 2 2 0 1 2492 2637 2631
2505 2 2 0 1 1385 1841 1662
2506 2 2 0 1 1916 2352 1653
2507 2 2 0 1 882 2391 869
2508 2 2 0 1 1754 2000 1696
2509 2 2 0 1 2468 2470 2469
2510 2 2 0 1 1222 2587 2042
2511 2 2 0 1 1916 2403 2352
2512 2 2 0 1 1155 2371 1156
2513 2 2 0 1 1134 2348 1375
2514 2 2 0 1 662 2491 705
2515 2 2 0 1 1740 2343 1308
2516 2 2 0 1 1419 1559 1418
2517 2 2 0 1 585 2690 700
2518 2 2 0 1 28 2266 27
2519 2 2 0 1 64 2267 63
2520 2 2 0 1 2631 2637 1620
2521 2 2 0 1 427 431 430
2522 2 2 0 1 934 2654 2282
2523 2 2 0 1 1404 2873 1161
2524 2 2 0 1 512 513 511
2525 2 2 0 1 1616 3280 1900
2526 2 2 0 1 739 750 737
2527 2 2 0 1 1236 2399 1973
2528 2 2 0 1 283 2417 2378
2529 2 2 0 1 1815 2335 1450
2530 2 2 0 1 1971 1972 1559
2531 2 2 0 1 1890 2368 1795
2532 2 2 0 1 24 2294 241
2533 2 2 0 1 1293 2264 1600
2534 2 2 0 1 343 2808 346
2535 2 2 0 1 2374 2712 2638
2536 2 2 0 1 1140 2382 1176
2537 2 2 0 1 1670 1672 1671
2538 2 2 0 1 958 2663 755
2539 2 2 0 1 1211 1213 1212
2540 2 2 0 1 1653 2529 1268
2541 2 2 0 1 1499 1555 1126
2542 2 2 0 1 1845 2095 1512
2543 2 2 0 1 1058 1231 1183
2544 2 2 0 1 1993 1997 1991
2545 2 2 0 1 735 736 722
2546 2 2 0 1 1356 1667 1523
2547 2 2 0 1 56 302 55
2548 2 2 0 1 36 303 35
2549 2 2 0 1 1484 2622 1802
2550 2 2 0 1 2242 2513 2239
2551 2 2 0 1 818 873 872
2552 2 2 0 1 1644 1756 1643
2553 2 2 0 1 1246 2232 1603
2554 2 2 0 1 506 507 504
2555 2 2 0 1 606 2055 602
2556 2 2 0 1 2341 2496 1914
2557 2 2 0 1 884 2414 964
2558 2 2 0 1 1169 2320 1168
2559 2 2 0 1 211 2301 210
2560 2 2 0 1 816 2644 728
2561 2 2 0 1 1681 1682 1680
2562 2 2 0 1 487 833 538
2563 2 2 0 1 2017 2864 1083
2564 2 2 0 1 2395 2396 498
2565 2 2 0 1 257 2361 199
2566 2 2 0 1 1417 1418 1415
2567 2 2 0 1 600 632 601
2568 2 2 0 1 1752 2420 1580
2569 2 2 0 1 1802 2385 1836
2570 2 2 0 1 1226 2279 860
2571 2 2 0 1 1067 2593 969
2572 2 2 0 1 650 657 649
2573 2 2 0 1 1069 1070 940
2574 2 2 0 1 194 279 193
2575 2 2 0 1 116 280 115
2576 2 2 0 1 541 3283 2185
2577 2 2 0 1 515 516 513
2578 2 2 0 1 2132 3294 1473
2579 2 2 0 1 23 2290 22
2580 2 2 0 1 69 2299 68
2581 2 2 0 1 831 940 759
2582 2 2 0 1 1378 1380 1070
2583 2 2 0 1 1627 2543 1709
2584 2 2 0 1 1583 2218 1265
2585 2 2 0 1 1114 2287 1105
2586 2 2 0 1 502 503 500
2587 2 2 0 1 260 2460 2459
2588 2 2 0 1 2221 2485 1826
2589 2 2 0 1 363 365 364
2590 2 2 0 1 97 2356 96
2591 2 2 0 1 848 2464 846
2592 2 2 0 1 277 2363 197
2593 2 2 0 1 2017 2518 1711
2594 2 2 0 1 1481 1770 1480
2595 2 2 0 1 804 976 825
2596 2 2 0 1 1084 1171 1060
2597 2 2 0 1 205 2535 204
2598 2 2 0 1 1823 2248 1708
2599 2 2 0 1 1090 1624 1088
2600 2 2 0 1 94 2333 93
2601 2 2 0 1 216 2332 215
2602 2 2 0 1 198 2361 277
2603 2 2 0 1 1463 2837 2326
2604 2 2 0 1 1504 1505 1312
2605 2 2 0 1 31 2357 30
2606 2 2 0 1 968 1073 1072
2607 2 2 0 1 472 2854 339
2608 2 2 0 1 1822 1962 1561
2609 2 2 0 1 753 779 751
2610 2 2 0 1 1308 2343 1753
2611 2 2 0 1 852 857 851
2612 2 2 0 1 517 518 516
2613 2 2 0 1 199 2361 198
2614 2 2 0 1 273 3016 2476
2615 2 2 0 1 1530 2556 2523
2616 2 2 0 1 702 2309 726
2617 2 2 0 1 716 717 715
2618 2 2 0 1 370 371 369
2619 2 2 0 1 72 2381 71
2620 2 2 0 1 200 2355 257
2621 2 2 0 1 1513 1813 1514
2622 2 2 0 1 217 299 216
2623 2 2 0 1 93 304 92
2624 2 2 0 1 648 649 646
2625 2 2 0 1 197 2363 196
2626 2 2 0 1 259 2411 218
2627 2 2 0 1 91 2412 260
2628 2 2 0 1 561 563 562
2629 2 2 0 1 553 555 554
2630 2 2 0 1 327 328 326
2631 2 2 0 1 1800 1953 1682
2632 2 2 0 1 1630 2480 1632
2633 2 2 0 1 1076 2553 801
2634 2 2 0 1 1232 1570 1335
2635 2 2 0 1 808 1749 806
2636 2 2 0 1 196 2363 247
2637 2 2 0 1 964 2414 1130
2638 2 2 0 1 1073 1309 1293
2639 2 2 0 1 1326 1633 1630
2640 2 2 0 1 1153 1154 1152
2641 2 2 0 1 2253 3049 776
2642 2 2 0 1 2497 3167 1633
2643 2 2 0 1 2980 3146 273
2644 2 2 0 1 718 823 717
2645 2 2 0 1 632 639 633
2646 2 2 0 1 1856 2951 2856
2647 2 2 0 1 519 520 518
2648 2 2 0 1 536 2445 545
2649 2 2 0 1 710 2450 745
2650 2 2 0 1 485 1547 478
2651 2 2 0 1 35 2310 34
2652 2 2 0 1 394 396 395
2653 2 2 0 1 201 2355 200
2654 2 2 0 1 1280 1281 1279
2655 2 2 0 1 621 2495 690
2656 2 2 0 1 2385 2386 1836
2657 2 2 0 1 1030 1035 1031
2658 2 2 0 1 930 2484 1085
2659 2 2 0 1 1762 2611 2420
2660 2 2 0 1 1115 2463 1299
2661 2 2 0 1 510 511 508
2662 2 2 0 1 913 2606 1577
2663 2 2 0 1 907 1232 1054
2664 2 2 0 1 1271 2600 1043
2665 2 2 0 1 1271 2601 2600
2666 2 2 0 1 1779 2994 1778
2667 2 2 0 1 571 2441 805
2668 2 2 0 1 1589 2400 1591
2669 2 2 0 1 2181 3277 2367
2670 2 2 0 1 1149 1150 1147
2671 2 2 0 1 17 300 16
2672 2 2 0 1 75 301 74
2673 2 2 0 1 2629 2680 1071
2674 2 2 0 1 559 713 534
2675 2 2 0 1 1923 3105 3015
2676 2 2 0 1 2474 2478 2477
2677 2 2 0 1 1006 1008 1007
2678 2 2 0 1 745 1966 1965
2679 2 2 0 1 2468 2469 269
2680 2 2 0 1 1591 1597 1593
2681 2 2 0 1 1155 1156 1154
2682 2 2 0 1 2073 3255 1605
2683 2 2 0 1 2294 2295 2292
2684 2 2 0 1 580 974 422
2685 2 2 0 1 1213 1215 1214
2686 2 2 0 1 1131 1134 1133
2687 2 2 0 1 814 2628 901
2688 2 2 0 1 1159 1160 1158
2689 2 2 0 1 329 330 328
2690 2 2 0 1 304 2412 92
2691 2 2 0 1 217 2411 299
2692 2 2 0 1 331 332 330
2693 2 2 0 1 1032 3056 2340
2694 2 2 0 1 256 2389 37
2695 2 2 0 1 54 2390 253
2696 2 2 0 1 333 334 332
2697 2 2 0 1 1818 2346 1505
2698 2 2 0 1 2018 2864 2017
2699 2 2 0 1 1771 2145 1770
2700 2 2 0 1 118 238 117
2701 2 2 0 1 192 237 191
2702 2 2 0 1 1272 2394 1526
2703 2 2 0 1 2380 2918 298
2704 2 2 0 1 354 2448 2447
2705 2 2 0 1 782 783 780
2706 2 2 0 1 1761 1762 1752
2707 2 2 0 1 1750 3024 2989
2708 2 2 0 1 545 2445 723
2709 2 2 0 1 1242 1243 1160
2710 2 2 0 1 822 1403 884
2711 2 2 0 1 614 615 613
2712 2 2 0 1 119 2288 118
2713 2 2 0 1 1531 2375 1095
2714 2 2 0 1 2204 2393 1399
2715 2 2 0 1 1266 1455 1374
2716 2 2 0 1 1264 1266 1265
2717 2 2 0 1 1792 1912 1831
2718 2 2 0 1 584 704 582
2719 2 2 0 1 2134 2135 2133
2720 2 2 0 1 2907 3040 599
2721 2 2 0 1 1632 2480 2312
2722 2 2 0 1 942 2492 718
2723 2 2 0 1 51 2453 267
2724 2 2 0 1 964 1130 1123
2725 2 2 0 1 1658 2404 2245
2726 2 2 0 1 1763 1767 1762
2727 2 2 0 1 55 2390 54
2728 2 2 0 1 37 2389 36
2729 2 2 0 1 1654 1916 1653
2730 2 2 0 1 830 1783 930
2731 2 2 0 1 1326 2435 1633
2732 2 2 0 1 1468 1470 1466
2733 2 2 0 1 1901 3177 2409
2734 2 2 0 1 1796 2005 1464
2735 2 2 0 1 1134 1136 1135
2736 2 2 0 1 545 723 571
2737 2 2 0 1 2081 2091 2090
2738 2 2 0 1 74 2353 73
2739 2 2 0 1 1455 1792 1478
2740 2 2 0 1 38 2451 256
2741 2 2 0 1 2491 2837 2271
2742 2 2 0 1 1632 2312 2311
2743 2 2 0 1 1709 2543 1906
2744 2 2 0 1 879 2203 1188
2745 2 2 0 1 2219 2220 2218
2746 2 2 0 1 15 2409 254
2747 2 2 0 1 255 2410 76
2748 2 2 0 1 1707 2236 1549
2749 2 2 0 1 745 2450 1966
2750 2 2 0 1 321 2189 878
2751 2 2 0 1 308 2470 2468
2752 2 2 0 1 2042 2587 2053
2753 2 2 0 1 833 2983 2119
2754 2 2 0 1 1390 2331 1389
2755 2 2 0 1 1568 1937 1569
2756 2 2 0 1 783 2672 2314
2757 2 2 0 1 467 2487 465
2758 2 2 0 1 1449 1450 1447
2759 2 2 0 1 858 979 857
2760 2 2 0 1 121 282 120
2761 2 2 0 1 189 281 188
2762 2 2 0 1 788 789 787
2763 2 2 0 1 1625 1921 1624
2764 2 2 0 1 525 526 520
2765 2 2 0 1 2366 2994 296
2766 2 2 0 1 2678 2842 411
2767 2 2 0 1 335 336 334
2768 2 2 0 1 639 654 640
2769 2 2 0 1 253 2452 53
2770 2 2 0 1 523 887 536
2771 2 2 0 1 1442 1443 1430
2772 2 2 0 1 1435 2530 1608
2773 2 2 0 1 2435 2497 1633
2774 2 2 0 1 2571 3013 1722
2775 2 2 0 1 272 3188 2223
2776 2 2 0 1 1089 2593 1321
2777 2 2 0 1 1813 2036 2035
2778 2 2 0 1 1912 1927 1926
2779 2 2 0 1 281 2574 188
2780 2 2 0 1 805 2441 1382
2781 2 2 0 1 531 532 528
2782 2 2 0 1 2155 3210 736
2783 2 2 0 1 1106 1108 1107
2784 2 2 0 1 833 1830 538
2785 2 2 0 1 2549 2825 1038
2786 2 2 0 1 1484 1802 1801
2787 2 2 0 1 610 612 611
2788 2 2 0 1 76 2410 75
2789 2 2 0 1 16 2409 15
2790 2 2 0 1 349 2447 830
2791 2 2 0 1 812 2610 747
2792 2 2 0 1 1175 1276 1275
2793 2 2 0 1 1451 1814 1450
2794 2 2 0 1 1246 1247 1245
2795 2 2 0 1 1622 1866 1621
2796 2 2 0 1 2474 2477 2476
2797 2 2 0 1 1802 1836 1803
2798 2 2 0 1 1150 2552 1153
2799 2 2 0 1 257 2632 2361
2800 2 2 0 1 1113 2513 1118
2801 2 2 0 1 1257 1644 1643
2802 2 2 0 1 219 2457 259
2803 2 2 0 1 187 233 186
2804 2 2 0 1 123 234 122
2805 2 2 0 1 891 893 892
2806 2 2 0 1 773 2392 770
2807 2 2 0 1 306 2466 2465
2808 2 2 0 1 897 984 983
2809 2 2 0 1 39 2451 38
2810 2 2 0 1 565 567 566
2811 2 2 0 1 53 2452 52
2812 2 2 0 1 269 2472 79
2813 2 2 0 1 754 835 834
2814 2 2 0 1 1548 1817 1495
2815 2 2 0 1 1536 2487 467
2816 2 2 0 1 437 439 438
2817 2 2 0 1 944 1301 942
2818 2 2 0 1 2452 2453 52
2819 2 2 0 1 1203 1204 1202
2820 2 2 0 1 79 2472 78
2821 2 2 0 1 1027 1030 1029
2822 2 2 0 1 1140 1142 1141
2823 2 2 0 1 805 1382 820
2824 2 2 0 1 2473 2478 2474
2825 2 2 0 1 484 2546 533
2826 2 2 0 1 1177 2320 1169
2827 2 2 0 1 1248 1249 1247
2828 2 2 0 1 1348 1739 1472
2829 2 2 0 1 1604 2564 1124
2830 2 2 0 1 220 2457 219
2831 2 2 0 1 88 2461 274
2832 2 2 0 1 1395 1842 1537
2833 2 2 0 1 1652 1653 1268
2834 2 2 0 1 260 2459 90
2835 2 2 0 1 339 340 338
2836 2 2 0 1 790 2374 789
2837 2 2 0 1 1258 1650 1649
2838 2 2 0 1 337 338 336
2839 2 2 0 1 539 540 532
2840 2 2 0 1 786 787 784
2841 2 2 0 1 1031 2589 1037
2842 2 2 0 1 690 3179 2033
2843 2 2 0 1 184 261 183
2844 2 2 0 1 126 262 125
2845 2 2 0 1 1250 1429 1249
2846 2 2 0 1 2274 2276 2275
2847 2 2 0 1 1385 2372 1841
2848 2 2 0 1 273 2458 221
2849 2 2 0 1 1194 2528 1582
2850 2 2 0 1 341 342 340
2851 2 2 0 1 1282 1370 1281
2852 2 2 0 1 1023 2909 2083
2853 2 2 0 1 372 373 371
2854 2 2 0 1 2473 2474 312
2855 2 2 0 1 1085 1568 1452
2856 2 2 0 1 90 2459 89
2857 2 2 0 1 574 576 575
2858 2 2 0 1 1142 1144 1143
2859 2 2 0 1 1238 1389 946
2860 2 2 0 1 1582 2621 1734
2861 2 2 0 1 382 383 381
2862 2 2 0 1 366 3077 2988
2863 2 2 0 1 540 2689 532
2864 2 2 0 1 1397 1833 1781
2865 2 2 0 1 220 2458 2457
2866 2 2 0 1 418 419 417
2867 2 2 0 1 793 2374 790
2868 2 2 0 1 2032 2975 841
2869 2 2 0 1 654 660 655
2870 2 2 0 1 2459 2461 89
2871 2 2 0 1 1397 2590 1833
2872 2 2 0 1 1165 2483 1554
2873 2 2 0 1 1984 1986 1985
2874 2 2 0 1 2326 2953 1292
2875 2 2 0 1 276 3025 2312
2876 2 2 0 1 1137 1140 1139
2877 2 2 0 1 671 672 670
2878 2 2 0 1 1432 1886 1873
2879 2 2 0 1 835 1336 1064
2880 2 2 0 1 1489 2105 2104
2881 2 2 0 1 2284 2523 2285
2882 2 2 0 1 1817 2497 2435
2883 2 2 0 1 1879 3272 2966
2884 2 2 0 1 1497 2942 2682
2885 2 2 0 1 15 254 14
2886 2 2 0 1 77 255 76
2887 2 2 0 1 129 232 128
2888 2 2 0 1 181 228 180
2889 2 2 0 1 431 432 430
2890 2 2 0 1 127 2313 126
2891 2 2 0 1 1776 2572 1941
2892 2 2 0 1 307 2478 2473
2893 2 2 0 1 38 256 37
2894 2 2 0 1 54 253 53
2895 2 2 0 1 1085 2484 1568
2896 2 2 0 1 1235 1236 1234
2897 2 2 0 1 347 348 345
2898 2 2 0 1 2322 2543 1626
2899 2 2 0 1 2474 2475 312
2900 2 2 0 1 808 1750 1749
2901 2 2 0 1 1500 3206 1502
2902 2 2 0 1 2623 3199 243
2903 2 2 0 1 1498 2018 2017
2904 2 2 0 1 1735 1935 1443
2905 2 2 0 1 218 2411 217
2906 2 2 0 1 92 2412 91
2907 2 2 0 1 1037 1163 1162
2908 2 2 0 1 52 2453 51
2909 2 2 0 1 131 284 130
2910 2 2 0 1 179 283 178
2911 2 2 0 1 2305 2511 2304
2912 2 2 0 1 1391 2099 1078
2913 2 2 0 1 1934 3164 2288
2914 2 2 0 1 669 670 663
2915 2 2 0 1 2487 2703 465
2916 2 2 0 1 1215 1217 1216
2917 2 2 0 1 1996 2548 1994
2918 2 2 0 1 2474 2476 2475
2919 2 2 0 1 578 720 719
2920 2 2 0 1 1518 1519 1427
2921 2 2 0 1 177 264 176
2922 2 2 0 1 133 263 132
2923 2 2 0 1 2282 2655 934
2924 2 2 0 1 1205 1206 1204
2925 2 2 0 1 2279 2280 860
2926 2 2 0 1 2257 2496 2258
2927 2 2 0 1 433 434 432
2928 2 2 0 1 378 379 377
2929 2 2 0 1 49 2456 305
2930 2 2 0 1 1261 2172 410
2931 2 2 0 1 506 508 507
2932 2 2 0 1 91 260 90
2933 2 2 0 1 219 259 218
2934 2 2 0 1 1108 1110 1109
2935 2 2 0 1 388 389 387
2936 2 2 0 1 89 2461 88
2937 2 2 0 1 1100 2503 1102
2938 2 2 0 1 1305 2752 2688
2939 2 2 0 1 51 267 50
2940 2 2 0 1 2501 2639 1483
2941 2 2 0 1 917 2652 1058
2942 2 2 0 1 1761 1763 1762
2943 2 2 0 1 267 2456 50
2944 2 2 0 1 794 795 793
2945 2 2 0 1 353 354 351
2946 2 2 0 1 2274 2742 2277
2947 2 2 0 1 221 2458 220
2948 2 2 0 1 306 2465 42
2949 2 2 0 1 268 2471 11
2950 2 2 0 1 80 2468 269
2951 2 2 0 1 502 504 503
2952 2 2 0 1 384 385 383
2953 2 2 0 1 1544 2915 2289
2954 2 2 0 1 1832 2671 973
2955 2 2 0 1 41 270 40
2956 2 2 0 1 41 2465 270
2957 2 2 0 1 12 268 11
2958 2 2 0 1 80 269 79
2959 2 2 0 1 49 305 48
2960 2 2 0 1 50 2456 49
2961 2 2 0 1 2076 2079 425
2962 2 2 0 1 308 2468 81
2963 2 2 0 1 10 2471 307
2964 2 2 0 1 660 666 661
2965 2 2 0 1 43 306 42
2966 2 2 0 1 11 2471 10
2967 2 2 0 1 81 2468 80
2968 2 2 0 1 42 2465 41
2969 2 2 0 1 1336 1565 1337
2970 2 2 0 1 439 441 440
2971 2 2 0 1 10 307 9
2972 2 2 0 1 82 308 81
2973 2 2 0 1 8 2473 312
2974 2 2 0 1 313 2479 83
2975 2 2 0 1 82 2479 308
2976 2 2 0 1 307 2473 9
2977 2 2 0 1 287 2943 2116
2978 2 2 0 1 88 274 87
2979 2 2 0 1 222 273 221
2980 2 2 0 1 45 311 44
2981 2 2 0 1 616 617 615
2982 2 2 0 1 9 2473 8
2983 2 2 0 1 83 2479 82
2984 2 2 0 1 84 313 83
2985 2 2 0 1 8 312 7
2986 2 2 0 1 1644 1757 1756
2987 2 2 0 1 1301 2492 942
2988 2 2 0 1 1233 1234 962
2989 2 2 0 1 174 227 173
2990 2 2 0 1 136 231 135
2991 2 2 0 1 2626 2675 725
2992 2 2 0 1 2798 3007 1974
2993 2 2 0 1 500 2395 498
2994 2 2 0 1 1130 1131 1123
2995 2 2 0 1 792 793 790
2996 2 2 0 1 737 2604 736
2997 2 2 0 1 172 286 171
2998 2 2 0 1 138 285 137
2999 2 2 0 1 2338 2509 1544
3000 2 2 0 1 396 398 397
3001 2 2 0 1 735 737 736
3002 2 2 0 1 2240 3242 3112
3003 2 2 0 1 1417 1419 1418
3004 2 2 0 1 441 444 442
3005 2 2 0 1 1352 2596 1351
3006 2 2 0 1 1580 2559 1578
3007 2 2 0 1 1419 1971 1559
3008 2 2 0 1 1256 1832 973
3009 2 2 0 1 170 250 169
3010 2 2 0 1 140 249 139
3011 2 2 0 1 435 436 434
3012 2 2 0 1 880 2498 717
3013 2 2 0 1 1536 2488 2487
3014 2 2 0 1 2374 2638 1181
3015 2 2 0 1 1541 1948 1540
3016 2 2 0 1 1874 1890 1795
3017 2 2 0 1 937 2550 939
3018 2 2 0 1 1867 2064 1866
3019 2 2 0 1 2335 2765 2437
3020 2 2 0 1 168 288 167
3021 2 2 0 1 142 287 141
3022 2 2 0 1 486 2577 479
3023 2 2 0 1 3099 3152 2485
3024 2 2 0 1 2320 2764 1168
3025 2 2 0 1 1428 2279 1226
3026 2 2 0 1 2200 2378 2201
3027 2 2 0 1 1095 2375 1497
3028 2 2 0 1 384 2413 385
3029 2 2 0 1 2451 2481 256
3030 2 2 0 1 1185 2849 2207
3031 2 2 0 1 886 2483 1165
3032 2 2 0 1 343 344 342
3033 2 2 0 1 144 230 143
3034 2 2 0 1 166 226 165
3035 2 2 0 1 559 714 713
3036 2 2 0 1 2455 3012 575
3037 2 2 0 1 955 2515 947
3038 2 2 0 1 1110 1113 1112
3039 2 2 0 1 1904 2113 1939
3040 2 2 0 1 190 2398 189
3041 2 2 0 1 1113 1118 1117
3042 2 2 0 1 1652 1654 1653
3043 2 2 0 1 1383 2372 1385
3044 2 2 0 1 1258 2539 1650
3045 2 2 0 1 1855 1922 875
3046 2 2 0 1 1605 2739 845
3047 2 2 0 1 1738 2661 1737
3048 2 2 0 1 147 290 146
3049 2 2 0 1 163 289 162
3050 2 2 0 1 390 391 389
3051 2 2 0 1 1449 1451 1450
3052 2 2 0 1 1955 2624 1954
3053 2 2 0 1 1796 3041 2006
3054 2 2 0 1 739 751 750
3055 2 2 0 1 134 2319 133
3056 2 2 0 1 2303 2305 2304
3057 2 2 0 1 1180 1184 1179
3058 2 2 0 1 996 1051 980
3059 2 2 0 1 510 512 511
3060 2 2 0 1 2091 2934 2244
3061 2 2 0 1 1144 1147 1146
3062 2 2 0 1 817 818 795
3063 2 2 0 1 1611 1617 1613
3064 2 2 0 1 1650 1812 1649
3065 2 2 0 1 149 252 148
3066 2 2 0 1 161 251 160
3067 2 2 0 1 1794 1795 1334
3068 2 2 0 1 1970 3211 3134
3069 2 2 0 1 666 682 667
3070 2 2 0 1 2638 2712 2084
3071 2 2 0 1 489 490 488
3072 2 2 0 1 861 2134 2133
3073 2 2 0 1 2728 2912 2810
3074 2 2 0 1 1165 1554 1462
3075 2 2 0 1 1118 1308 1199
3076 2 2 0 1 1454 1704 1453
3077 2 2 0 1 1775 2925 2012
3078 2 2 0 1 623 2495 621
3079 2 2 0 1 1657 1658 1350
3080 2 2 0 1 2211 3028 471
3081 2 2 0 1 1231 1316 1183
3082 2 2 0 1 1343 1350 1161
3083 2 2 0 1 1539 1540 1365
3084 2 2 0 1 594 595 593
3085 2 2 0 1 151 292 150
3086 2 2 0 1 159 291 158
3087 2 2 0 1 1654 1917 1916
3088 2 2 0 1 546 547 540
3089 2 2 0 1 881 1084 1060
3090 2 2 0 1 1846 1847 1586
3091 2 2 0 1 1546 1870 1869
3092 2 2 0 1 967 968 873
3093 2 2 0 1 751 2598 750
3094 2 2 0 1 2194 2197 2196
3095 2 2 0 1 1321 2593 2156
3096 2 2 0 1 1004 1005 1003
3097 2 2 0 1 1134 1135 1133
3098 2 2 0 1 1608 2530 1611
3099 2 2 0 1 1587 2609 1589
3100 2 2 0 1 1150 1152 1151
3101 2 2 0 1 316 2085 271
3102 2 2 0 1 1334 2399 1236
3103 2 2 0 1 903 2539 828
3104 2 2 0 1 357 358 355
3105 2 2 0 1 512 515 513
3106 2 2 0 1 157 225 156
3107 2 2 0 1 153 229 152
3108 2 2 0 1 1094 2651 900
3109 2 2 0 1 1866 2677 1621
3110 2 2 0 1 1600 2521 2024
3111 2 2 0 1 1565 1683 1566
3112 2 2 0 1 1795 2399 1334
3113 2 2 0 1 636 638 637
3114 2 2 0 1 1766 2217 2216
3115 2 2 0 1 1308 1753 1410
3116 2 2 0 1 1412 2583 2538
3117 2 2 0 1 357 2520 360
3118 2 2 0 1 1207 1208 1206
3119 2 2 0 1 1931 1956 1599
3120 2 2 0 1 2356 2855 96
3121 2 2 0 1 2247 3286 1939
3122 2 2 0 1 679 680 677
3123 2 2 0 1 118 2288 238
3124 2 2 0 1 482 488 475
3125 2 2 0 1 1173 1504 1312
3126 2 2 0 1 2409 3068 1901
3127 2 2 0 1 886 2526 2483
3128 2 2 0 1 2073 2152 1386
3129 2 2 0 1 449 453 450
3130 2 2 0 1 714 716 715
3131 2 2 0 1 977 2605 1040
3132 2 2 0 1 1579 1580 1578
3133 2 2 0 1 832 1799 937
3134 2 2 0 1 2019 3061 2436
3135 2 2 0 1 2082 2898 1028
3136 2 2 0 1 618 619 617
3137 2 2 0 1 241 2294 2292
3138 2 2 0 1 753 780 779
3139 2 2 0 1 1582 1734 1733
3140 2 2 0 1 2158 3011 554
3141 2 2 0 1 1225 1413 1184
3142 2 2 0 1 1402 2586 1727
3143 2 2 0 1 453 455 454
3144 2 2 0 1 1230 3248 2424
3145 2 2 0 1 1189 1851 1434
3146 2 2 0 1 469 1536 467
3147 2 2 0 1 178 2419 177
3148 2 2 0 1 445 449 447
3149 2 2 0 1 1136 1137 1135
3150 2 2 0 1 889 890 863
3151 2 2 0 1 675 676 673
3152 2 2 0 1 1808 2519 1453
3153 2 2 0 1 2214 3104 238
3154 2 2 0 1 1128 1304 1303
3155 2 2 0 1 552 553 551
3156 2 2 0 1 1451 1883 1814
3157 2 2 0 1 657 1605 845
3158 2 2 0 1 935 2715 2625
3159 2 2 0 1 515 517 516
3160 2 2 0 1 2029 2030 1717
3161 2 2 0 1 2764 2996 2211
3162 2 2 0 1 1270 1453 982
3163 2 2 0 1 398 401 400
3164 2 2 0 1 1509 2695 1508
3165 2 2 0 1 588 1618 586
3166 2 2 0 1 976 1047 825
3167 2 2 0 1 533 2546 1189
3168 2 2 0 1 1485 2287 1114
3169 2 2 0 1 175 2914 2202
3170 2 2 0 1 1241 1572 1571
3171 2 2 0 1 1252 1326 1047
3172 2 2 0 1 700 3065 587
3173 2 2 0 1 1764 1765 1763
3174 2 2 0 1 1276 1278 1277
3175 2 2 0 1 2625 2715 1674
3176 2 2 0 1 517 519 518
3177 2 2 0 1 1766 2216 2215
3178 2 2 0 1 1140 1141 1139
3179 2 2 0 1 62 2790 61
3180 2 2 0 1 939 1908 1197
3181 2 2 0 1 1194 1582 1524
3182 2 2 0 1 2154 3226 656
3183 2 2 0 1 455 457 456
3184 2 2 0 1 695 696 681
3185 2 2 0 1 1101 1601 1099
3186 2 2 0 1 2443 2444 1875
3187 2 2 0 1 173 2422 172
3188 2 2 0 1 1066 1086 1052
3189 2 2 0 1 136 2423 231
3190 2 2 0 1 542 2784 2101
3191 2 2 0 1 349 830 348
3192 2 2 0 1 2774 2974 1219
3193 2 2 0 1 1077 1356 1076
3194 2 2 0 1 905 1128 1127
3195 2 2 0 1 1766 2215 1765
3196 2 2 0 1 1142 1143 1141
3197 2 2 0 1 2987 3049 2769
3198 2 2 0 1 2515 2678 947
3199 2 2 0 1 899 2524 2338
3200 2 2 0 1 1040 1041 978
3201 2 2 0 1 171 2426 170
3202 2 2 0 1 588 2721 1618
3203 2 2 0 1 1119 2513 1113
3204 2 2 0 1 782 784 783
3205 2 2 0 1 1591 1593 1592
3206 2 2 0 1 457 959 458
3207 2 2 0 1 111 2360 110
3208 2 2 0 1 363 364 361
3209 2 2 0 1 1304 1328 1327
3210 2 2 0 1 1084 1619 1171
3211 2 2 0 1 879 1188 1187
3212 2 2 0 1 1252 2435 1326
3213 2 2 0 1 1156 1158 1157
3214 2 2 0 1 795 2712 793
3215 2 2 0 1 1354 1779 1778
3216 2 2 0 1 1328 1354 1353
3217 2 2 0 1 1593 1595 1594
3218 2 2 0 1 169 2429 168
3219 2 2 0 1 1081 2627 908
3220 2 2 0 1 1595 1628 1596
3221 2 2 0 1 491 492 490
3222 2 2 0 1 138 2425 285
3223 2 2 0 1 247 3108 2758
3224 2 2 0 1 1760 1761 1752
3225 2 2 0 1 2256 3123 2944
3226 2 2 0 1 1775 2011 1876
3227 2 2 0 1 707 728 706
3228 2 2 0 1 113 2362 112
3229 2 2 0 1 716 718 717
3230 2 2 0 1 1093 1161 1087
3231 2 2 0 1 2163 2952 1389
3232 2 2 0 1 109 2354 108
3233 2 2 0 1 1525 1578 1195
3234 2 2 0 1 1764 1766 1765
3235 2 2 0 1 1756 2755 1643
3236 2 2 0 1 1986 2405 1987
3237 2 2 0 1 729 746 728
3238 2 2 0 1 1802 1803 1801
3239 2 2 0 1 1027 2558 1030
3240 2 2 0 1 235 3123 2256
3241 2 2 0 1 1751 1752 1580
3242 2 2 0 1 1361 1433 1359
3243 2 2 0 1 592 593 590
3244 2 2 0 1 2053 2054 2052
3245 2 2 0 1 1310 1376 1309
3246 2 2 0 1 392 393 391
3247 2 2 0 1 180 2417 179
3248 2 2 0 1 2274 2275 524
3249 2 2 0 1 461 2525 459
3250 2 2 0 1 140 2428 249
3251 2 2 0 1 1260 2515 955
3252 2 2 0 1 828 2539 949
3253 2 2 0 1 1267 1268 999
3254 2 2 0 1 1650 3059 2117
3255 2 2 0 1 1607 2675 2626
3256 2 2 0 1 1257 2552 1644
3257 2 2 0 1 1970 3134 1838
3258 2 2 0 1 1209 1210 1208
3259 2 2 0 1 1836 1885 1803
3260 2 2 0 1 3017 3118 428
3261 2 2 0 1 1490 2722 1849
3262 2 2 0 1 115 2373 114
3263 2 2 0 1 557 1405 543
3264 2 2 0 1 162 2433 161
3265 2 2 0 1 145 2330 144
3266 2 2 0 1 1589 1591 1590
3267 2 2 0 1 744 806 711
3268 2 2 0 1 142 2431 287
3269 2 2 0 1 1490 1849 1848
3270 2 2 0 1 2259 2261 236
3271 2 2 0 1 1444 1604 1124
3272 2 2 0 1 401 403 402
3273 2 2 0 1 1504 1818 1505
3274 2 2 0 1 1237 1534 1533
3275 2 2 0 1 2010 3005 1545
3276 2 2 0 1 160 2436 159
3277 2 2 0 1 1761 1764 1763
3278 2 2 0 1 807 808 806
3279 2 2 0 1 1382 1699 820
3280 2 2 0 1 1217 1296 1218
3281 2 2 0 1 526 531 528
3282 2 2 0 1 1238 1390 1389
3283 2 2 0 1 977 978 811
3284 2 2 0 1 1595 1596 1594
3285 2 2 0 1 2089 2971 572
3286 2 2 0 1 1651 1773 1398
3287 2 2 0 1 786 788 787
3288 2 2 0 1 596 597 595
3289 2 2 0 1 1869 2743 2734
3290 2 2 0 1 803 1076 801
3291 2 2 0 1 488 2490 475
3292 2 2 0 1 519 525 520
3293 2 2 0 1 1520 1652 1268
3294 2 2 0 1 134 2421 2319
3295 2 2 0 1 158 2439 157
3296 2 2 0 1 367 369 368
3297 2 2 0 1 1572 1575 1573
3298 2 2 0 1 560 561 555
3299 2 2 0 1 403 405 404
3300 2 2 0 1 1534 1854 1853
3301 2 2 0 1 699 706 697
3302 2 2 0 1 1489 2104 1482
3303 2 2 0 1 1587 1589 1588
3304 2 2 0 1 949 1258 1223
3305 2 2 0 1 2035 3154 1662
3306 2 2 0 1 2081 2090 843
3307 2 2 0 1 1724 2443 1875
3308 2 2 0 1 1043 2600 1045
3309 2 2 0 1 913 1577 911
3310 2 2 0 1 1527 2506 2382
3311 2 2 0 1 493 494 492
3312 2 2 0 1 1243 1245 1244
3313 2 2 0 1 1628 1724 1596
3314 2 2 0 1 1724 1875 1596
3315 2 2 0 1 1391 2733 2551
3316 2 2 0 1 864 898 810
3317 2 2 0 1 788 790 789
3318 2 2 0 1 2003 3216 2697
3319 2 2 0 1 986 988 987
3320 2 2 0 1 1111 1820 1115
3321 2 2 0 1 2171 2173 2172
3322 2 2 0 1 1804 3006 1807
3323 2 2 0 1 1575 1722 1576
3324 2 2 0 1 1715 2836 1868
3325 2 2 0 1 1106 1107 1103
3326 2 2 0 1 2258 2496 2341
3327 2 2 0 1 460 463 462
3328 2 2 0 1 1188 1286 1285
3329 2 2 0 1 1144 1146 1143
3330 2 2 0 1 847 850 849
3331 2 2 0 1 2119 2120 1745
3332 2 2 0 1 1570 2531 2212
3333 2 2 0 1 394 395 393
3334 2 2 0 1 495 496 494
3335 2 2 0 1 1131 1133 1132
3336 2 2 0 1 1125 1587 1445
3337 2 2 0 1 2378 2799 2201
3338 2 2 0 1 1476 2344 1945
3339 2 2 0 1 1377 1400 1376
3340 2 2 0 1 543 2577 486
3341 2 2 0 1 692 702 693
3342 2 2 0 1 1865 2896 2264
3343 2 2 0 1 1263 1264 1041
3344 2 2 0 1 1541 2117 1948
3345 2 2 0 1 1984 1985 1487
3346 2 2 0 1 1021 1022 1020
3347 2 2 0 1 1448 1449 1447
3348 2 2 0 1 1402 1727 1726
3349 2 2 0 1 1669 1670 1067
3350 2 2 0 1 1458 1914 1913
3351 2 2 0 1 620 621 619
3352 2 2 0 1 1227 1518 1427
3353 2 2 0 1 856 1623 854
3354 2 2 0 1 792 794 793
3355 2 2 0 1 564 565 563
3356 2 2 0 1 1707 2884 2236
3357 2 2 0 1 1593 1594 1592
3358 2 2 0 1 405 407 406
3359 2 2 0 1 1579 1751 1580
3360 2 2 0 1 2107 2108 2105
3361 2 2 0 1 1150 1151 1147
3362 2 2 0 1 1148 2507 1237
3363 2 2 0 1 1594 1659 1592
3364 2 2 0 1 809 903 828
3365 2 2 0 1 2655 2662 934
3366 2 2 0 1 1198 1409 1408
3367 2 2 0 1 1045 1676 1200
3368 2 2 0 1 1278 1280 1279
3369 2 2 0 1 688 692 689
3370 2 2 0 1 1258 1649 1398
3371 2 2 0 1 189 2398 281
3372 2 2 0 1 1539 1541 1540
3373 2 2 0 1 2123 2427 2122
3374 2 2 0 1 1624 2644 1088
3375 2 2 0 1 2492 2631 823
3376 2 2 0 1 1626 2543 1627
3377 2 2 0 1 1523 2553 1076
3378 2 2 0 1 1267 1520 1268
3379 2 2 0 1 1237 2507 1534
3380 2 2 0 1 685 688 687
3381 2 2 0 1 777 3249 2322
3382 2 2 0 1 2420 2559 1580
3383 2 2 0 1 1525 1579 1578
3384 2 2 0 1 1820 2463 1115
3385 2 2 0 1 531 539 532
3386 2 2 0 1 359 2502 832
3387 2 2 0 1 835 1064 834
3388 2 2 0 1 1751 1760 1752
3389 2 2 0 1 1611 2530 1617
3390 2 2 0 1 1649 1651 1398
3391 2 2 0 1 1847 2514 1586
3392 2 2 0 1 1061 1479 1340
3393 2 2 0 1 1591 1592 1590
3394 2 2 0 1 2243 2842 2241
3395 2 2 0 1 1233 1235 1234
3396 2 2 0 1 437 438 436
3397 2 2 0 1 1267 1521 1520
3398 2 2 0 1 476 480 479
3399 2 2 0 1 2601 3182 2606
3400 2 2 0 1 818 967 873
3401 2 2 0 1 1918 2315 1917
3402 2 2 0 1 1283 3244 1277
3403 2 2 0 1 1205 2587 1222
3404 2 2 0 1 745 1965 1725
3405 2 2 0 1 2523 2556 2285
3406 2 2 0 1 1046 1324 915
3407 2 2 0 1 1577 2547 911
3408 2 2 0 1 1520 1882 1652
3409 2 2 0 1 477 478 473
3410 2 2 0 1 1156 1157 1154
3411 2 2 0 1 1235 1334 1236
3412 2 2 0 1 841 3266 2563
3413 2 2 0 1 1883 3151 3140
3414 2 2 0 1 126 2313 262
3415 2 2 0 1 1345 1787 1439
3416 2 2 0 1 710 745 743
3417 2 2 0 1 1440 2151 844
3418 2 2 0 1 1351 2596 1476
3419 2 2 0 1 1554 1701 1462
3420 2 2 0 1 1286 1288 1287
3421 2 2 0 1 193 2579 192
3422 2 2 0 1 2243 2823 411
3423 2 2 0 1 702 726 703
3424 2 2 0 1 244 3246 2092
3425 2 2 0 1 419 2482 421
3426 2 2 0 1 1256 1834 1832
3427 2 2 0 1 1683 1685 1684
3428 2 2 0 1 1644 2552 2384
3429 2 2 0 1 612 614 613
3430 2 2 0 1 2300 2696 868
3431 2 2 0 1 1040 2605 1458
3432 2 2 0 1 1416 1417 1415
3433 2 2 0 1 1220 2797 1081
3434 2 2 0 1 1108 1109 1107
3435 2 2 0 1 1654 1918 1917
3436 2 2 0 1 1579 1769 1751
3437 2 2 0 1 1042 2570 950
3438 2 2 0 1 1854 1877 1853
3439 2 2 0 1 2094 2974 2091
3440 2 2 0 1 1037 2589 1163
3441 2 2 0 1 915 2606 913
3442 2 2 0 1 1223 1267 999
3443 2 2 0 1 1507 2449 1510
3444 2 2 0 1 1258 1398 1223
3445 2 2 0 1 866 3238 2174
3446 2 2 0 1 1137 1139 1138
3447 2 2 0 1 749 812 747
3448 2 2 0 1 1843 1844 1437
3449 2 2 0 1 827 907 826
3450 2 2 0 1 949 1223 999
3451 2 2 0 1 1178 2525 461
3452 2 2 0 1 901 1095 1094
3453 2 2 0 1 2067 2071 2069
3454 2 2 0 1 95 2855 246
3455 2 2 0 1 359 832 358
3456 2 2 0 1 1446 1447 1318
3457 2 2 0 1 509 510 508
3458 2 2 0 1 794 817 795
3459 2 2 0 1 1449 1736 1451
3460 2 2 0 1 1152 1194 1151
3461 2 2 0 1 1414 1415 1339
3462 2 2 0 1 2276 2283 2275
3463 2 2 0 1 320 1412 318
3464 2 2 0 1 1915 1950 1459
3465 2 2 0 1 600 601 597
3466 2 2 0 1 733 757 756
3467 2 2 0 1 1101 2650 1601
3468 2 2 0 1 1538 2281 1743
3469 2 2 0 1 505 506 504
3470 2 2 0 1 480 487 486
3471 2 2 0 1 2252 3276 2658
3472 2 2 0 1 464 1178 461
3473 2 2 0 1 407 410 409
3474 2 2 0 1 497 498 496
3475 2 2 0 1 1534 1853 1533
3476 2 2 0 1 1143 1145 1141
3477 2 2 0 1 1192 1260 955
3478 2 2 0 1 1647 1856 1325
3479 2 2 0 1 1794 1874 1795
3480 2 2 0 1 850 852 851
3481 2 2 0 1 1582 1733 1524
3482 2 2 0 1 1288 1290 1289
3483 2 2 0 1 1568 1569 1452
3484 2 2 0 1 1095 1497 1436
3485 2 2 0 1 949 999 864
3486 2 2 0 1 292 3063 2123
3487 2 2 0 1 757 759 758
3488 2 2 0 1 1589 1590 1588
3489 2 2 0 1 1900 1901 1615
3490 2 2 0 1 549 552 551
3491 2 2 0 1 741 822 821
3492 2 2 0 1 2350 2836 1716
3493 2 2 0 1 1717 2506 1527
3494 2 2 0 1 768 771 770
3495 2 2 0 1 964 1123 1122
3496 2 2 0 1 1612 1614 1610
3497 2 2 0 1 1608 1609 1607
3498 2 2 0 1 814 901 900
3499 2 2 0 1 764 767 766
3500 2 2 0 1 1153 2552 1257
3501 2 2 0 1 1705 1713 1570
3502 2 2 0 1 738 739 737
3503 2 2 0 1 1886 1888 1887
3504 2 2 0 1 1211 1212 1210
3505 2 2 0 1 648 650 649
3506 2 2 0 1 1268 2529 999
3507 2 2 0 1 1191 1352 1351
3508 2 2 0 1 1435 1607 1190
3509 2 2 0 1 865 1855 875
3510 2 2 0 1 2241 2242 2239
3511 2 2 0 1 573 3082 2834
3512 2 2 0 1 210 2692 209
3513 2 2 0 1 815 826 813
3514 2 2 0 1 763 2582 764
3515 2 2 0 1 884 964 963
3516 2 2 0 1 577 578 576
3517 2 2 0 1 484 485 478
3518 2 2 0 1 1158 1295 1157
3519 2 2 0 1 410 413 412
3520 2 2 0 1 1957 2442 1956
3521 2 2 0 1 2485 3134 452
3522 2 2 0 1 921 925 923
3523 2 2 0 1 638 644 643
3524 2 2 0 1 539 546 540
3525 2 2 0 1 2240 3112 2243
3526 2 2 0 1 188 2574 187
3527 2 2 0 1 1995 1998 1996
3528 2 2 0 1 1518 1898 1519
3529 2 2 0 1 1290 1506 1291
3530 2 2 0 1 1380 1561 1381
3531 2 2 0 1 1362 1366 1364
3532 2 2 0 1 744 807 806
3533 2 2 0 1 1874 1891 1890
3534 2 2 0 1 939 2550 1908
3535 2 2 0 1 348 2653 345
3536 2 2 0 1 967 1124 968
3537 2 2 0 1 1006 1007 1005
3538 2 2 0 1 1619 2640 1171
3539 2 2 0 1 487 538 537
3540 2 2 0 1 1288 3184 2235
3541 2 2 0 1 954 2536 1191
3542 2 2 0 1 185 3060 2306
3543 2 2 0 1 489 491 490
3544 2 2 0 1 1536 2489 2488
3545 2 2 0 1 396 397 395
3546 2 2 0 1 1338 1339 1039
3547 2 2 0 1 822 884 883
3548 2 2 0 1 1336 1337 1064
3549 2 2 0 1 877 1180 1179
3550 2 2 0 1 1137 1138 1135
3551 2 2 0 1 1110 1112 1109
3552 2 2 0 1 583 2690 585
3553 2 2 0 1 622 623 621
3554 2 2 0 1 573 574 567
3555 2 2 0 1 1189 2546 1851
3556 2 2 0 1 1644 2384 1757
3557 2 2 0 1 1395 2512 1842
3558 2 2 0 1 1297 1648 1423
3559 2 2 0 1 969 2593 1089
3560 2 2 0 1 808 1919 1750
3561 2 2 0 1 2225 3148 2226
3562 2 2 0 1 226 2824 2175
3563 2 2 0 1 1401 1551 1400
3564 2 2 0 1 761 3165 2229
3565 2 2 0 1 482 489 488
3566 2 2 0 1 1080 1081 908
3567 2 2 0 1 1113 1117 1112
3568 2 2 0 1 1131 1132 1123
3569 2 2 0 1 1073 1310 1309
3570 2 2 0 1 1118 1199 1117
3571 2 2 0 1 1243 1244 1160
3572 2 2 0 1 1148 1196 1138
3573 2 2 0 1 806 2534 711
3574 2 2 0 1 584 2532 704
3575 2 2 0 1 2488 2555 2487
3576 2 2 0 1 591 2907 599
3577 2 2 0 1 1819 2619 2512
3578 2 2 0 1 752 753 751
3579 2 2 0 1 809 2592 903
3580 2 2 0 1 1565 1566 1337
3581 2 2 0 1 533 534 485
3582 2 2 0 1 1071 2146 1660
3583 2 2 0 1 1484 1801 1584
3584 2 2 0 1 557 2534 1405
3585 2 2 0 1 499 500 498
3586 2 2 0 1 1387 1738 1737
3587 2 2 0 1 413 415 414
3588 2 2 0 1 1317 1318 997
3589 2 2 0 1 469 2490 1536
3590 2 2 0 1 1885 2486 1925
3591 2 2 0 1 1437 2651 1094
3592 2 2 0 1 1129 1484 1483
3593 2 2 0 1 2228 2230 1574
3594 2 2 0 1 137 2423 136
3595 2 2 0 1 772 777 774
3596 2 2 0 1 734 735 722
3597 2 2 0 1 644 2446 643
3598 2 2 0 1 1499 1556 1555
3599 2 2 0 1 781 782 780
3600 2 2 0 1 1308 1410 1199
3601 2 2 0 1 1937 1938 1569
3602 2 2 0 1 1510 1696 1695
3603 2 2 0 1 1587 1588 1445
3604 2 2 0 1 139 2425 138
3605 2 2 0 1 721 722 720
3606 2 2 0 1 1082 1220 1081
3607 2 2 0 1 501 502 500
3608 2 2 0 1 283 2419 178
3609 2 2 0 1 558 559 534
3610 2 2 0 1 943 944 942
3611 2 2 0 1 941 942 718
3612 2 2 0 1 1713 2531 1570
3613 2 2 0 1 2122 2427 1896
3614 2 2 0 1 141 2428 140
3615 2 2 0 1 864 2529 898
3616 2 2 0 1 1168 1655 1166
3617 2 2 0 1 828 949 864
3618 2 2 0 1 1444 1691 1604
3619 2 2 0 1 1613 1616 1615
3620 2 2 0 1 727 732 731
3621 2 2 0 1 2131 3176 2150
3622 2 2 0 1 2260 2646 2259
3623 2 2 0 1 143 2431 142
3624 2 2 0 1 1139 1148 1138
3625 2 2 0 1 1191 2536 1352
3626 2 2 0 1 951 1271 1043
3627 2 2 0 1 1388 3117 2991
3628 2 2 0 1 532 2784 528
3629 2 2 0 1 632 633 601
3630 2 2 0 1 1148 2545 2507
3631 2 2 0 1 1556 1558 1557
3632 2 2 0 1 1875 2533 1596
3633 2 2 0 1 1689 1786 1690
3634 2 2 0 1 1237 1533 1456
3635 2 2 0 1 914 917 916
3636 2 2 0 1 562 3261 2401
3637 2 2 0 1 698 1071 712
3638 2 2 0 1 764 2582 767
3639 2 2 0 1 135 2421 134
3640 2 2 0 1 1237 1456 1196
3641 2 2 0 1 925 927 926
3642 2 2 0 1 1448 2554 1449
3643 2 2 0 1 679 681 680
3644 2 2 0 1 324 906 322
3645 2 2 0 1 1536 2490 2489
3646 2 2 0 1 949 2539 1258
3647 2 2 0 1 1768 3043 1902
3648 2 2 0 1 1485 2516 2287
3649 2 2 0 1 1241 1571 959
3650 2 2 0 1 615 2563 613
3651 2 2 0 1 750 2604 737
3652 2 2 0 1 1533 1793 1456
3653 2 2 0 1 1986 1987 1985
3654 2 2 0 1 1249 1251 1247
3655 2 2 0 1 917 1058 1057
3656 2 2 0 1 779 2598 751
3657 2 2 0 1 1988 1989 1448
3658 2 2 0 1 1000 1001 958
3659 2 2 0 1 1542 2255 1946
3660 2 2 0 1 1128 1303 1127
3661 2 2 0 1 977 1040 978
3662 2 2 0 1 451 1641 446
3663 2 2 0 1 1446 1448 1447
3664 2 2 0 1 145 2432 2330
3665 2 2 0 1 791 792 790
3666 2 2 0 1 1221 1395 1220
3667 2 2 0 1 1077 1357 1356
3668 2 2 0 1 943 956 945
3669 2 2 0 1 1541 2118 2117
3670 2 2 0 1 945 946 944
3671 2 2 0 1 177 2419 264
3672 2 2 0 1 1316 1503 1373
3673 2 2 0 1 3031 3089 2376
3674 2 2 0 1 1830 1969 538
3675 2 2 0 1 133 2319 263
3676 2 2 0 1 1596 2533 1594
3677 2 2 0 1 2525 2673 459
3678 2 2 0 1 1245 1402 1244
3679 2 2 0 1 2030 2506 1717
3680 2 2 0 1 460 2580 463
3681 2 2 0 1 1148 1237 1196
3682 2 2 0 1 506 509 508
3683 2 2 0 1 639 640 633
3684 2 2 0 1 1151 2565 1147
3685 2 2 0 1 1213 1214 1212
3686 2 2 0 1 2776 3179 1526
3687 2 2 0 1 1709 1906 1816
3688 2 2 0 1 439 440 438
3689 2 2 0 1 1342 2008 1068
3690 2 2 0 1 669 671 670
3691 2 2 0 1 1451 2541 1883
3692 2 2 0 1 1699 2163 1748
3693 2 2 0 1 1264 1421 1266
3694 2 2 0 1 1503 2026 1564
3695 2 2 0 1 510 514 512
3696 2 2 0 1 778 799 798
3697 2 2 0 1 901 2628 1531
3698 2 2 0 1 1559 2999 1791
3699 2 2 0 1 1781 2025 1782
3700 2 2 0 1 2495 2906 1811
3701 2 2 0 1 1611 1613 1612
3702 2 2 0 1 228 2417 180
3703 2 2 0 1 1726 1920 1602
3704 2 2 0 1 1446 1988 1448
3705 2 2 0 1 2137 3037 2136
3706 2 2 0 1 147 2434 290
3707 2 2 0 1 2110 2111 1697
3708 2 2 0 1 1608 1611 1610
3709 2 2 0 1 1058 1183 1182
3710 2 2 0 1 491 493 492
3711 2 2 0 1 785 886 885
3712 2 2 0 1 1498 2446 2018
3713 2 2 0 1 2094 2973 1219
3714 2 2 0 1 818 2576 967
3715 2 2 0 1 1133 1585 1132
3716 2 2 0 1 466 2569 468
3717 2 2 0 1 2293 3218 2636
3718 2 2 0 1 1270 1454 1453
3719 2 2 0 1 626 627 625
3720 2 2 0 1 493 495 494
3721 2 2 0 1 744 809 807
3722 2 2 0 1 1524 1525 1195
3723 2 2 0 1 502 505 504
3724 2 2 0 1 449 450 447
3725 2 2 0 1 1272 1526 1424
3726 2 2 0 1 1310 1377 1376
3727 2 2 0 1 1558 1681 1680
3728 2 2 0 1 745 1725 743
3729 2 2 0 1 1280 1282 1281
3730 2 2 0 1 1129 1238 946
3731 2 2 0 1 1594 2533 1659
3732 2 2 0 1 1147 2565 1146
3733 2 2 0 1 328 568 326
3734 2 2 0 1 1304 1327 1303
3735 2 2 0 1 652 2500 650
3736 2 2 0 1 1562 1689 1688
3737 2 2 0 1 2048 2585 2049
3738 2 2 0 1 367 368 365
3739 2 2 0 1 643 2446 1498
3740 2 2 0 1 1507 1510 1509
3741 2 2 0 1 1262 1622 1621
3742 2 2 0 1 2092 2093 1584
3743 2 2 0 1 1773 2540 1398
3744 2 2 0 1 828 864 810
3745 2 2 0 1 1154 2528 1152
3746 2 2 0 1 1354 1778 1353
3747 2 2 0 1 444 445 442
3748 2 2 0 1 957 958 755
3749 2 2 0 1 1885 1925 1803
3750 2 2 0 1 760 763 762
3751 2 2 0 1 1585 1586 1132
3752 2 2 0 1 227 2422 173
3753 2 2 0 1 1328 1353 1327
3754 2 2 0 1 961 1121 1120
3755 2 2 0 1 809 810 807
3756 2 2 0 1 803 1077 1076
3757 2 2 0 1 333 3066 335
3758 2 2 0 1 785 786 784
3759 2 2 0 1 1194 1195 1151
3760 2 2 0 1 427 430 429
3761 2 2 0 1 495 497 496
3762 2 2 0 1 1194 1524 1195
3763 2 2 0 1 743 744 711
3764 2 2 0 1 424 427 426
3765 2 2 0 1 999 2529 864
3766 2 2 0 1 792 796 794
3767 2 2 0 1 1402 1602 1244
3768 2 2 0 1 533 1189 558
3769 2 2 0 1 1008 1010 1009
3770 2 2 0 1 1152 2528 1194
3771 2 2 0 1 1538 1539 1365
3772 2 2 0 1 1589 2609 2400
3773 2 2 0 1 455 456 454
3774 2 2 0 1 2236 3215 2632
3775 2 2 0 1 760 2499 763
3776 2 2 0 1 286 2426 171
3777 2 2 0 1 2105 2618 2104
3778 2 2 0 1 398 400 397
3779 2 2 0 1 1024 1025 1022
3780 2 2 0 1 1642 1846 1586
3781 2 2 0 1 1417 1860 1419
3782 2 2 0 1 179 2417 283
3783 2 2 0 1 1479 1481 1480
3784 2 2 0 1 553 560 555
3785 2 2 0 1 1040 1263 1041
3786 2 2 0 1 421 424 423
3787 2 2 0 1 750 3203 2604
3788 2 2 0 1 1894 1895 1553
3789 2 2 0 1 441 442 440
3790 2 2 0 1 1513 1514 1501
3791 2 2 0 1 788 791 790
3792 2 2 0 1 2101 2784 2102
3793 2 2 0 1 1616 1900 1615
3794 2 2 0 1 1588 1720 1445
3795 2 2 0 1 2569 2662 2655
3796 2 2 0 1 927 932 931
3797 2 2 0 1 468 1581 474
3798 2 2 0 1 146 2432 145
3799 2 2 0 1 2437 2599 885
3800 2 2 0 1 630 631 629
3801 2 2 0 1 1099 2510 1097
3802 2 2 0 1 480 486 479
3803 2 2 0 1 898 2566 810
3804 2 2 0 1 852 858 857
3805 2 2 0 1 1332 1348 1001
3806 2 2 0 1 1698 2508 1656
3807 2 2 0 1 1123 2514 1122
3808 2 2 0 1 1409 1805 1804
3809 2 2 0 1 2179 2663 958
3810 2 2 0 1 624 625 623
3811 2 2 0 1 172 2422 286
3812 2 2 0 1 250 2429 169
3813 2 2 0 1 710 711 557
3814 2 2 0 1 886 1165 997
3815 2 2 0 1 1435 1608 1607
3816 2 2 0 1 881 2631 1084
3817 2 2 0 1 2182 2644 1624
3818 2 2 0 1 1515 2570 1042
3819 2 2 0 1 481 523 522
3820 2 2 0 1 351 2447 349
3821 2 2 0 1 453 454 450
3822 2 2 0 1 559 725 714
3823 2 2 0 1 1608 1610 1609
3824 2 2 0 1 1767 2611 1762
3825 2 2 0 1 334 483 332
3826 2 2 0 1 457 458 456
3827 2 2 0 1 561 564 563
3828 2 2 0 1 809 828 810
3829 2 2 0 1 805 820 819
3830 2 2 0 1 487 537 486
3831 2 2 0 1 1455 1923 1792
3832 2 2 0 1 1578 2565 1195
3833 2 2 0 1 1165 1462 1317
3834 2 2 0 1 2310 2912 2728
3835 2 2 0 1 170 2426 250
3836 2 2 0 1 344 1837 948
3837 2 2 0 1 1491 1492 1396
3838 2 2 0 1 571 805 742
3839 2 2 0 1 967 1125 1124
3840 2 2 0 1 817 2576 818
3841 2 2 0 1 3107 3284 1411
3842 2 2 0 1 1870 3171 1869
3843 2 2 0 1 1180 1225 1184
3844 2 2 0 1 385 387 386
3845 2 2 0 1 1449 2554 1736
3846 2 2 0 1 2400 2635 1597
3847 2 2 0 1 964 1122 963
3848 2 2 0 1 1141 2545 1139
3849 2 2 0 1 195 2758 194
3850 2 2 0 1 1267 2540 1521
3851 2 2 0 1 800 804 802
3852 2 2 0 1 1562 2505 1689
3853 2 2 0 1 1613 1615 1612
3854 2 2 0 1 632 3158 639
3855 2 2 0 1 537 543 486
3856 2 2 0 1 401 402 400
3857 2 2 0 1 1405 2577 543
3858 2 2 0 1 1673 1949 1641
3859 2 2 0 1 1223 2540 1267
3860 2 2 0 1 477 484 478
3861 2 2 0 1 1493 1728 1492
3862 2 2 0 1 2621 2810 1734
3863 2 2 0 1 1364 1365 1363
3864 2 2 0 1 866 2805 2690
3865 2 2 0 1 662 705 668
3866 2 2 0 1 168 2429 288
3867 2 2 0 1 695 697 696
3868 2 2 0 1 103 3051 310
3869 2 2 0 1 556 557 543
3870 2 2 0 1 763 2908 2582
3871 2 2 0 1 819 928 742
3872 2 2 0 1 932 1202 1201
3873 2 2 0 1 1808 2817 2519
3874 2 2 0 1 1347 1656 1074
3875 2 2 0 1 2429 3019 2262
3876 2 2 0 1 1952 2782 1055
3877 2 2 0 1 710 743 711
3878 2 2 0 1 1538 1743 1539
3879 2 2 0 1 556 2608 2450
3880 2 2 0 1 379 381 380
3881 2 2 0 1 545 571 570
3882 2 2 0 1 1398 2540 1223
3883 2 2 0 1 1125 1445 1444
3884 2 2 0 1 804 825 824
3885 2 2 0 1 1742 1909 1420
3886 2 2 0 1 1173 2640 1504
3887 2 2 0 1 2291 2877 2296
3888 2 2 0 1 2620 2763 1075
3889 2 2 0 1 1125 1444 1124
3890 2 2 0 1 981 1397 1269
3891 2 2 0 1 675 677 676
3892 2 2 0 1 517 521 519
3893 2 2 0 1 405 406 404
3894 2 2 0 1 635 636 631
3895 2 2 0 1 1989 2554 1448
3896 2 2 0 1 2088 3147 1968
3897 2 2 0 1 1362 1363 1361
3898 2 2 0 1 419 421 420
3899 2 2 0 1 1697 2695 1509
3900 2 2 0 1 1731 3084 1905
3901 2 2 0 1 1611 1612 1610
3902 2 2 0 1 1402 1726 1602
3903 2 2 0 1 735 738 737
3904 2 2 0 1 2862 3162 2175
3905 2 2 0 1 884 963 883
3906 2 2 0 1 705 754 708
3907 2 2 0 1 654 655 640
3908 2 2 0 1 2252 2658 2251
3909 2 2 0 1 408 1640 1639
3910 2 2 0 1 1701 1852 1462
3911 2 2 0 1 628 629 627
3912 2 2 0 1 807 2566 808
3913 2 2 0 1 403 404 402
3914 2 2 0 1 533 558 534
3915 2 2 0 1 1175 2704 1276
3916 2 2 0 1 1681 1800 1682
3917 2 2 0 1 1585 1642 1586
3918 2 2 0 1 1572 1573 1571
3919 2 2 0 1 943 945 944
3920 2 2 0 1 716 941 718
3921 2 2 0 1 1397 1781 1474
3922 2 2 0 1 484 533 485
3923 2 2 0 1 963 1193 883
3924 2 2 0 1 660 661 655
3925 2 2 0 1 1414 1416 1415
3926 2 2 0 1 959 2580 458
3927 2 2 0 1 1788 3125 3118
3928 2 2 0 1 501 2517 502
3929 2 2 0 1 782 785 784
3930 2 2 0 1 556 710 557
3931 2 2 0 1 2931 3274 1006
3932 2 2 0 1 523 536 535
3933 2 2 0 1 1044 1515 1042
3934 2 2 0 1 1642 2327 1846
3935 2 2 0 1 1729 1730 1728
3936 2 2 0 1 1755 1794 1334
3937 2 2 0 1 941 943 942
3938 2 2 0 1 961 962 928
3939 2 2 0 1 358 2684 355
3940 2 2 0 1 1369 1432 1431
3941 2 2 0 1 408 2714 1640
3942 2 2 0 1 897 983 895
3943 2 2 0 1 754 834 775
3944 2 2 0 1 1736 2541 1451
3945 2 2 0 1 289 2433 162
3946 2 2 0 1 1317 1446 1318
3947 2 2 0 1 340 452 338
3948 2 2 0 1 1282 1372 1370
3949 2 2 0 1 43 2756 306
3950 2 2 0 1 614 616 615
3951 2 2 0 1 2345 3107 1411
3952 2 2 0 1 1788 1789 1422
3953 2 2 0 1 497 499 498
3954 2 2 0 1 891 892 890
3955 2 2 0 1 311 2756 44
3956 2 2 0 1 2601 2602 2600
3957 2 2 0 1 570 572 544
3958 2 2 0 1 1189 1434 1190
3959 2 2 0 1 2339 2656 904
3960 2 2 0 1 1058 2652 1231
3961 2 2 0 1 1160 2542 1158
3962 2 2 0 1 497 541 499
3963 2 2 0 1 838 2494 682
3964 2 2 0 1 1120 1233 962
3965 2 2 0 1 316 2537 2085
3966 2 2 0 1 67 2777 66
3967 2 2 0 1 822 883 821
3968 2 2 0 1 1476 2596 2344
3969 2 2 0 1 1801 2092 1584
3970 2 2 0 1 1157 2528 1154
3971 2 2 0 1 1158 2542 1295
3972 2 2 0 1 407 409 406
3973 2 2 0 1 373 375 374
3974 2 2 0 1 546 2568 547
3975 2 2 0 1 2013 2805 1648
3976 2 2 0 1 1215 1216 1214
3977 2 2 0 1 1782 1928 1474
3978 2 2 0 1 499 501 500
3979 2 2 0 1 536 545 544
3980 2 2 0 1 1699 1748 820
3981 2 2 0 1 1255 1256 973
3982 2 2 0 1 370 2988 1164
3983 2 2 0 1 251 2436 160
3984 2 2 0 1 1487 2516 1485
3985 2 2 0 1 2629 3139 2680
3986 2 2 0 1 902 1669 1067
3987 2 2 0 1 1416 2522 1417
3988 2 2 0 1 1139 2545 1148
3989 2 2 0 1 753 781 780
3990 2 2 0 1 707 729 728
3991 2 2 0 1 1360 1361 1359
3992 2 2 0 1 1575 1576 1573
3993 2 2 0 1 1132 2514 1123
3994 2 2 0 1 161 2433 251
3995 2 2 0 1 1145 2545 1141
3996 2 2 0 1 1484 1584 1483
3997 2 2 0 1 1364 1538 1365
3998 2 2 0 1 1394 2614 2206
3999 2 2 0 1 1362 1364 1363
4000 2 2 0 1 945 1129 946
4001 2 2 0 1 422 2482 419
4002 2 2 0 1 699 707 706
4003 2 2 0 1 739 752 751
4004 2 2 0 1 1539 2567 1541
4005 2 2 0 1 1165 1317 997
4006 2 2 0 1 616 618 617
4007 2 2 0 1 785 885 786
4008 2 2 0 1 1026 1027 1025
4009 2 2 0 1 1321 2156 1768
4010 2 2 0 1 537 556 543
4011 2 2 0 1 711 2534 557
4012 2 2 0 1 671 673 672
4013 2 2 0 1 729 747 746
4014 2 2 0 1 781 2526 782
4015 2 2 0 1 1805 2337 2121
4016 2 2 0 1 2194 2196 2192
4017 2 2 0 1 886 997 885
4018 2 2 0 1 1419 2578 1971
4019 2 2 0 1 1129 1483 1238
4020 2 2 0 1 1124 2564 968
4021 2 2 0 1 291 2439 158
4022 2 2 0 1 922 1292 920
4023 2 2 0 1 1434 1435 1190
4024 2 2 0 1 1326 1630 1629
4025 2 2 0 1 1163 1663 1162
4026 2 2 0 1 1125 2576 1587
4027 2 2 0 1 1391 2551 2099
4028 2 2 0 1 2062 3013 2571
4029 2 2 0 1 1045 2600 1676
4030 2 2 0 1 569 724 546
4031 2 2 0 1 1683 1684 1566
4032 2 2 0 1 1783 3035 2484
4033 2 2 0 1 432 934 430
4034 2 2 0 1 413 414 412
4035 2 2 0 1 1377 1401 1400
4036 2 2 0 1 651 2705 2491
4037 2 2 0 1 159 2436 291
4038 2 2 0 1 741 821 811
4039 2 2 0 1 858 980 979
4040 2 2 0 1 1343 1657 1350
4041 2 2 0 1 2882 3244 1283
4042 2 2 0 1 972 1306 1255
4043 2 2 0 1 808 2566 1919
4044 2 2 0 1 1471 2072 1721
4045 2 2 0 1 1088 2644 816
4046 2 2 0 1 410 412 409
4047 2 2 0 1 1084 1620 1619
4048 2 2 0 1 967 2576 1125
4049 2 2 0 1 1458 2605 1914
4050 2 2 0 1 481 482 475
4051 2 2 0 1 569 741 724
4052 2 2 0 1 1481 1771 1770
4053 2 2 0 1 1338 1414 1339
4054 2 2 0 1 2541 3151 1883
4055 2 2 0 1 741 811 724
4056 2 2 0 1 1324 2606 915
4057 2 2 0 1 1358 1359 1357
4058 2 2 0 1 773 2571 2392
4059 2 2 0 1 752 2527 753
4060 2 2 0 1 474 475 469
4061 2 2 0 1 144 2330 230
4062 2 2 0 1 1235 1755 1334
4063 2 2 0 1 1195 2565 1151
4064 2 2 0 1 1360 1362 1361
4065 2 2 0 1 1030 1031 1029
4066 2 2 0 1 1263 2616 1264
4067 2 2 0 1 476 479 477
4068 2 2 0 1 468 2569 1581
4069 2 2 0 1 666 667 661
4070 2 2 0 1 468 469 467
4071 2 2 0 1 539 569 546
4072 2 2 0 1 823 2631 881
4073 2 2 0 1 1040 1458 1263
4074 2 2 0 1 1905 3083 2354
4075 2 2 0 1 2042 2053 2052
4076 2 2 0 1 821 977 811
4077 2 2 0 1 1731 1905 1730
4078 2 2 0 1 1721 1960 1679
4079 2 2 0 1 2229 3197 761
4080 2 2 0 1 1338 1723 1414
4081 2 2 0 1 157 2439 225
4082 2 2 0 1 478 2597 473
4083 2 2 0 1 491 530 493
4084 2 2 0 1 1093 1343 1161
4085 2 2 0 1 502 2517 505
4086 2 2 0 1 1135 2562 1133
4087 2 2 0 1 574 577 576
4088 2 2 0 1 1518 2084 1898
4089 2 2 0 1 650 2500 657
4090 2 2 0 1 1232 1705 1570
4091 2 2 0 1 565 573 567
4092 2 2 0 1 1771 2180 2145
4093 2 2 0 1 1635 2733 1391
4094 2 2 0 1 578 721 720
4095 2 2 0 1 1503 3106 2026
4096 2 2 0 1 1046 1325 1324
4097 2 2 0 1 476 477 473
4098 2 2 0 1 466 467 465
4099 2 2 0 1 429 465 426
4100 2 2 0 1 548 2689 540
4101 2 2 0 1 1458 1913 1459
4102 2 2 0 1 1950 2616 1459
4103 2 2 0 1 2171 2172 1261
4104 2 2 0 1 1960 2886 1679
4105 2 2 0 1 244 2889 18
4106 2 2 0 1 577 2524 578
4107 2 2 0 1 535 1253 522
4108 2 2 0 1 1901 2584 1615
4109 2 2 0 1 470 476 473
4110 2 2 0 1 721 899 734
4111 2 2 0 1 1077 1358 1357
4112 2 2 0 1 361 2502 359
4113 2 2 0 1 830 930 929
4114 2 2 0 1 682 683 667
4115 2 2 0 1 996 1052 1051
4116 2 2 0 1 1781 1782 1474
4117 2 2 0 1 1189 1190 558
4118 2 2 0 1 278 2360 111
4119 2 2 0 1 547 2544 549
4120 2 2 0 1 721 734 722
4121 2 2 0 1 229 3064 2123
4122 2 2 0 1 3111 3148 2225
4123 2 2 0 1 972 973 824
4124 2 2 0 1 2003 2697 2004
4125 2 2 0 1 148 2434 147
4126 2 2 0 1 258 2354 109
4127 2 2 0 1 1316 1373 1183
4128 2 2 0 1 1358 1360 1359
4129 2 2 0 1 805 819 742
4130 2 2 0 1 414 947 412
4131 2 2 0 1 2910 3263 2646
4132 2 2 0 1 1672 1934 1933
4133 2 2 0 1 1171 2640 1173
4134 2 2 0 1 2108 2618 2105
4135 2 2 0 1 771 772 770
4136 2 2 0 1 444 2561 445
4137 2 2 0 1 2401 3261 3208
4138 2 2 0 1 929 2653 348
4139 2 2 0 1 1504 1967 1818
4140 2 2 0 1 1601 2510 1099
4141 2 2 0 1 1410 1694 1530
4142 2 2 0 1 1377 1666 1401
4143 2 2 0 1 571 742 570
4144 2 2 0 1 1621 2677 2060
4145 2 2 0 1 248 2362 113
4146 2 2 0 1 462 470 464
4147 2 2 0 1 968 2564 1073
4148 2 2 0 1 1066 1087 1086
4149 2 2 0 1 1133 2562 1585
4150 2 2 0 1 354 2684 2448
4151 2 2 0 1 1622 1867 1866
4152 2 2 0 1 470 473 464
4153 2 2 0 1 1647 1880 1856
4154 2 2 0 1 1612 2584 1614
4155 2 2 0 1 1564 1692 1373
4156 2 2 0 1 1410 1530 1199
4157 2 2 0 1 645 646 644
4158 2 2 0 1 475 2490 469
4159 2 2 0 1 879 1187 840
4160 2 2 0 1 1256 1835 1834
4161 2 2 0 1 375 377 376
4162 2 2 0 1 1863 3109 2824
4163 2 2 0 1 458 459 456
4164 2 2 0 1 1457 1907 1741
4165 2 2 0 1 2682 3072 2883
4166 2 2 0 1 1548 2632 1817
4167 2 2 0 1 1244 2542 1160
4168 2 2 0 1 1417 2522 1860
4169 2 2 0 1 1117 1229 1112
4170 2 2 0 1 930 1085 998
4171 2 2 0 1 1458 1459 1263
4172 2 2 0 1 2419 3214 264
4173 2 2 0 1 1566 1567 1337
4174 2 2 0 1 899 905 904
4175 2 2 0 1 1181 2638 1227
4176 2 2 0 1 1109 1341 1107
4177 2 2 0 1 1254 3253 2051
4178 2 2 0 1 819 961 928
4179 2 2 0 1 1245 2586 1402
4180 2 2 0 1 905 1127 1039
4181 2 2 0 1 1327 1706 1303
4182 2 2 0 1 427 429 426
4183 2 2 0 1 961 1120 962
4184 2 2 0 1 1778 1780 1353
4185 2 2 0 1 458 460 459
4186 2 2 0 1 618 620 619
4187 2 2 0 1 409 411 406
4188 2 2 0 1 1471 1679 1315
4189 2 2 0 1 1743 2567 1539
4190 2 2 0 1 1120 1307 1233
4191 2 2 0 1 1545 1546 1302
4192 2 2 0 1 827 908 907
4193 2 2 0 1 1092 1457 1322
4194 2 2 0 1 424 426 423
4195 2 2 0 1 1314 1315 998
4196 2 2 0 1 686 1302 684
4197 2 2 0 1 1306 1719 1420
4198 2 2 0 1 749 813 812
4199 2 2 0 1 1926 3067 1831
4200 2 2 0 1 464 2597 1178
4201 2 2 0 1 876 3069 2344
4202 2 2 0 1 462 464 461
4203 2 2 0 1 901 1094 900
4204 2 2 0 1 460 462 461
4205 2 2 0 1 460 461 459
4206 2 2 0 1 545 570 544
4207 2 2 0 1 318 2537 316
4208 2 2 0 1 2201 3184 1392
4209 2 2 0 1 1095 1436 1094
4210 2 2 0 1 1993 2617 1997
4211 2 2 0 1 421 423 420
4212 2 2 0 1 910 911 380
4213 2 2 0 1 1085 1452 1314
4214 2 2 0 1 777 778 774
4215 2 2 0 1 815 827 826
4216 2 2 0 1 954 955 947
4217 2 2 0 1 981 982 775
4218 2 2 0 1 1329 2946 2402
4219 2 2 0 1 2235 2798 1677
4220 2 2 0 1 651 652 650
4221 2 2 0 1 1476 1945 1944
4222 2 2 0 1 1813 2035 1514
4223 2 2 0 1 1812 3204 2118
4224 2 2 0 1 810 2566 807
4225 2 2 0 1 209 2692 272
4226 2 2 0 1 647 648 646
4227 2 2 0 1 1084 2631 1620
4228 2 2 0 1 1571 2580 959
4229 2 2 0 1 2548 2549 1994
4230 2 2 0 1 523 535 522
4231 2 2 0 1 970 1460 938
4232 2 2 0 1 1503 1564 1373
4233 2 2 0 1 782 2526 785
4234 2 2 0 1 754 775 708
4235 2 2 0 1 1307 3218 2295
4236 2 2 0 1 2403 2681 2352
4237 2 2 0 1 1775 1876 1425
4238 2 2 0 1 2026 2027 1564
4239 2 2 0 1 1238 2639 1390
4240 2 2 0 1 2681 3243 1919
4241 2 2 0 1 451 1674 1673
4242 2 2 0 1 2078 2990 2075
4243 2 2 0 1 454 935 450
4244 2 2 0 1 1921 2182 1624
4245 2 2 0 1 1058 1182 1057
4246 2 2 0 1 2019 2833 1758
4247 2 2 0 1 1103 2650 1101
4248 2 2 0 1 337 3149 472
4249 2 2 0 1 344 948 342
4250 2 2 0 1 645 1828 647
4251 2 2 0 1 1669 2467 1670
4252 2 2 0 1 1380 1381 1070
4253 2 2 0 1 1196 2562 1138
4254 2 2 0 1 436 448 434
4255 2 2 0 1 466 468 467
4256 2 2 0 1 468 474 469
4257 2 2 0 1 1586 2514 1132
4258 2 2 0 1 451 1673 1641
4259 2 2 0 1 249 2928 2114
4260 2 2 0 1 415 2648 414
4261 2 2 0 1 474 481 475
4262 2 2 0 1 481 522 482
4263 2 2 0 1 1247 2586 1245
4264 2 2 0 1 106 2861 105
4265 2 2 0 1 1675 2655 2282
4266 2 2 0 1 954 1191 955
4267 2 2 0 1 1127 1338 1039
4268 2 2 0 1 1790 2119 1745
4269 2 2 0 1 799 800 798
4270 2 2 0 1 972 2670 1306
4271 2 2 0 1 1685 1884 1684
4272 2 2 0 1 1541 2567 2118
4273 2 2 0 1 1080 1082 1081
4274 2 2 0 1 1138 2562 1135
4275 2 2 0 1 536 544 535
4276 2 2 0 1 1269 1270 982
4277 2 2 0 1 280 2373 115
4278 2 2 0 1 1666 1785 1401
4279 2 2 0 1 408 1638 386
4280 2 2 0 1 940 2499 759
4281 2 2 0 1 2140 3142 1372
4282 2 2 0 1 917 1057 916
4283 2 2 0 1 724 2568 546
4284 2 2 0 1 538 2608 537
4285 2 2 0 1 905 1039 904
4286 2 2 0 1 682 2494 683
4287 2 2 0 1 1071 1660 712
4288 2 2 0 1 445 447 446
4289 2 2 0 1 753 2527 781
4290 2 2 0 1 1630 1632 1631
4291 2 2 0 1 825 972 824
4292 2 2 0 1 1476 1944 1388
4293 2 2 0 1 132 2819 131
4294 2 2 0 1 1867 2065 2064
4295 2 2 0 1 941 2693 2418
4296 2 2 0 1 2068 3055 284
4297 2 2 0 1 662 663 652
4298 2 2 0 1 705 708 668
4299 2 2 0 1 1182 1320 1057
4300 2 2 0 1 1991 2741 1990
4301 2 2 0 1 630 635 631
4302 2 2 0 1 2542 2727 1295
4303 2 2 0 1 1645 1968 1454
4304 2 2 0 1 369 909 368
4305 2 2 0 1 414 954 947
4306 2 2 0 1 757 758 756
4307 2 2 0 1 899 904 734
4308 2 2 0 1 385 386 383
4309 2 2 0 1 549 2544 552
4310 2 2 0 1 1694 2556 1530
4311 2 2 0 1 771 3187 3135
4312 2 2 0 1 430 2662 429
4313 2 2 0 1 1356 2835 1667
4314 2 2 0 1 1351 1476 1388
4315 2 2 0 1 1576 1678 1573
4316 2 2 0 1 379 380 377
4317 2 2 0 1 800 801 798
4318 2 2 0 1 381 910 380
4319 2 2 0 1 1504 2640 1967
4320 2 2 0 1 1397 1474 1269
4321 2 2 0 1 802 803 801
4322 2 2 0 1 1744 1745 1678
4323 2 2 0 1 1913 1915 1459
4324 2 2 0 1 1962 2505 1561
4325 2 2 0 1 2164 3097 2167
4326 2 2 0 1 1969 2608 538
4327 2 2 0 1 429 466 465
4328 2 2 0 1 1664 3185 2098
4329 2 2 0 1 345 2653 344
4330 2 2 0 1 1744 1790 1745
4331 2 2 0 1 919 2851 2345
4332 2 2 0 1 834 981 775
4333 2 2 0 1 1270 1645 1454
4334 2 2 0 1 1673 2059 1949
4335 2 2 0 1 694 695 681
4336 2 2 0 1 785 2526 886
4337 2 2 0 1 1264 2616 1421
4338 2 2 0 1 1844 2651 1437
4339 2 2 0 1 2787 3012 2455
4340 2 2 0 1 1392 3184 1286
4341 2 2 0 1 804 824 802
4342 2 2 0 1 1432 3265 1886
4343 2 2 0 1 1705 2504 1713
4344 2 2 0 1 447 451 446
4345 2 2 0 1 2195 3214 2194
4346 2 2 0 1 1082 1221 1220
4347 2 2 0 1 767 768 766
4348 2 2 0 1 786 2599 788
4349 2 2 0 1 778 797 774
4350 2 2 0 1 620 622 621
4351 2 2 0 1 1837 1943 948
4352 2 2 0 1 692 693 689
4353 2 2 0 1 2146 2685 1660
4354 2 2 0 1 1191 1192 955
4355 2 2 0 1 702 703 693
4356 2 2 0 1 2000 2178 1696
4357 2 2 0 1 1221 1396 1395
4358 2 2 0 1 772 773 770
4359 2 2 0 1 925 926 923
4360 2 2 0 1 1725 3207 3047
4361 2 2 0 1 373 374 371
4362 2 2 0 1 668 669 663
4363 2 2 0 1 1729 1911 1731
4364 2 2 0 1 2528 2621 1582
4365 2 2 0 1 404 960 402
4366 2 2 0 1 1641 2718 446
4367 2 2 0 1 1958 2449 1506
4368 2 2 0 1 1073 2564 1310
4369 2 2 0 1 1607 2626 1190
4370 2 2 0 1 578 2524 721
4371 2 2 0 1 122 2847 121
4372 2 2 0 1 1576 1744 1678
4373 2 2 0 1 1326 1629 1047
4374 2 2 0 1 2523 2659 1530
4375 2 2 0 1 1639 1821 1638
4376 2 2 0 1 2484 3132 1568
4377 2 2 0 1 1129 2622 1484
4378 2 2 0 1 995 2831 2190
4379 2 2 0 1 445 446 442
4380 2 2 0 1 1492 2512 1396
4381 2 2 0 1 972 1255 973
4382 2 2 0 1 397 399 395
4383 2 2 0 1 2443 3120 2479
4384 2 2 0 1 17 2889 300
4385 2 2 0 1 679 694 681
4386 2 2 0 1 2072 2314 1721
4387 2 2 0 1 1191 1351 1192
4388 2 2 0 1 322 2583 320
4389 2 2 0 1 1351 1388 1192
4390 2 2 0 1 1985 2516 1487
4391 2 2 0 1 1814 3136 3038
4392 2 2 0 1 1477 1797 1320
4393 2 2 0 1 1204 1330 1202
4394 2 2 0 1 1188 1285 1187
4395 2 2 0 1 698 2629 1071
4396 2 2 0 1 1396 2512 1395
4397 2 2 0 1 688 689 687
4398 2 2 0 1 2408 2951 1880
4399 2 2 0 1 1217 1218 1216
4400 2 2 0 1 1615 2584 1612
4401 2 2 0 1 651 662 652
4402 2 2 0 1 954 2648 2536
4403 2 2 0 1 1700 1703 1284
4404 2 2 0 1 744 2592 809
4405 2 2 0 1 1372 2575 1370
4406 2 2 0 1 743 2592 744
4407 2 2 0 1 387 408 386
4408 2 2 0 1 1632 2311 1859
4409 2 2 0 1 974 2482 422
4410 2 2 0 1 1092 2753 1457
4411 2 2 0 1 1221 1490 1396
4412 2 2 0 1 635 918 636
4413 2 2 0 1 1602 2542 1244
4414 2 2 0 1 1640 2560 1639
4415 2 2 0 1 423 953 420
4416 2 2 0 1 2412 2935 260
4417 2 2 0 1 1306 1420 1255
4418 2 2 0 1 1166 2561 444
4419 2 2 0 1 628 630 629
4420 2 2 0 1 1897 3131 1735
4421 2 2 0 1 1170 2704 1175
4422 2 2 0 1 626 628 627
4423 2 2 0 1 2197 2200 2196
4424 2 2 0 1 1471 1721 1679
4425 2 2 0 1 1251 2586 1247
4426 2 2 0 1 1660 1661 712
4427 2 2 0 1 458 2580 460
4428 2 2 0 1 1483 2639 1238
4429 2 2 0 1 419 420 417
4430 2 2 0 1 1569 1899 1452
4431 2 2 0 1 698 699 697
4432 2 2 0 1 673 2557 672
4433 2 2 0 1 1747 1910 1693
4434 2 2 0 1 245 3252 3186
4435 2 2 0 1 1636 1693 1225
4436 2 2 0 1 645 647 646
4437 2 2 0 1 678 679 677
4438 2 2 0 1 695 698 697
4439 2 2 0 1 1645 2088 1968
4440 2 2 0 1 1860 2578 1419
4441 2 2 0 1 885 2599 786
4442 2 2 0 1 1491 1493 1492
4443 2 2 0 1 558 2626 559
4444 2 2 0 1 1091 2762 1090
4445 2 2 0 1 759 760 758
4446 2 2 0 1 1767 2921 2611
4447 2 2 0 1 1493 1729 1728
4448 2 2 0 1 1845 2979 2095
4449 2 2 0 1 830 929 348
4450 2 2 0 1 1814 3038 1815
4451 2 2 0 1 1436 1437 1094
4452 2 2 0 1 1720 2595 1445
4453 2 2 0 1 377 2547 376
4454 2 2 0 1 2420 2779 2559
4455 2 2 0 1 1046 1646 1325
4456 2 2 0 1 2785 2920 2820
4457 2 2 0 1 772 774 773
4458 2 2 0 1 635 919 918
4459 2 2 0 1 726 727 703
4460 2 2 0 1 1276 2704 1563
4461 2 2 0 1 2346 2874 1675
4462 2 2 0 1 800 802 801
4463 2 2 0 1 1182 1477 1320
4464 2 2 0 1 1271 2701 2601
4465 2 2 0 1 827 1079 908
4466 2 2 0 1 1180 1636 1225
4467 2 2 0 1 1725 2592 743
4468 2 2 0 1 674 675 673
4469 2 2 0 1 1064 2590 834
4470 2 2 0 1 912 913 911
4471 2 2 0 1 559 2626 725
4472 2 2 0 1 662 668 663
4473 2 2 0 1 2411 2730 299
4474 2 2 0 1 778 798 797
4475 2 2 0 1 1477 2158 1797
4476 2 2 0 1 981 1269 982
4477 2 2 0 1 1490 1848 1491
4478 2 2 0 1 927 931 926
4479 2 2 0 1 1347 1698 1656
4480 2 2 0 1 729 748 747
4481 2 2 0 1 3024 3122 2530
4482 2 2 0 1 354 2447 351
4483 2 2 0 1 554 3011 551
4484 2 2 0 1 622 624 623
4485 2 2 0 1 1689 1690 1688
4486 2 2 0 1 672 2557 1387
4487 2 2 0 1 956 2622 945
4488 2 2 0 1 1445 2595 1444
4489 2 2 0 1 1035 2794 2589
4490 2 2 0 1 788 2599 791
4491 2 2 0 1 1649 2768 1651
4492 2 2 0 1 1444 2595 1691
4493 2 2 0 1 1051 2778 2591
4494 2 2 0 1 1286 1287 1285
4495 2 2 0 1 1698 2633 2508
4496 2 2 0 1 368 2709 365
4497 2 2 0 1 375 376 374
4498 2 2 0 1 1080 1186 1082
4499 2 2 0 1 916 1046 915
4500 2 2 0 1 2719 2818 1666
4501 2 2 0 1 1561 1562 1381
4502 2 2 0 1 868 2696 877
4503 2 2 0 1 1871 1872 1703
4504 2 2 0 1 1071 2680 2146
4505 2 2 0 1 914 915 913
4506 2 2 0 1 2170 3115 2171
4507 2 2 0 1 355 2684 354
4508 2 2 0 1 910 912 911
4509 2 2 0 1 763 764 762
4510 2 2 0 1 1301 2637 2492
4511 2 2 0 1 2450 2933 1966
4512 2 2 0 1 675 678 677
4513 2 2 0 1 1646 1864 1647
4514 2 2 0 1 2023 3180 2862
4515 2 2 0 1 624 626 625
4516 2 2 0 1 1646 1647 1325
4517 2 2 0 1 537 2608 556
4518 2 2 0 1 732 733 731
4519 2 2 0 1 1010 1012 1011
4520 2 2 0 1 932 1201 931
4521 2 2 0 1 735 2656 738
4522 2 2 0 1 748 749 747
4523 2 2 0 1 1729 1731 1730
4524 2 2 0 1 980 2591 979
4525 2 2 0 1 2296 2639 2501
4526 2 2 0 1 547 2568 2544
4527 2 2 0 1 914 916 915
4528 2 2 0 1 1085 1314 998
4529 2 2 0 1 749 814 813
4530 2 2 0 1 1446 2615 1988
4531 2 2 0 1 1295 2621 1157
4532 2 2 0 1 391 933 389
4533 2 2 0 1 1288 1289 1287
4534 2 2 0 1 1637 1843 1437
4535 2 2 0 1 1749 2927 2534
4536 2 2 0 1 2512 2619 1842
4537 2 2 0 1 747 2610 746
4538 2 2 0 1 832 937 936
4539 2 2 0 1 2359 2846 1891
4540 2 2 0 1 957 1000 958
4541 2 2 0 1 186 3060 185
4542 2 2 0 1 1719 1742 1420
4543 2 2 0 1 1648 1746 1423
4544 2 2 0 1 1412 2537 318
4545 2 2 0 1 1026 2558 1027
4546 2 2 0 1 466 2662 2569
4547 2 2 0 1 2399 3291 1973
4548 2 2 0 1 1637 1980 1843
4549 2 2 0 1 1104 3213 2503
4550 2 2 0 1 648 651 650
4551 2 2 0 1 912 914 913
4552 2 2 0 1 1436 1637 1437
4553 2 2 0 1 1332 1777 1348
4554 2 2 0 1 2853 2937 2205
4555 2 2 0 1 1314 1471 1315
4556 2 2 0 1 1200 1560 1347
4557 2 2 0 1 930 998 929
4558 2 2 0 1 1852 2615 1462
4559 2 2 0 1 1630 1631 1629
4560 2 2 0 1 2049 2050 2046
4561 2 2 0 1 1860 2623 2578
4562 2 2 0 1 1000 1332 1001
4563 2 2 0 1 1227 2638 1518
4564 2 2 0 1 674 2612 675
4565 2 2 0 1 1079 1080 908
4566 2 2 0 1 2562 2740 1585
4567 2 2 0 1 192 2579 237
4568 2 2 0 1 931 1053 926
4569 2 2 0 1 1462 2615 1317
4570 2 2 0 1 482 2594 489
4571 2 2 0 1 2175 3162 226
4572 2 2 0 1 961 2643 1121
4573 2 2 0 1 939 1197 970
4574 2 2 0 1 1045 1200 1074
4575 2 2 0 1 376 1810 374
4576 2 2 0 1 1828 1829 647
4577 2 2 0 1 1660 2342 1661
4578 2 2 0 1 320 2583 1412
4579 2 2 0 1 1197 1461 1259
4580 2 2 0 1 1370 2575 1542
4581 2 2 0 1 698 712 699
4582 2 2 0 1 714 2693 716
4583 2 2 0 1 1636 1747 1693
4584 2 2 0 1 814 815 813
4585 2 2 0 1 440 971 438
4586 2 2 0 1 2502 2903 1799
4587 2 2 0 1 1290 1291 1289
4588 2 2 0 1 814 900 815
4589 2 2 0 1 408 1639 1638
4590 2 2 0 1 1459 2616 1263
4591 2 2 0 1 1506 1507 1291
4592 2 2 0 1 1079 2634 1080
4593 2 2 0 1 1692 2679 1373
4594 2 2 0 1 473 2597 464
4595 2 2 0 1 906 2583 322
4596 2 2 0 1 1609 2675 1607
4597 2 2 0 1 1776 3145 2572
4598 2 2 0 1 344 2653 1837
4599 2 2 0 1 326 2607 324
4600 2 2 0 1 734 2656 735
4601 2 2 0 1 937 939 938
4602 2 2 0 1 1490 1491 1396
4603 2 2 0 1 893 1063 892
4604 2 2 0 1 1461 1861 1634
4605 2 2 0 1 1296 1297 1218
4606 2 2 0 1 487 2983 833
4607 2 2 0 1 746 2610 902
4608 2 2 0 1 936 2684 358
4609 2 2 0 1 1847 2771 2646
4610 2 2 0 1 484 2676 2546
4611 2 2 0 1 365 2709 364
4612 2 2 0 1 623 2906 2495
4613 2 2 0 1 768 770 769
4614 2 2 0 1 1008 1009 1007
4615 2 2 0 1 1276 1563 1278
4616 2 2 0 1 2221 3134 2485
4617 2 2 0 1 1121 2636 1120
4618 2 2 0 1 1604 2719 2564
4619 2 2 0 1 2273 2742 2274
4620 2 2 0 1 739 2717 752
4621 2 2 0 1 525 2815 526
4622 2 2 0 1 671 674 673
4623 2 2 0 1 694 2629 695
4624 2 2 0 1 1260 2841 2515
4625 2 2 0 1 764 766 765
4626 2 2 0 1 1510 1695 1509
4627 2 2 0 1 237 2888 191
4628 2 2 0 1 2723 3176 2131
4629 2 2 0 1 877 2696 1180
4630 2 2 0 1 1748 2643 820
4631 2 2 0 1 364 2502 361
4632 2 2 0 1 2092 3071 244
4633 2 2 0 1 986 987 984
4634 2 2 0 1 1012 1014 1013
4635 2 2 0 1 550 2752 1305
4636 2 2 0 1 1764 2843 1766
4637 2 2 0 1 324 2607 906
4638 2 2 0 1 429 2662 466
4639 2 2 0 1 725 2693 714
4640 2 2 0 1 481 2649 523
4641 2 2 0 1 768 769 766
4642 2 2 0 1 2111 2695 1697
4643 2 2 0 1 1789 2774 1422
4644 2 2 0 1 1655 2561 1166
4645 2 2 0 1 414 2648 954
4646 2 2 0 1 39 2890 2451
4647 2 2 0 1 2449 2947 1754
4648 2 2 0 1 2579 3239 237
4649 2 2 0 1 657 2500 1605
4650 2 2 0 1 764 765 762
4651 2 2 0 1 380 2547 377
4652 2 2 0 1 1546 1959 1870
4653 2 2 0 1 1741 1809 1322
4654 2 2 0 1 123 2853 234
4655 2 2 0 1 981 2590 1397
4656 2 2 0 1 1193 2698 883
4657 2 2 0 1 1896 2782 1895
4658 2 2 0 1 1317 2615 1446
4659 2 2 0 1 1107 2650 1103
4660 2 2 0 1 2577 2676 479
4661 2 2 0 1 1266 2726 1455
4662 2 2 0 1 721 2524 899
4663 2 2 0 1 820 2643 819
4664 2 2 0 1 1497 2682 1436
4665 2 2 0 1 1690 1784 1688
4666 2 2 0 1 1000 1333 1332
4667 2 2 0 1 1421 2726 1266
4668 2 2 0 1 477 2676 484
4669 2 2 0 1 1433 2859 1359
4670 2 2 0 1 1604 2818 2719
4671 2 2 0 1 1632 1859 1631
4672 2 2 0 1 738 2717 739
4673 2 2 0 1 638 645 644
4674 2 2 0 1 1157 2621 2528
4675 2 2 0 1 2652 3010 1231
4676 2 2 0 1 2337 2943 2121
4677 2 2 0 1 603 952 605
4678 2 2 0 1 1909 2664 1420
4679 2 2 0 1 2250 2867 2339
4680 2 2 0 1 1303 2613 1127
4681 2 2 0 1 945 2622 1129
4682 2 2 0 1 1767 2968 2921
4683 2 2 0 1 923 924 922
4684 2 2 0 1 928 2642 742
4685 2 2 0 1 934 2662 430
4686 2 2 0 1 832 936 358
4687 2 2 0 1 907 2627 1232
4688 2 2 0 1 1387 2557 1738
4689 2 2 0 1 908 2627 907
4690 2 2 0 1 919 921 920
4691 2 2 0 1 1043 1045 1044
4692 2 2 0 1 183 3100 182
4693 2 2 0 1 1602 2727 2542
4694 2 2 0 1 187 2574 233
4695 2 2 0 1 568 2607 326
4696 2 2 0 1 1696 2706 1695
4697 2 2 0 1 921 923 922
4698 2 2 0 1 479 2676 477
4699 2 2 0 1 1200 1347 1074
4700 2 2 0 1 2713 2806 1382
4701 2 2 0 1 270 3045 2890
4702 2 2 0 1 1280 1473 1282
4703 2 2 0 1 1581 2649 474
4704 2 2 0 1 1056 1126 1034
4705 2 2 0 1 402 2665 400
4706 2 2 0 1 979 2591 1262
4707 2 2 0 1 2646 2771 2259
4708 2 2 0 1 1196 2740 2562
4709 2 2 0 1 2609 2802 2400
4710 2 2 0 1 1190 2626 558
4711 2 2 0 1 1832 2780 2671
4712 2 2 0 1 1092 1093 1087
4713 2 2 0 1 2215 3014 1765
4714 2 2 0 1 366 2988 367
4715 2 2 0 1 1338 2613 1723
4716 2 2 0 1 1045 1074 1044
4717 2 2 0 1 1457 1741 1322
4718 2 2 0 1 716 2693 941
4719 2 2 0 1 890 2773 863
4720 2 2 0 1 1461 1634 1259
4721 2 2 0 1 759 2499 760
4722 2 2 0 1 2370 2840 393
4723 2 2 0 1 1087 2873 1086
4724 2 2 0 1 2394 2776 1526
4725 2 2 0 1 1643 2755 1845
4726 2 2 0 1 2039 3194 1879
4727 2 2 0 1 1861 2155 1634
4728 2 2 0 1 636 2736 638
4729 2 2 0 1 434 2654 432
4730 2 2 0 1 522 2594 482
4731 2 2 0 1 834 2590 981
4732 2 2 0 1 990 2394 988
4733 2 2 0 1 1197 1259 970
4734 2 2 0 1 270 2890 40
4735 2 2 0 1 911 2547 380
4736 2 2 0 1 1343 1903 1657
4737 2 2 0 1 883 2698 821
4738 2 2 0 1 266 2767 2356
4739 2 2 0 1 1670 2630 1672
4740 2 2 0 1 626 642 628
4741 2 2 0 1 1999 2785 2007
4742 2 2 0 1 1690 1982 1784
4743 2 2 0 1 1562 1687 1381
4744 2 2 0 1 570 2642 572
4745 2 2 0 1 2419 3057 2197
4746 2 2 0 1 569 2800 2416
4747 2 2 0 1 1331 1499 1126
4748 2 2 0 1 919 920 918
4749 2 2 0 1 332 2748 330
4750 2 2 0 1 2197 3214 2419
4751 2 2 0 1 1542 2575 2255
4752 2 2 0 1 2467 2630 1670
4753 2 2 0 1 1253 2594 522
4754 2 2 0 1 995 996 980
4755 2 2 0 1 1561 2505 1562
4756 2 2 0 1 450 2625 447
4757 2 2 0 1 760 761 758
4758 2 2 0 1 451 2625 1674
4759 2 2 0 1 2441 2713 1382
4760 2 2 0 1 1163 3127 1663
4761 2 2 0 1 1506 2449 1507
4762 2 2 0 1 1373 2679 1183
4763 2 2 0 1 733 756 755
4764 2 2 0 1 601 664 597
4765 2 2 0 1 1517 3170 1516
4766 2 2 0 1 939 970 938
4767 2 2 0 1 1146 2779 1143
4768 2 2 0 1 691 2750 2098
4769 2 2 0 1 1183 2679 1182
4770 2 2 0 1 346 2881 2300
4771 2 2 0 1 1455 2726 1923
4772 2 2 0 1 2050 3253 1254
4773 2 2 0 1 921 922 920
4774 2 2 0 1 1127 2613 1338
4775 2 2 0 1 1014 1016 1015
4776 2 2 0 1 2376 3089 1413
4777 2 2 0 1 1210 1329 1208
4778 2 2 0 1 856 2773 1623
4779 2 2 0 1 793 2712 2374
4780 2 2 0 1 2170 3125 3115
4781 2 2 0 1 489 2657 491
4782 2 2 0 1 1255 2664 1256
4783 2 2 0 1 1683 2844 1685
4784 2 2 0 1 683 685 684
4785 2 2 0 1 1954 2791 1682
4786 2 2 0 1 686 1545 1302
4787 2 2 0 1 1256 2664 1835
4788 2 2 0 1 2590 2759 1833
4789 2 2 0 1 685 687 686
4790 2 2 0 1 285 2423 137
4791 2 2 0 1 773 2766 2571
4792 2 2 0 1 821 2698 977
4793 2 2 0 1 1518 2638 2084
4794 2 2 0 1 1047 2670 825
4795 2 2 0 1 2559 2779 1146
4796 2 2 0 1 1457 2868 1907
4797 2 2 0 1 1389 2952 946
4798 2 2 0 1 249 2425 139
4799 2 2 0 1 2002 3168 2001
4800 2 2 0 1 727 730 703
4801 2 2 0 1 1086 2869 1052
4802 2 2 0 1 1377 2719 1666
4803 2 2 0 1 2968 3001 1854
4804 2 2 0 1 1018 1020 1019
4805 2 2 0 1 1120 2636 1307
4806 2 2 0 1 1920 2728 2727
4807 2 2 0 1 850 1062 852
4808 2 2 0 1 447 2625 451
4809 2 2 0 1 287 2428 141
4810 2 2 0 1 845 2739 847
4811 2 2 0 1 1199 2659 1117
4812 2 2 0 1 231 2421 135
4813 2 2 0 1 3062 3172 1874
4814 2 2 0 1 1065 1066 1052
4815 2 2 0 1 937 938 936
4816 2 2 0 1 230 2431 143
4817 2 2 0 1 825 2670 972
4818 2 2 0 1 1562 1688 1687
4819 2 2 0 1 2942 3072 2682
4820 2 2 0 1 2292 3218 2293
4821 2 2 0 1 709 3076 494
4822 2 2 0 1 733 755 731
4823 2 2 0 1 1016 1018 1017
4824 2 2 0 1 2457 2768 259
4825 2 2 0 1 1456 2740 1196
4826 2 2 0 1 1066 1092 1087
4827 2 2 0 1 819 2643 961
4828 2 2 0 1 655 665 640
4829 2 2 0 1 675 2612 678
4830 2 2 0 1 1660 2685 2342
4831 2 2 0 1 156 2745 155
4832 2 2 0 1 2690 2805 2013
4833 2 2 0 1 977 2698 2605
4834 2 2 0 1 1741 1942 1809
4835 2 2 0 1 756 957 755
4836 2 2 0 1 1706 2613 1303
4837 2 2 0 1 774 2766 773
4838 2 2 0 1 119 2954 2288
4839 2 2 0 1 2570 2709 950
4840 2 2 0 1 1310 2719 1377
4841 2 2 0 1 742 2642 570
4842 2 2 0 1 2493 2851 630
4843 2 2 0 1 902 2610 1669
4844 2 2 0 1 107 3083 275
4845 2 2 0 1 256 2984 2389
4846 2 2 0 1 909 950 368
4847 2 2 0 1 1225 2683 1413
4848 2 2 0 1 2120 2871 1745
4849 2 2 0 1 510 2789 514
4850 2 2 0 1 620 641 622
4851 2 2 0 1 2060 3081 2454
4852 2 2 0 1 683 684 667
4853 2 2 0 1 417 2641 415
4854 2 2 0 1 341 2854 2808
4855 2 2 0 1 760 762 761
4856 2 2 0 1 727 731 730
4857 2 2 0 1 1721 2672 1960
4858 2 2 0 1 577 2834 2509
4859 2 2 0 1 624 2700 626
4860 2 2 0 1 1695 1697 1509
4861 2 2 0 1 2600 2602 1676
4862 2 2 0 1 1092 1322 1093
4863 2 2 0 1 951 1043 1042
4864 2 2 0 1 1262 2591 1622
4865 2 2 0 1 695 2629 698
4866 2 2 0 1 1043 1044 1042
4867 2 2 0 1 2129 3153 618
4868 2 2 0 1 1928 2666 1474
4869 2 2 0 1 432 2654 934
4870 2 2 0 1 904 2656 734
4871 2 2 0 1 1331 1825 1824
4872 2 2 0 1 125 2937 124
4873 2 2 0 1 1787 2850 1439
4874 2 2 0 1 1724 3120 2443
4875 2 2 0 1 2315 3222 254
4876 2 2 0 1 1920 2727 1602
4877 2 2 0 1 491 2657 530
4878 2 2 0 1 1080 2634 1186
4879 2 2 0 1 608 653 610
4880 2 2 0 1 689 701 687
4881 2 2 0 1 2535 3025 204
4882 2 2 0 1 2125 2861 2126
4883 2 2 0 1 2702 2813 910
4884 2 2 0 1 474 2649 481
4885 2 2 0 1 3110 3148 1333
4886 2 2 0 1 490 3069 876
4887 2 2 0 1 1341 2650 1107
4888 2 2 0 1 973 2671 824
4889 2 2 0 1 2066 2067 2065
4890 2 2 0 1 2016 3234 2620
4891 2 2 0 1 1507 1508 1291
4892 2 2 0 1 893 2645 1063
4893 2 2 0 1 935 2625 450
4894 2 2 0 1 1353 2668 1327
4895 2 2 0 1 614 634 616
4896 2 2 0 1 638 2736 645
4897 2 2 0 1 1823 3108 2248
4898 2 2 0 1 996 1065 1052
4899 2 2 0 1 176 2914 175
4900 2 2 0 1 736 3210 722
4901 2 2 0 1 290 2432 146
4902 2 2 0 1 328 2770 568
4903 2 2 0 1 1530 2659 1199
4904 2 2 0 1 1216 1219 1214
4905 2 2 0 1 44 2756 43
4906 2 2 0 1 1815 2765 2335
4907 2 2 0 1 1289 1850 1287
4908 2 2 0 1 1285 1393 1187
4909 2 2 0 1 154 2828 153
4910 2 2 0 1 2255 2839 704
4911 2 2 0 1 595 975 593
4912 2 2 0 1 858 995 980
4913 2 2 0 1 1471 2699 2072
4914 2 2 0 1 1269 2666 1270
4915 2 2 0 1 456 2673 454
4916 2 2 0 1 1232 2627 1705
4917 2 2 0 1 459 2673 456
4918 2 2 0 1 1695 2109 1697
4919 2 2 0 1 1117 2659 1229
4920 2 2 0 1 947 2678 412
4921 2 2 0 1 1270 2666 1645
4922 2 2 0 1 838 2751 2494
4923 2 2 0 1 2826 3171 1870
4924 2 2 0 1 245 3186 214
4925 2 2 0 1 1958 2947 2449
4926 2 2 0 1 2109 2110 1697
4927 2 2 0 1 2602 3074 1676
4928 2 2 0 1 1780 2668 1353
4929 2 2 0 1 685 686 684
4930 2 2 0 1 1037 1162 1056
4931 2 2 0 1 1526 2735 1424
4932 2 2 0 1 2991 3117 2343
4933 2 2 0 1 2564 2719 1310
4934 2 2 0 1 420 2641 417
4935 2 2 0 1 2178 2706 1696
4936 2 2 0 1 1031 1037 1034
4937 2 2 0 1 802 2671 803
4938 2 2 0 1 1507 1509 1508
4939 2 2 0 1 909 951 950
4940 2 2 0 1 1180 2696 1636
4941 2 2 0 1 2637 2806 1620
4942 2 2 0 1 2988 3077 2025
4943 2 2 0 1 1070 2667 940
4944 2 2 0 1 2354 3083 108
4945 2 2 0 1 1327 2668 1706
4946 2 2 0 1 1297 1423 1422
4947 2 2 0 1 951 2860 1271
4948 2 2 0 1 369 2687 909
4949 2 2 0 1 454 2673 935
4950 2 2 0 1 528 2784 542
4951 2 2 0 1 1027 1029 1028
4952 2 2 0 1 1296 2647 1297
4953 2 2 0 1 995 2660 996
4954 2 2 0 1 483 2748 332
4955 2 2 0 1 242 2777 67
4956 2 2 0 1 1808 2895 2817
4957 2 2 0 1 944 2952 1301
4958 2 2 0 1 465 2703 426
4959 2 2 0 1 951 1042 950
4960 2 2 0 1 1354 3015 1779
4961 2 2 0 1 1564 2688 1692
4962 2 2 0 1 412 2678 409
4963 2 2 0 1 1474 2666 1269
4964 2 2 0 1 409 2678 411
4965 2 2 0 1 1297 1422 1218
4966 2 2 0 1 525 2982 2815
4967 2 2 0 1 1886 1887 1873
4968 2 2 0 1 381 2702 910
4969 2 2 0 1 988 1272 987
4970 2 2 0 1 960 2665 402
4971 2 2 0 1 1672 2630 1934
4972 2 2 0 1 1882 2865 1652
4973 2 2 0 1 1423 1788 1422
4974 2 2 0 1 2641 2648 415
4975 2 2 0 1 1867 2066 2065
4976 2 2 0 1 794 2802 817
4977 2 2 0 1 497 2760 541
4978 2 2 0 1 676 2967 2557
4979 2 2 0 1 1425 2647 1296
4980 2 2 0 1 1431 1702 1368
4981 2 2 0 1 1638 2702 386
4982 2 2 0 1 1306 2832 1719
4983 2 2 0 1 1420 2664 1255
4984 2 2 0 1 286 3052 2426
4985 2 2 0 1 1827 3241 2233
4986 2 2 0 1 1010 1011 1009
4987 2 2 0 1 2184 3283 2188
4988 2 2 0 1 699 2669 707
4989 2 2 0 1 719 3205 2455
4990 2 2 0 1 2314 2672 1721
4991 2 2 0 1 2567 2730 2118
4992 2 2 0 1 448 2654 434
4993 2 2 0 1 824 2671 802
4994 2 2 0 1 1302 2734 684
4995 2 2 0 1 1585 2740 1642
4996 2 2 0 1 61 3002 60
4997 2 2 0 1 341 2808 343
4998 2 2 0 1 116 3104 280
4999 2 2 0 1 1556 1878 1558
5000 2 2 0 1 371 2687 369
5001 2 2 0 1 1182 2679 1477
5002 2 2 0 1 2748 2770 330
5003 2 2 0 1 1567 2759 1337
5004 2 2 0 1 226 3236 2263
5005 2 2 0 1 648 2705 651
5006 2 2 0 1 1654 2865 1918
5007 2 2 0 1 590 2721 588
5008 2 2 0 1 1452 2699 1314
5009 2 2 0 1 1899 2699 1452
5010 2 2 0 1 1198 2795 1409
5011 2 2 0 1 438 2720 436
5012 2 2 0 1 1436 2682 1637
5013 2 2 0 1 1443 2957 1430
5014 2 2 0 1 840 2751 838
5015 2 2 0 1 2347 3054 1865
5016 2 2 0 1 2463 2963 1299
5017 2 2 0 1 1661 2669 712
5018 2 2 0 1 19 3246 244
5019 2 2 0 1 1521 2872 1520
5020 2 2 0 1 2594 2657 489
5021 2 2 0 1 970 2710 1460
5022 2 2 0 1 1693 2683 1225
5023 2 2 0 1 387 2714 408
5024 2 2 0 1 2463 3053 2963
5025 2 2 0 1 2472 2993 78
5026 2 2 0 1 1567 2885 2759
5027 2 2 0 1 1714 2822 2073
5028 2 2 0 1 647 2705 648
5029 2 2 0 1 1629 2670 1047
5030 2 2 0 1 817 2802 2609
5031 2 2 0 1 1812 2768 1649
5032 2 2 0 1 190 2888 2398
5033 2 2 0 1 283 3057 2419
5034 2 2 0 1 1663 1664 1162
5035 2 2 0 1 1320 2674 1057
5036 2 2 0 1 1307 2801 1233
5037 2 2 0 1 1871 2147 1872
5038 2 2 0 1 252 2434 148
5039 2 2 0 1 1337 2759 1064
5040 2 2 0 1 1046 2674 1646
5041 2 2 0 1 539 2800 569
5042 2 2 0 1 305 2965 48
5043 2 2 0 1 1681 2620 1800
5044 2 2 0 1 2027 2688 1564
5045 2 2 0 1 240 2790 62
5046 2 2 0 1 1553 2581 1407
5047 2 2 0 1 389 2714 387
5048 2 2 0 1 4 1367 154
5049 2 2 0 1 1077 2780 1358
5050 2 2 0 1 1057 2674 916
5051 2 2 0 1 916 2674 1046
5052 2 2 0 1 618 3200 2129
5053 2 2 0 1 2299 2809 242
5054 2 2 0 1 645 2736 1828
5055 2 2 0 1 1678 2754 1573
5056 2 2 0 1 1997 2741 1991
5057 2 2 0 1 1987 2716 1985
5058 2 2 0 1 426 2703 423
5059 2 2 0 1 1571 2754 2580
5060 2 2 0 1 149 2887 252
5061 2 2 0 1 1957 2826 2442
5062 2 2 0 1 77 2993 255
5063 2 2 0 1 712 2669 699
5064 2 2 0 1 2111 3087 2695
5065 2 2 0 1 2398 3037 281
5066 2 2 0 1 574 2834 577
5067 2 2 0 1 2365 2821 701
5068 2 2 0 1 470 2945 476
5069 2 2 0 1 163 2862 289
5070 2 2 0 1 1700 1871 1703
5071 2 2 0 1 863 2773 856
5072 2 2 0 1 2687 2860 909
5073 2 2 0 1 400 2707 397
5074 2 2 0 1 2651 2747 900
5075 2 2 0 1 988 2394 1272
5076 2 2 0 1 950 2709 368
5077 2 2 0 1 1638 2813 2702
5078 2 2 0 1 3075 3178 2483
5079 2 2 0 1 815 2747 827
5080 2 2 0 1 918 2736 636
5081 2 2 0 1 1481 1772 1771
5082 2 2 0 1 2157 3077 366
5083 2 2 0 1 1979 3227 2347
5084 2 2 0 1 442 2718 440
5085 2 2 0 1 1547 3221 2597
5086 2 2 0 1 1235 2801 1755
5087 2 2 0 1 1573 2754 1571
5088 2 2 0 1 704 2839 2383
5089 2 2 0 1 812 2744 2610
5090 2 2 0 1 383 2702 381
5091 2 2 0 1 2242 2961 1740
5092 2 2 0 1 194 2758 279
5093 2 2 0 1 900 2747 815
5094 2 2 0 1 1019 1036 1017
5095 2 2 0 1 953 2641 420
5096 2 2 0 1 940 2667 2499
5097 2 2 0 1 2403 3280 1616
5098 2 2 0 1 2383 2839 2141
5099 2 2 0 1 269 2949 2472
5100 2 2 0 1 1056 1331 1126
5101 2 2 0 1 1965 3229 3207
5102 2 2 0 1 3002 3267 294
5103 2 2 0 1 2367 2978 552
5104 2 2 0 1 581 3238 866
5105 2 2 0 1 514 2857 512
5106 2 2 0 1 277 2884 2363
5107 2 2 0 1 1014 1015 1013
5108 2 2 0 1 1093 2686 1343
5109 2 2 0 1 914 2893 917
5110 2 2 0 1 1331 1824 1499
5111 2 2 0 1 386 2702 383
5112 2 2 0 1 1031 1034 1029
5113 2 2 0 1 182 3007 181
5114 2 2 0 1 330 2770 328
5115 2 2 0 1 3143 3244 1959
5116 2 2 0 1 1083 2773 890
5117 2 2 0 1 446 2718 442
5118 2 2 0 1 1273 2931 1004
5119 2 2 0 1 436 2720 448
5120 2 2 0 1 895 2645 893
5121 2 2 0 1 153 2828 229
5122 2 2 0 1 1381 2667 1070
5123 2 2 0 1 1324 3074 2602
5124 2 2 0 1 47 2793 46
5125 2 2 0 1 1278 2723 1280
5126 2 2 0 1 472 3149 2883
5127 2 2 0 1 2259 2771 2261
5128 2 2 0 1 1012 1013 1011
5129 2 2 0 1 827 2747 1079
5130 2 2 0 1 630 2851 635
5131 2 2 0 1 1027 1028 1025
5132 2 2 0 1 2519 2817 708
5133 2 2 0 1 1534 2968 1854
5134 2 2 0 1 1936 3262 1786
5135 2 2 0 1 127 2997 2313
5136 2 2 0 1 2111 3240 3087
5137 2 2 0 1 1825 1981 1824
5138 2 2 0 1 1011 1033 1009
5139 2 2 0 1 1514 2794 1501
5140 2 2 0 1 707 2711 729
5141 2 2 0 1 230 3006 2121
5142 2 2 0 1 1064 2759 2590
5143 2 2 0 1 667 2734 661
5144 2 2 0 1 225 2745 156
5145 2 2 0 1 1829 2705 647
5146 2 2 0 1 2674 2838 1646
5147 2 2 0 1 423 2703 953
5148 2 2 0 1 2306 3161 185
5149 2 2 0 1 374 2687 371
5150 2 2 0 1 1143 2779 1145
5151 2 2 0 1 3106 3213 2026
5152 2 2 0 1 926 2691 923
5153 2 2 0 1 923 2691 924
5154 2 2 0 1 1221 2722 1490
5155 2 2 0 1 1314 2699 1471
5156 2 2 0 1 397 2707 399
5157 2 2 0 1 1229 2807 1112
5158 2 2 0 1 1793 2811 1456
5159 2 2 0 1 1037 1056 1034
5160 2 2 0 1 892 1083 890
5161 2 2 0 1 521 2848 519
5162 2 2 0 1 1781 2930 2025
5163 2 2 0 1 2035 2588 1514
5164 2 2 0 1 1876 2647 1425
5165 2 2 0 1 1208 2731 1206
5166 2 2 0 1 1954 2812 2791
5167 2 2 0 1 729 2711 748
5168 2 2 0 1 517 2852 521
5169 2 2 0 1 1320 2838 2674
5170 2 2 0 1 966 2795 1198
5171 2 2 0 1 282 2954 120
5172 2 2 0 1 2415 2982 2351
5173 2 2 0 1 1168 2764 1655
5174 2 2 0 1 1456 2811 2740
5175 2 2 0 1 2092 3246 2093
5176 2 2 0 1 1973 3291 2957
5177 2 2 0 1 1015 1038 1013
5178 2 2 0 1 1053 2691 926
5179 2 2 0 1 2580 2754 463
5180 2 2 0 1 411 2823 406
5181 2 2 0 1 1729 2772 1911
5182 2 2 0 1 1018 1019 1017
5183 2 2 0 1 1695 2706 2109
5184 2 2 0 1 2834 2915 2509
5185 2 2 0 1 1109 2807 1341
5186 2 2 0 1 1292 2863 920
5187 2 2 0 1 2299 2918 2809
5188 2 2 0 1 1648 2805 1746
5189 2 2 0 1 1020 1023 1019
5190 2 2 0 1 255 2917 2410
5191 2 2 0 1 2829 3131 1897
5192 2 2 0 1 758 2694 756
5193 2 2 0 1 1872 2972 1703
5194 2 2 0 1 791 2901 792
5195 2 2 0 1 1003 1050 992
5196 2 2 0 1 393 2840 391
5197 2 2 0 1 1411 3284 2308
5198 2 2 0 1 1877 3070 2456
5199 2 2 0 1 1985 2716 2516
5200 2 2 0 1 1501 2794 1035
5201 2 2 0 1 2263 3236 288
5202 2 2 0 1 1810 2687 374
5203 2 2 0 1 509 2789 510
5204 2 2 0 1 1809 2686 1322
5205 2 2 0 1 1857 1858 1367
5206 2 2 0 1 2697 3189 2004
5207 2 2 0 1 2680 3139 1840
5208 2 2 0 1 933 2714 389
5209 2 2 0 1 1409 1806 1805
5210 2 2 0 1 2758 3108 2057
5211 2 2 0 1 1888 1889 1887
5212 2 2 0 1 2018 3048 2864
5213 2 2 0 1 803 2780 1077
5214 2 2 0 1 1315 2803 998
5215 2 2 0 1 1533 2904 1793
5216 2 2 0 1 2066 2976 2067
5217 2 2 0 1 203 3025 276
5218 2 2 0 1 1016 1017 1015
5219 2 2 0 1 996 2660 1065
5220 2 2 0 1 1961 3102 606
5221 2 2 0 1 495 2760 497
5222 2 2 0 1 222 3016 273
5223 2 2 0 1 589 2907 591
5224 2 2 0 1 983 2645 895
5225 2 2 0 1 12 3039 268
5226 2 2 0 1 1916 3280 2403
5227 2 2 0 1 2665 2707 400
5228 2 2 0 1 1259 2710 970
5229 2 2 0 1 2780 2892 1358
5230 2 2 0 1 626 2700 642
5231 2 2 0 1 3047 3207 1948
5232 2 2 0 1 440 2718 971
5233 2 2 0 1 1029 2708 1028
5234 2 2 0 1 129 3055 232
5235 2 2 0 1 164 2862 163
5236 2 2 0 1 1362 2948 1366
5237 2 2 0 1 1315 2919 2803
5238 2 2 0 1 1186 2722 1082
5239 2 2 0 1 305 3070 2215
5240 2 2 0 1 1187 2751 840
5241 2 2 0 1 1081 2797 2627
5242 2 2 0 1 1082 2722 1221
5243 2 2 0 1 2480 3167 276
5244 2 2 0 1 3034 3155 1790
5245 2 2 0 1 797 2766 774
5246 2 2 0 1 2271 2837 1463
5247 2 2 0 1 593 2721 590
5248 2 2 0 1 1678 2871 2754
5249 2 2 0 1 2965 3245 2793
5250 2 2 0 1 292 2887 150
5251 2 2 0 1 1272 1424 1284
5252 2 2 0 1 1922 3147 2088
5253 2 2 0 1 3 3098 205
5254 2 2 0 1 2794 2900 2589
5255 2 2 0 1 847 2739 850
5256 2 2 0 1 708 2817 668
5257 2 2 0 1 1560 2787 1347
5258 2 2 0 1 1936 3239 2579
5259 2 2 0 1 2671 2780 803
5260 2 2 0 1 1295 2810 2621
5261 2 2 0 1 1424 1700 1284
5262 2 2 0 1 1322 2686 1093
5263 2 2 0 1 308 3120 2470
5264 2 2 0 1 1347 2787 1698
5265 2 2 0 1 1597 3140 1593
5266 2 2 0 1 971 2720 438
5267 2 2 0 1 238 3164 2213
5268 2 2 0 1 1126 2708 1034
5269 2 2 0 1 339 2854 341
5270 2 2 0 1 1424 1811 1700
5271 2 2 0 1 2740 2811 1642
5272 2 2 0 1 1272 1284 987
5273 2 2 0 1 311 3245 2217
5274 2 2 0 1 2878 3030 2536
5275 2 2 0 1 404 2823 960
5276 2 2 0 1 2451 3270 2481
5277 2 2 0 1 2649 2995 887
5278 2 2 0 1 2253 3044 1850
5279 2 2 0 1 756 2694 957
5280 2 2 0 1 531 2800 539
5281 2 2 0 1 2466 3150 2465
5282 2 2 0 1 833 2845 1830
5283 2 2 0 1 1233 2801 1235
5284 2 2 0 1 2368 3114 1429
5285 2 2 0 1 2504 2788 1713
5286 2 2 0 1 1765 3001 1763
5287 2 2 0 1 2162 3264 1855
5288 2 2 0 1 597 2737 595
5289 2 2 0 1 1703 2796 1284
5290 2 2 0 1 2656 2867 738
5291 2 2 0 1 259 3003 2411
5292 2 2 0 1 3023 3192 3101
5293 2 2 0 1 1619 2858 2640
5294 2 2 0 1 1730 3021 1728
5295 2 2 0 1 1716 2836 1715
5296 2 2 0 1 2365 3168 2002
5297 2 2 0 1 307 3235 2478
5298 2 2 0 1 1687 2667 1381
5299 2 2 0 1 3042 3279 2941
5300 2 2 0 1 2063 3145 1776
5301 2 2 0 1 696 3250 681
5302 2 2 0 1 2660 2661 1065
5303 2 2 0 1 185 3161 184
5304 2 2 0 1 2841 2842 2515
5305 2 2 0 1 2588 2900 2794
5306 2 2 0 1 1200 2856 1560
5307 2 2 0 1 1343 2686 1903
5308 2 2 0 1 2582 3050 767
5309 2 2 0 1 1329 2732 2731
5310 2 2 0 1 2433 2833 251
5311 2 2 0 1 2369 2899 924
5312 2 2 0 1 1563 2723 1278
5313 2 2 0 1 1007 1048 1005
5314 2 2 0 1 1382 2806 1699
5315 2 2 0 1 550 3011 2752
5316 2 2 0 1 506 2932 509
5317 2 2 0 1 1280 2723 1473
5318 2 2 0 1 1000 2738 1333
5319 2 2 0 1 1810 2860 2687
5320 2 2 0 1 1112 2807 1109
5321 2 2 0 1 2245 2941 1404
5322 2 2 0 1 276 3167 2254
5323 2 2 0 1 2070 2997 232
5324 2 2 0 1 246 2938 2333
5325 2 2 0 1 2669 2711 707
5326 2 2 0 1 2895 2998 674
5327 2 2 0 1 761 2694 758
5328 2 2 0 1 661 2743 655
5329 2 2 0 1 501 3195 2233
5330 2 2 0 1 254 3222 14
5331 2 2 0 1 1669 2744 2467
5332 2 2 0 1 984 2796 983
5333 2 2 0 1 526 2815 531
5334 2 2 0 1 1460 2891 938
5335 2 2 0 1 285 2969 2145
5336 2 2 0 1 2883 3072 472
5337 2 2 0 1 796 2802 794
5338 2 2 0 1 2769 3049 1850
5339 2 2 0 1 3207 3229 1540
5340 2 2 0 1 2539 3059 1650
5341 2 2 0 1 987 2796 984
5342 2 2 0 1 288 3236 167
5343 2 2 0 1 859 3128 2876
5344 2 2 0 1 1915 2790 1950
5345 2 2 0 1 462 2916 470
5346 2 2 0 1 2759 2885 1833
5347 2 2 0 1 2188 3283 2760
5348 2 2 0 1 2262 3019 1813
5349 2 2 0 1 1439 2850 1759
5350 2 2 0 1 124 2853 123
5351 2 2 0 1 963 2910 1193
5352 2 2 0 1 2266 2924 295
5353 2 2 0 1 336 2970 334
5354 2 2 0 1 1914 3020 2341
5355 2 2 0 1 2020 3061 2019
5356 2 2 0 1 612 2749 614
5357 2 2 0 1 957 2738 1000
5358 2 2 0 1 1891 2846 1890
5359 2 2 0 1 7 3124 2
5360 2 2 0 1 2 3124 224
5361 2 2 0 1 1519 3290 1839
5362 2 2 0 1 1066 2753 1092
5363 2 2 0 1 2475 3124 312
5364 2 2 0 1 1329 2731 1208
5365 2 2 0 1 2670 2832 1306
5366 2 2 0 1 1432 1873 1798
5367 2 2 0 1 1409 2795 1806
5368 2 2 0 1 263 2819 132
5369 2 2 0 1 406 2823 404
5370 2 2 0 1 2577 2866 2676
5371 2 2 0 1 231 2940 2454
5372 2 2 0 1 1739 2996 2764
5373 2 2 0 1 2754 2871 463
5374 2 2 0 1 1705 2797 2504
5375 2 2 0 1 684 2734 667
5376 2 2 0 1 1260 2961 2841
5377 2 2 0 1 226 3162 165
5378 2 2 0 1 1959 2882 1870
5379 2 2 0 1 1750 3122 3024
5380 2 2 0 1 552 2978 553
5381 2 2 0 1 2632 3215 2361
5382 2 2 0 1 2136 3037 1822
5383 2 2 0 1 1693 2942 2683
5384 2 2 0 1 605 2746 608
5385 2 2 0 1 2316 2870 2642
5386 2 2 0 1 1642 2811 2327
5387 2 2 0 1 701 2821 687
5388 2 2 0 1 1365 3229 1363
5389 2 2 0 1 2803 2919 1837
5390 2 2 0 1 1691 2818 1604
5391 2 2 0 1 1499 2761 1556
5392 2 2 0 1 232 2997 128
5393 2 2 0 1 303 2912 2310
5394 2 2 0 1 2637 2958 2806
5395 2 2 0 1 2676 2866 2546
5396 2 2 0 1 1493 2772 1729
5397 2 2 0 1 291 2816 2439
5398 2 2 0 1 2765 2901 791
5399 2 2 0 1 298 2918 2299
5400 2 2 0 1 1316 3053 1503
5401 2 2 0 1 2610 2744 1669
5402 2 2 0 1 1766 2843 2217
5403 2 2 0 1 1357 2835 1356
5404 2 2 0 1 1821 2813 1638
5405 2 2 0 1 3112 3242 2405
5406 2 2 0 1 1065 2753 1066
5407 2 2 0 1 2117 3204 1650
5408 2 2 0 1 151 3063 292
5409 2 2 0 1 2034 2920 2786
5410 2 2 0 1 2627 2797 1705
5411 2 2 0 1 1719 2923 1742
5412 2 2 0 1 2215 3070 3014
5413 2 2 0 1 1962 3239 2505
5414 2 2 0 1 668 2817 669
5415 2 2 0 1 687 2821 686
5416 2 2 0 1 1435 3024 2530
5417 2 2 0 1 3135 3187 1983
5418 2 2 0 1 150 2887 149
5419 2 2 0 1 850 2739 1062
5420 2 2 0 1 1558 2763 1681
5421 2 2 0 1 1895 2581 1553
5422 2 2 0 1 573 2834 574
5423 2 2 0 1 2773 2864 1623
5424 2 2 0 1 1865 3054 2896
5425 2 2 0 1 852 2831 858
5426 2 2 0 1 1 3133 45
5427 2 2 0 1 46 3133 1
5428 2 2 0 1 572 2971 544
5429 2 2 0 1 952 2746 605
5430 2 2 0 1 3118 3125 2170
5431 2 2 0 1 238 3104 117
5432 2 2 0 1 1325 3074 1324
5433 2 2 0 1 1034 2708 1029
5434 2 2 0 1 2588 2794 1514
5435 2 2 0 1 1813 3019 2036
5436 2 2 0 1 2381 3086 2379
5437 2 2 0 1 1393 2751 1187
5438 2 2 0 1 1811 2735 2495
5439 2 2 0 1 2265 2770 2748
5440 2 2 0 1 2300 2881 2696
5441 2 2 0 1 1477 2902 2158
5442 2 2 0 1 664 2737 597
5443 2 2 0 1 2753 2868 1457
5444 2 2 0 1 727 3240 732
5445 2 2 0 1 1727 3202 2359
5446 2 2 0 1 640 2880 633
5447 2 2 0 1 1629 2832 2670
5448 2 2 0 1 2481 3270 1525
5449 2 2 0 1 655 2743 665
5450 2 2 0 1 2245 3042 2941
5451 2 2 0 1 1911 3173 1731
5452 2 2 0 1 85 3137 6
5453 2 2 0 1 6 3137 84
5454 2 2 0 1 191 2888 190
5455 2 2 0 1 2875 3156 2107
5456 2 2 0 1 2728 2810 2727
5457 2 2 0 1 910 2813 912
5458 2 2 0 1 975 2721 593
5459 2 2 0 1 155 1369 4
5460 2 2 0 1 531 2815 2800
5461 2 2 0 1 686 2821 1545
5462 2 2 0 1 1331 2781 1825
5463 2 2 0 1 1006 2894 1008
5464 2 2 0 1 1824 2761 1499
5465 2 2 0 1 206 3098 3
5466 2 2 0 1 2833 3288 1892
5467 2 2 0 1 2682 2883 1637
5468 2 2 0 1 2775 2776 2394
5469 2 2 0 1 2611 2921 1145
5470 2 2 0 1 1751 3045 1760
5471 2 2 0 1 1794 3062 1874
5472 2 2 0 1 1567 3286 2247
5473 2 2 0 1 1560 3012 2787
5474 2 2 0 1 924 2899 922
5475 2 2 0 1 2322 3249 2543
5476 2 2 0 1 2174 3169 866
5477 2 2 0 1 887 3144 2445
5478 2 2 0 1 2755 2932 1845
5479 2 2 0 1 2241 2841 2242
5480 2 2 0 1 264 2914 176
5481 2 2 0 1 736 3225 2155
5482 2 2 0 1 2890 3045 1769
5483 2 2 0 1 2634 2804 1186
5484 2 2 0 1 275 2861 106
5485 2 2 0 1 96 2855 95
5486 2 2 0 1 1342 3109 2008
5487 2 2 0 1 1886 3018 1888
5488 2 2 0 1 1875 3278 2533
5489 2 2 0 1 1832 2892 2780
5490 2 2 0 1 1797 2838 1320
5491 2 2 0 1 519 2848 525
5492 2 2 0 1 772 3183 777
5493 2 2 0 1 2694 2738 957
5494 2 2 0 1 1062 2831 852
5495 2 2 0 1 1424 2735 1811
5496 2 2 0 1 284 3055 130
5497 2 2 0 1 2141 3142 2140
5498 2 2 0 1 515 2852 517
5499 2 2 0 1 2633 3130 1861
5500 2 2 0 1 1508 2769 1291
5501 2 2 0 1 1538 3159 2281
5502 2 2 0 1 2087 3231 2767
5503 2 2 0 1 1879 3194 2422
5504 2 2 0 1 1691 2956 2938
5505 2 2 0 1 2908 2959 2582
5506 2 2 0 1 768 3187 771
5507 2 2 0 1 1592 3138 1590
5508 2 2 0 1 2422 3194 286
5509 2 2 0 1 2884 3215 2236
5510 2 2 0 1 452 3099 2485
5511 2 2 0 1 1622 2778 1867
5512 2 2 0 1 1945 3094 1944
5513 2 2 0 1 2281 3159 2511
5514 2 2 0 1 1357 2859 2835
5515 2 2 0 1 234 2847 122
5516 2 2 0 1 1291 2769 1289
5517 2 2 0 1 2932 2979 1845
5518 2 2 0 1 2505 3239 1936
5519 2 2 0 1 858 2831 995
5520 2 2 0 1 1610 3121 1609
5521 2 2 0 1 1834 2892 1832
5522 2 2 0 1 243 3199 2381
5523 2 2 0 1 2727 2810 1295
5524 2 2 0 1 595 2737 975
5525 2 2 0 1 2738 3110 1333
5526 2 2 0 1 2575 2839 2255
5527 2 2 0 1 512 2857 515
5528 2 2 0 1 1161 2873 1087
5529 2 2 0 1 2044 3273 2047
5530 2 2 0 1 2248 2884 1707
5531 2 2 0 1 2661 2753 1065
5532 2 2 0 1 2293 2877 2291
5533 2 2 0 1 625 2906 623
5534 2 2 0 1 671 2895 674
5535 2 2 0 1 1145 2921 2545
5536 2 2 0 1 1284 2796 987
5537 2 2 0 1 1359 2859 1357
5538 2 2 0 1 2734 2743 661
5539 2 2 0 1 2202 2914 2195
5540 2 2 0 1 3023 3101 2331
5541 2 2 0 1 1218 2774 1216
5542 2 2 0 1 1664 2781 1162
5543 2 2 0 1 1038 2827 2617
5544 2 2 0 1 990 2775 2394
5545 2 2 0 1 1742 2923 2692
5546 2 2 0 1 1289 2769 1850
5547 2 2 0 1 1799 3085 2550
5548 2 2 0 1 1631 2832 1629
5549 2 2 0 1 3035 3132 2484
5550 2 2 0 1 509 2932 2755
5551 2 2 0 1 918 2863 2736
5552 2 2 0 1 1646 2838 1864
5553 2 2 0 1 1429 3114 1249
5554 2 2 0 1 2339 2867 2656
5555 2 2 0 1 1363 3103 1361
5556 2 2 0 1 257 3093 2632
5557 2 2 0 1 1162 2781 1056
5558 2 2 0 1 1083 2864 2773
5559 2 2 0 1 614 2749 634
5560 2 2 0 1 391 2840 933
5561 2 2 0 1 2869 2976 2066
5562 2 2 0 1 2695 2987 1508
5563 2 2 0 1 2696 2881 1636
5564 2 2 0 1 1525 3270 1579
5565 2 2 0 1 1432 1798 1431
5566 2 2 0 1 1801 3071 2092
5567 2 2 0 1 2788 3166 1713
5568 2 2 0 1 998 2803 929
5569 2 2 0 1 2346 2995 2874
5570 2 2 0 1 2440 2876 1479
5571 2 2 0 1 2717 2999 752
5572 2 2 0 1 1652 2865 1654
5573 2 2 0 1 2012 3040 2907
5574 2 2 0 1 608 2746 653
5575 2 2 0 1 47 2965 2793
5576 2 2 0 1 929 2803 2653
5577 2 2 0 1 2747 2905 1079
5578 2 2 0 1 2238 3242 2240
5579 2 2 0 1 992 2775 990
5580 2 2 0 1 535 2971 1253
5581 2 2 0 1 1216 2774 1219
5582 2 2 0 1 1777 2996 1348
5583 2 2 0 1 2653 2803 1837
5584 2 2 0 1 2771 3095 302
5585 2 2 0 1 2526 3075 2483
5586 2 2 0 1 2832 2922 1719
5587 2 2 0 1 4 1368 1367
5588 2 2 0 1 2114 2928 2115
5589 2 2 0 1 1422 2774 1218
5590 2 2 0 1 2107 3156 2108
5591 2 2 0 1 1556 2761 1878
5592 2 2 0 1 1388 2991 1192
5593 2 2 0 1 1999 2975 2786
5594 2 2 0 1 2815 2982 2415
5595 2 2 0 1 1867 2778 2066
5596 2 2 0 1 2648 2878 2536
5597 2 2 0 1 678 3022 679
5598 2 2 0 1 228 3007 2798
5599 2 2 0 1 2389 3000 303
5600 2 2 0 1 635 2851 919
5601 2 2 0 1 2591 2778 1622
5602 2 2 0 1 1878 2763 1558
5603 2 2 0 1 1676 2856 1200
5604 2 2 0 1 1789 3017 2934
5605 2 2 0 1 2264 2896 2265
5606 2 2 0 1 1784 2959 1688
5607 2 2 0 1 1925 3071 1803
5608 2 2 0 1 2555 3030 2878
5609 2 2 0 1 1204 2962 1330
5610 2 2 0 1 2713 2858 1619
5611 2 2 0 1 1520 2872 1882
5612 2 2 0 1 1889 2849 1887
5613 2 2 0 1 676 3126 2967
5614 2 2 0 1 2153 3141 975
5615 2 2 0 1 1972 3178 3075
5616 2 2 0 1 515 2857 2852
5617 2 2 0 1 1999 2786 2785
5618 2 2 0 1 299 3004 2332
5619 2 2 0 1 1681 2763 2620
5620 2 2 0 1 1774 2925 1775
5621 2 2 0 1 2791 2812 1023
5622 2 2 0 1 1923 3091 1792
5623 2 2 0 1 2667 2908 2499
5624 2 2 0 1 2054 3284 3107
5625 2 2 0 1 2736 2863 1828
5626 2 2 0 1 1975 3046 2362
5627 2 2 0 1 1577 2964 2547
5628 2 2 0 1 1367 2828 154
5629 2 2 0 1 1545 3005 1546
5630 2 2 0 1 1815 2901 2765
5631 2 2 0 1 471 3028 2224
5632 2 2 0 1 589 3065 2907
5633 2 2 0 1 2103 3277 2181
5634 2 2 0 1 1576 3013 1744
5635 2 2 0 1 1821 3010 2652
5636 2 2 0 1 874 3209 2157
5637 2 2 0 1 2691 2844 924
5638 2 2 0 1 1873 2406 1798
5639 2 2 0 1 2640 2858 1967
5640 2 2 0 1 1588 3088 1720
5641 2 2 0 1 229 3063 152
5642 2 2 0 1 2187 3247 1897
5643 2 2 0 1 2809 3230 242
5644 2 2 0 1 2123 3064 2427
5645 2 2 0 1 2786 2975 2032
5646 2 2 0 1 340 3099 452
5647 2 2 0 1 1662 3154 2039
5648 2 2 0 1 2661 2868 2753
5649 2 2 0 1 1765 3014 3001
5650 2 2 0 1 2651 2905 2747
5651 2 2 0 1 1733 3233 1524
5652 2 2 0 1 166 3236 226
5653 2 2 0 1 1366 3159 1364
5654 2 2 0 1 1744 3034 1790
5655 2 2 0 1 1810 2964 2701
5656 2 2 0 1 1741 2926 1942
5657 2 2 0 1 1056 2781 1331
5658 2 2 0 1 2306 3060 2000
5659 2 2 0 1 725 2911 2693
5660 2 2 0 1 2133 3294 2132
5661 2 2 0 1 2159 3174 740
5662 2 2 0 1 2879 3248 1230
5663 2 2 0 1 2380 3086 1416
5664 2 2 0 1 1891 3172 2358
5665 2 2 0 1 2120 2916 2871
5666 2 2 0 1 40 2890 39
5667 2 2 0 1 561 3198 564
5668 2 2 0 1 18 2889 17
5669 2 2 0 1 2594 2829 2657
5670 2 2 0 1 2751 2936 2494
5671 2 2 0 1 2573 3257 653
5672 2 2 0 1 2546 2866 1851
5673 2 2 0 1 2418 2911 2387
5674 2 2 0 1 1929 3212 1893
5675 2 2 0 1 2806 2958 1699
5676 2 2 0 1 2067 2976 2071
5677 2 2 0 1 1020 2909 1023
5678 2 2 0 1 1202 3090 1201
5679 2 2 0 1 2496 3267 1914
5680 2 2 0 1 1639 3010 1821
5681 2 2 0 1 1036 2827 1017
5682 2 2 0 1 2655 2874 2569
5683 2 2 0 1 1700 2792 1871
5684 2 2 0 1 1253 2829 2594
5685 2 2 0 1 565 3157 573
5686 2 2 0 1 2822 3255 2073
5687 2 2 0 1 253 3027 2452
5688 2 2 0 1 2813 2893 912
5689 2 2 0 1 2866 2927 1851
5690 2 2 0 1 909 2860 951
5691 2 2 0 1 1914 3267 1913
5692 2 2 0 1 1968 3254 1454
5693 2 2 0 1 1808 2998 2895
5694 2 2 0 1 1679 2919 1315
5695 2 2 0 1 1745 2871 1678
5696 2 2 0 1 376 2964 1810
5697 2 2 0 1 2938 2956 2333
5698 2 2 0 1 1821 2893 2813
5699 2 2 0 1 920 2863 918
5700 2 2 0 1 1787 3056 2850
5701 2 2 0 1 2817 2895 669
5702 2 2 0 1 2478 3235 2872
5703 2 2 0 1 1847 3263 2514
5704 2 2 0 1 1811 2792 1700
5705 2 2 0 1 2624 3116 1036
5706 2 2 0 1 2555 2878 953
5707 2 2 0 1 2709 2903 364
5708 2 2 0 1 1877 3224 1853
5709 2 2 0 1 2097 3185 2614
5710 2 2 0 1 2333 2956 304
5711 2 2 0 1 2331 3101 1748
5712 2 2 0 1 2642 2870 572
5713 2 2 0 1 2150 3176 1563
5714 2 2 0 1 1405 2927 2866
5715 2 2 0 1 1210 2946 1329
5716 2 2 0 1 2846 3202 1251
5717 2 2 0 1 2428 2928 249
5718 2 2 0 1 2605 3020 1914
5719 2 2 0 1 2235 2799 2798
5720 2 2 0 1 2912 3000 1734
5721 2 2 0 1 1401 3163 1551
5722 2 2 0 1 1687 2908 2667
5723 2 2 0 1 1738 2868 2661
5724 2 2 0 1 301 2960 2353
5725 2 2 0 1 338 3211 336
5726 2 2 0 1 2722 2955 1849
5727 2 2 0 1 1852 2917 2615
5728 2 2 0 1 1052 2869 1051
5729 2 2 0 1 936 2891 2684
5730 2 2 0 1 1019 2812 1036
5731 2 2 0 1 1405 2866 2577
5732 2 2 0 1 1834 2948 2892
5733 2 2 0 1 1368 1857 1367
5734 2 2 0 1 2527 3075 781
5735 2 2 0 1 1038 2825 1013
5736 2 2 0 1 2868 2967 1907
5737 2 2 0 1 1637 2883 1980
5738 2 2 0 1 1883 3136 1814
5739 2 2 0 1 2574 3026 233
5740 2 2 0 1 1005 2820 1003
5741 2 2 0 1 2963 3053 1732
5742 2 2 0 1 2442 2882 1283
5743 2 2 0 1 2525 2875 2673
5744 2 2 0 1 2730 3004 299
5745 2 2 0 1 120 2954 119
5746 2 2 0 1 2381 3199 2522
5747 2 2 0 1 3013 3034 1744
5748 2 2 0 1 948 3099 342
5749 2 2 0 1 738 2867 2717
5750 2 2 0 1 2266 3062 2924
5751 2 2 0 1 1853 2904 1533
5752 2 2 0 1 499 3195 501
5753 2 2 0 1 1009 2830 1007
5754 2 2 0 1 2358 3287 1891
5755 2 2 0 1 2604 3203 1938
5756 2 2 0 1 2767 3163 2356
5757 2 2 0 1 693 3189 2697
5758 2 2 0 1 1079 2905 2634
5759 2 2 0 1 1969 2933 2608
5760 2 2 0 1 1050 2775 992
5761 2 2 0 1 1846 3095 1847
5762 2 2 0 1 1675 2874 2655
5763 2 2 0 1 2567 3004 2730
5764 2 2 0 1 1767 3001 2968
5765 2 2 0 1 792 2901 796
5766 2 2 0 1 2632 3093 1817
5767 2 2 0 1 2121 3006 1804
5768 2 2 0 1 1358 2892 1360
5769 2 2 0 1 2569 2874 1581
5770 2 2 0 1 2693 2911 2418
5771 2 2 0 1 1858 2828 1367
5772 2 2 0 1 922 2899 1292
5773 2 2 0 1 3156 3221 2108
5774 2 2 0 1 1636 2881 1747
5775 2 2 0 1 1033 2830 1009
5776 2 2 0 1 1023 2812 1019
5777 2 2 0 1 294 3267 2496
5778 2 2 0 1 1122 2910 963
5779 2 2 0 1 1860 3199 2623
5780 2 2 0 1 1855 3264 1922
5781 2 2 0 1 2431 2943 287
5782 2 2 0 1 2216 3245 2965
5783 2 2 0 1 1219 2973 1214
5784 2 2 0 1 665 2880 640
5785 2 2 0 1 2423 2940 231
5786 2 2 0 1 1666 2913 1785
5787 2 2 0 1 2469 2949 269
5788 2 2 0 1 2453 3224 267
5789 2 2 0 1 1863 3220 1862
5790 2 2 0 1 1025 2898 1022
5791 2 2 0 1 560 3277 3198
5792 2 2 0 1 2760 3283 541
5793 2 2 0 1 669 2895 671
5794 2 2 0 1 463 2916 462
5795 2 2 0 1 1481 2876 1772
5796 2 2 0 1 260 2935 2460
5797 2 2 0 1 1791 2999 2717
5798 2 2 0 1 2850 3078 1759
5799 2 2 0 1 1028 2898 1025
5800 2 2 0 1 2445 3269 723
5801 2 2 0 1 2327 3027 253
5802 2 2 0 1 1292 2953 2863
5803 2 2 0 1 245 3219 2281
5804 2 2 0 1 2684 2891 2448
5805 2 2 0 1 2034 3092 2920
5806 2 2 0 1 1022 2909 1020
5807 2 2 0 1 912 2893 914
5808 2 2 0 1 2337 2879 1535
5809 2 2 0 1 2168 3041 1796
5810 2 2 0 1 1011 2825 1033
5811 2 2 0 1 1363 3229 2981
5812 2 2 0 1 2456 3070 305
5813 2 2 0 1 762 3165 761
5814 2 2 0 1 1015 2827 1038
5815 2 2 0 1 2077 2962 2731
5816 2 2 0 1 1390 3023 2331
5817 2 2 0 1 2119 3293 833
5818 2 2 0 1 1833 2930 1781
5819 2 2 0 1 2731 2962 1206
5820 2 2 0 1 2358 3172 239
5821 2 2 0 1 1566 3286 1567
5822 2 2 0 1 2934 2974 1789
5823 2 2 0 1 2929 3250 696
5824 2 2 0 1 2804 2955 1186
5825 2 2 0 1 2509 2915 1544
5826 2 2 0 1 1551 3163 2767
5827 2 2 0 1 1631 2922 2832
5828 2 2 0 1 2145 2969 1770
5829 2 2 0 1 1017 2827 1015
5830 2 2 0 1 2116 2943 2337
5831 2 2 0 1 1938 3203 1569
5832 2 2 0 1 2675 2911 725
5833 2 2 0 1 1692 2902 2679
5834 2 2 0 1 286 3194 3052
5835 2 2 0 1 1013 2825 1011
5836 2 2 0 1 2401 3208 1797
5837 2 2 0 1 1972 3075 2527
5838 2 2 0 1 1838 3134 2221
5839 2 2 0 1 935 2875 2715
5840 2 2 0 1 1704 2998 1808
5841 2 2 0 1 2770 2896 568
5842 2 2 0 1 938 2891 936
5843 2 2 0 1 2499 2908 763
5844 2 2 0 1 2387 3073 2386
5845 2 2 0 1 1647 3289 1880
5846 2 2 0 1 2804 2985 2166
5847 2 2 0 1 1950 3009 2616
5848 2 2 0 1 2545 2921 2507
5849 2 2 0 1 1393 2936 2751
5850 2 2 0 1 2641 2878 2648
5851 2 2 0 1 2589 2900 1163
5852 2 2 0 1 1725 3047 2592
5853 2 2 0 1 2948 2986 1366
5854 2 2 0 1 476 2945 480
5855 2 2 0 1 2646 3263 1847
5856 2 2 0 1 1850 3044 1287
5857 2 2 0 1 2432 2977 1807
5858 2 2 0 1 239 3172 3062
5859 2 2 0 1 2945 2983 480
5860 2 2 0 1 1251 3202 2586
5861 2 2 0 1 155 2745 1369
5862 2 2 0 1 2636 3218 1307
5863 2 2 0 1 618 3153 620
5864 2 2 0 1 1479 2876 1481
5865 2 2 0 1 2241 2842 2841
5866 2 2 0 1 2424 3248 1806
5867 2 2 0 1 2522 3086 2381
5868 2 2 0 1 2475 3016 223
5869 2 2 0 1 367 2988 370
5870 2 2 0 1 364 2903 2502
5871 2 2 0 1 2619 3046 1842
5872 2 2 0 1 278 3046 2619
5873 2 2 0 1 703 3189 693
5874 2 2 0 1 2425 2969 285
5875 2 2 0 1 1773 3181 2540
5876 2 2 0 1 2362 3046 278
5877 2 2 0 1 2570 2903 2709
5878 2 2 0 1 1201 3080 931
5879 2 2 0 1 2461 3237 274
5880 2 2 0 1 86 2950 85
5881 2 2 0 1 1806 2879 1805
5882 2 2 0 1 2534 2927 1405
5883 2 2 0 1 2379 3086 2380
5884 2 2 0 1 587 3065 589
5885 2 2 0 1 2752 2902 1692
5886 2 2 0 1 2166 3058 529
5887 2 2 0 1 2615 2917 1988
5888 2 2 0 1 603 3040 952
5889 2 2 0 1 1301 2958 2637
5890 2 2 0 1 505 2932 506
5891 2 2 0 1 296 2994 2269
5892 2 2 0 1 1430 2957 1429
5893 2 2 0 1 2409 3177 254
5894 2 2 0 1 2673 2875 935
5895 2 2 0 1 2892 2948 1360
5896 2 2 0 1 1837 2919 1943
5897 2 2 0 1 2332 3219 245
5898 2 2 0 1 1805 2879 2337
5899 2 2 0 1 2841 2961 2242
5900 2 2 0 1 1007 2830 1048
5901 2 2 0 1 1003 2820 1050
5902 2 2 0 1 2494 2936 2286
5903 2 2 0 1 1275 3244 3143
5904 2 2 0 1 1332 3111 1777
5905 2 2 0 1 1907 2926 1741
5906 2 2 0 1 1727 2944 1726
5907 2 2 0 1 304 3008 2412
5908 2 2 0 1 946 2952 944
5909 2 2 0 1 2459 3201 2461
5910 2 2 0 1 1935 3281 1443
5911 2 2 0 1 1859 2922 1631
5912 2 2 0 1 262 2937 125
5913 2 2 0 1 2921 2968 2507
5914 2 2 0 1 2905 2985 2634
5915 2 2 0 1 1836 3196 1885
5916 2 2 0 1 2697 3216 693
5917 2 2 0 1 261 3161 2947
5918 2 2 0 1 2309 3049 2987
5919 2 2 0 1 3038 3136 2635
5920 2 2 0 1 1797 3271 2401
5921 2 2 0 1 2850 3056 2208
5922 2 2 0 1 2874 2995 1581
5923 2 2 0 1 2137 3026 2574
5924 2 2 0 1 1299 2963 2252
5925 2 2 0 1 1285 3044 1393
5926 2 2 0 1 1551 3231 2538
5927 2 2 0 1 48 2965 47
5928 2 2 0 1 2525 3156 2875
5929 2 2 0 1 2262 3256 288
5930 2 2 0 1 2265 2896 2770
5931 2 2 0 1 262 3042 2404
5932 2 2 0 1 2679 2902 1477
5933 2 2 0 1 1048 2820 1005
5934 2 2 0 1 1749 2989 2927
5935 2 2 0 1 2427 3064 2015
5936 2 2 0 1 1910 2942 1693
5937 2 2 0 1 2918 3079 2809
5938 2 2 0 1 128 2997 127
5939 2 2 0 1 1841 2900 2588
5940 2 2 0 1 2967 3126 1907
5941 2 2 0 1 1360 2948 1362
5942 2 2 0 1 2554 2949 1736
5943 2 2 0 1 1460 3035 2891
5944 2 2 0 1 1511 3258 2630
5945 2 2 0 1 1842 3046 1975
5946 2 2 0 1 1844 2905 2651
5947 2 2 0 1 2098 3185 2097
5948 2 2 0 1 1699 2958 2163
5949 2 2 0 1 953 2878 2641
5950 2 2 0 1 2470 3032 2469
5951 2 2 0 1 60 3002 294
5952 2 2 0 1 2896 3054 568
5953 2 2 0 1 616 3200 618
5954 2 2 0 1 1847 3095 2771
5955 2 2 0 1 3058 3066 529
5956 2 2 0 1 653 3257 610
5957 2 2 0 1 1212 2946 1210
5958 2 2 0 1 2608 2933 2450
5959 2 2 0 1 2761 3268 658
5960 2 2 0 1 1423 3125 1788
5961 2 2 0 1 1906 3135 1816
5962 2 2 0 1 1786 3262 3029
5963 2 2 0 1 677 3126 676
5964 2 2 0 1 2903 3085 1799
5965 2 2 0 1 2378 3057 283
5966 2 2 0 1 2636 3192 2293
5967 2 2 0 1 2612 3129 678
5968 2 2 0 1 1966 2981 1965
5969 2 2 0 1 2477 2980 2476
5970 2 2 0 1 1891 3287 2359
5971 2 2 0 1 3198 3277 2103
5972 2 2 0 1 2839 3142 2141
5973 2 2 0 1 693 3216 689
5974 2 2 0 1 1691 2938 2818
5975 2 2 0 1 3144 3269 2445
5976 2 2 0 1 2604 3225 736
5977 2 2 0 1 1844 2985 2905
5978 2 2 0 1 554 3271 2158
5979 2 2 0 1 1577 3182 2964
5980 2 2 0 1 551 3011 550
5981 2 2 0 1 1885 3232 2486
5982 2 2 0 1 2863 2953 1828
5983 2 2 0 1 2871 2916 463
5984 2 2 0 1 164 3162 2862
5985 2 2 0 1 480 2983 487
5986 2 2 0 1 2169 3118 2170
5987 2 2 0 1 2898 2909 1022
5988 2 2 0 1 2995 3144 887
5989 2 2 0 1 3183 3249 777
5990 2 2 0 1 309 3098 206
5991 2 2 0 1 2226 3148 2227
5992 2 2 0 1 204 3025 203
5993 2 2 0 1 3053 3106 1503
5994 2 2 0 1 2885 2930 1833
5995 2 2 0 1 1748 3101 2643
5996 2 2 0 1 334 2970 483
5997 2 2 0 1 1206 2962 1204
5998 2 2 0 1 1998 2975 1999
5999 2 2 0 1 2167 2955 2804
6000 2 2 0 1 1828 2953 1829
6001 2 2 0 1 2347 3227 3054
6002 2 2 0 1 2313 3042 262
6003 2 2 0 1 1981 3268 1824
6004 2 2 0 1 2507 2968 1534
6005 2 2 0 1 2782 2897 1895
6006 2 2 0 1 505 2979 2932
6007 2 2 0 1 1628 3032 2470
6008 2 2 0 1 2658 3276 933
6009 2 2 0 1 289 3288 2433
6010 2 2 0 1 2818 2913 1666
6011 2 2 0 1 2481 2984 256
6012 2 2 0 1 2547 2964 376
6013 2 2 0 1 2787 3205 1698
6014 2 2 0 1 1086 2976 2869
6015 2 2 0 1 2911 3073 2387
6016 2 2 0 1 1355 3015 1354
6017 2 2 0 1 1872 3119 2972
6018 2 2 0 1 2692 2923 272
6019 2 2 0 1 2595 2956 1691
6020 2 2 0 1 2233 3241 501
6021 2 2 0 1 78 2993 77
6022 2 2 0 1 1623 3048 2464
6023 2 2 0 1 1938 3225 2604
6024 2 2 0 1 544 2971 535
6025 2 2 0 1 3186 3252 2305
6026 2 2 0 1 776 3049 2309
6027 2 2 0 1 1701 3259 2960
6028 2 2 0 1 2575 3142 2839
6029 2 2 0 1 2675 3073 2911
6030 2 2 0 1 1260 2991 2961
6031 2 2 0 1 1809 2992 2939
6032 2 2 0 1 234 3043 2847
6033 2 2 0 1 2796 2972 983
6034 2 2 0 1 2281 3252 245
6035 2 2 0 1 1763 3001 1767
6036 2 2 0 1 529 3066 333
6037 2 2 0 1 1851 2989 1434
6038 2 2 0 1 1275 3143 1274
6039 2 2 0 1 239 3062 2266
6040 2 2 0 1 1688 2959 1687
6041 2 2 0 1 2563 3266 1998
6042 2 2 0 1 2289 3160 1355
6043 2 2 0 1 2353 2960 2623
6044 2 2 0 1 553 2978 560
6045 2 2 0 1 3201 3237 2461
6046 2 2 0 1 1811 2906 2792
6047 2 2 0 1 3196 3232 1885
6048 2 2 0 1 2786 2920 2785
6049 2 2 0 1 740 3174 3097
6050 2 2 0 1 2171 3115 2174
6051 2 2 0 1 2856 2951 1560
6052 2 2 0 1 2359 3287 2357
6053 2 2 0 1 2557 2967 1738
6054 2 2 0 1 2001 3168 2003
6055 2 2 0 1 1214 2973 1212
6056 2 2 0 1 2517 2979 505
6057 2 2 0 1 1193 3020 2698
6058 2 2 0 1 2213 3258 1511
6059 2 2 0 1 1668 3034 2062
6060 2 2 0 1 2368 3291 2399
6061 2 2 0 1 1720 3088 2935
6062 2 2 0 1 3045 3150 1760
6063 2 2 0 1 130 3055 129
6064 2 2 0 1 1831 3067 2103
6065 2 2 0 1 1734 3000 1733
6066 2 2 0 1 1706 3079 2613
6067 2 2 0 1 1997 3116 2624
6068 2 2 0 1 1516 3223 1468
6069 2 2 0 1 1192 2991 1260
6070 2 2 0 1 1895 2897 2581
6071 2 2 0 1 3004 3219 2332
6072 2 2 0 1 2476 3016 2475
6073 2 2 0 1 1468 3223 1470
6074 2 2 0 1 2531 3166 280
6075 2 2 0 1 573 3157 3082
6076 2 2 0 1 252 3212 2434
6077 2 2 0 1 223 3016 222
6078 2 2 0 1 3134 3211 452
6079 2 2 0 1 2227 3110 2229
6080 2 2 0 1 658 3158 632
6081 2 2 0 1 2606 3182 1577
6082 2 2 0 1 2729 3294 2133
6083 2 2 0 1 1728 3021 1819
6084 2 2 0 1 2669 3031 2711
6085 2 2 0 1 2355 3093 257
6086 2 2 0 1 1835 2986 1834
6087 2 2 0 1 1348 2996 1739
6088 2 2 0 1 152 3063 151
6089 2 2 0 1 3170 3254 1968
6090 2 2 0 1 2404 3042 2245
6091 2 2 0 1 2984 3233 1733
6092 2 2 0 1 2711 3031 2377
6093 2 2 0 1 2913 2938 246
6094 2 2 0 1 1521 3181 2477
6095 2 2 0 1 740 3097 2164
6096 2 2 0 1 1738 2967 2868
6097 2 2 0 1 2816 3018 2439
6098 2 2 0 1 2344 3193 876
6099 2 2 0 1 3047 3059 903
6100 2 2 0 1 1854 3014 1877
6101 2 2 0 1 1703 2972 2796
6102 2 2 0 1 1633 3167 2480
6103 2 2 0 1 2864 3048 1623
6104 2 2 0 1 2483 3178 1554
6105 2 2 0 1 2439 3018 225
6106 2 2 0 1 310 3051 2125
6107 2 2 0 1 2981 3103 1363
6108 2 2 0 1 1429 3291 2368
6109 2 2 0 1 2157 3209 3077
6110 2 2 0 1 1186 2955 2722
6111 2 2 0 1 752 2999 2527
6112 2 2 0 1 2809 3079 1706
6113 2 2 0 1 1780 3230 2668
6114 2 2 0 1 2511 3228 2304
6115 2 2 0 1 1554 3217 1701
6116 2 2 0 1 2330 3006 230
6117 2 2 0 1 108 3083 107
6118 2 2 0 1 2989 3024 1434
6119 2 2 0 1 1862 3256 2262
6120 2 2 0 1 2208 3056 1032
6121 2 2 0 1 181 3007 228
6122 2 2 0 1 290 2977 2432
6123 2 2 0 1 1036 3116 2827
6124 2 2 0 1 606 3175 2055
6125 2 2 0 1 13 3039 12
6126 2 2 0 1 1212 2973 2946
6127 2 2 0 1 1942 2992 1809
6128 2 2 0 1 1277 3244 1275
6129 2 2 0 1 303 3000 2912
6130 2 2 0 1 2511 3252 2281
6131 2 2 0 1 1668 3155 3034
6132 2 2 0 1 1722 3013 1576
6133 2 2 0 1 280 3166 2373
6134 2 2 0 1 2997 3279 2313
6135 2 2 0 1 1951 3129 2038
6136 2 2 0 1 1743 3004 2567
6137 2 2 0 1 674 2998 2612
6138 2 2 0 1 250 3019 2429
6139 2 2 0 1 300 3068 2409
6140 2 2 0 1 335 3149 337
6141 2 2 0 1 2397 3094 709
6142 2 2 0 1 1815 3038 2901
6143 2 2 0 1 612 3257 2749
6144 2 2 0 1 2200 3057 2378
6145 2 2 0 1 2891 3035 2448
6146 2 2 0 1 2227 3148 3110
6147 2 2 0 1 2820 2920 1050
6148 2 2 0 1 983 2972 2645
6149 2 2 0 1 291 3061 2816
6150 2 2 0 1 2049 3253 2050
6151 2 2 0 1 2357 3287 2358
6152 2 2 0 1 1809 2939 2686
6153 2 2 0 1 492 3076 3069
6154 2 2 0 1 1882 3235 2471
6155 2 2 0 1 2372 3127 1841
6156 2 2 0 1 1732 3053 1316
6157 2 2 0 1 117 3104 116
6158 2 2 0 1 2305 3252 2511
6159 2 2 0 1 1122 3263 2910
6160 2 2 0 1 2944 3123 1726
6161 2 2 0 1 1964 3285 2840
6162 2 2 0 1 1934 3258 3164
6163 2 2 0 1 2777 3230 1780
6164 2 2 0 1 1581 2995 2649
6165 2 2 0 1 2069 3036 2070
6166 2 2 0 1 277 3215 2884
6167 2 2 0 1 1816 3135 1983
6168 2 2 0 1 2309 3087 726
6169 2 2 0 1 2455 3205 2787
6170 2 2 0 1 1434 3024 1435
6171 2 2 0 1 2686 2939 1903
6172 2 2 0 1 233 3060 186
6173 2 2 0 1 2560 3010 1639
6174 2 2 0 1 1687 2959 2908
6175 2 2 0 1 1546 3005 1959
6176 2 2 0 1 2343 3117 1753
6177 2 2 0 1 679 3022 694
6178 2 2 0 1 2592 3047 903
6179 2 2 0 1 1720 3008 2595
6180 2 2 0 1 2616 3009 1421
6181 2 2 0 1 1788 3017 1789
6182 2 2 0 1 492 3069 490
6183 2 2 0 1 2964 3182 2701
6184 2 2 0 1 2941 3036 1404
6185 2 2 0 1 2460 3201 2459
6186 2 2 0 1 933 3276 2714
6187 2 2 0 1 1856 3074 1325
6188 2 2 0 1 2064 3190 1866
6189 2 2 0 1 1927 3082 1926
6190 2 2 0 1 2827 3116 2617
6191 2 2 0 1 1772 3128 2551
6192 2 2 0 1 1735 3131 2089
6193 2 2 0 1 1769 3045 1751
6194 2 2 0 1 1253 3131 2829
6195 2 2 0 1 2721 3141 1618
6196 2 2 0 1 2057 3108 1823
6197 2 2 0 1 3109 3206 2008
6198 2 2 0 1 2407 3261 562
6199 2 2 0 1 903 3059 2539
6200 2 2 0 1 796 3038 2635
6201 2 2 0 1 2194 3214 2197
6202 2 2 0 1 2904 3224 2453
6203 2 2 0 1 579 3238 581
6204 2 2 0 1 1948 3207 1540
6205 2 2 0 1 599 3040 603
6206 2 2 0 1 483 3113 2521
6207 2 2 0 1 494 3076 492
6208 2 2 0 1 960 3112 2405
6209 2 2 0 1 2401 3271 554
6210 2 2 0 1 279 3262 2579
6211 2 2 0 1 1062 3255 2822
6212 2 2 0 1 2421 3081 2319
6213 2 2 0 1 2488 3030 2555
6214 2 2 0 1 2535 3098 309
6215 2 2 0 1 2877 3023 1390
6216 2 2 0 1 2570 3085 2903
6217 2 2 0 1 2595 3008 2956
6218 2 2 0 1 2975 3266 841
6219 2 2 0 1 564 3198 3067
6220 2 2 0 1 2922 2923 1719
6221 2 2 0 1 3015 3091 1923
6222 2 2 0 1 2062 3034 3013
6223 2 2 0 1 2448 3035 1783
6224 2 2 0 1 1759 3078 2020
6225 2 2 0 1 2536 3030 1352
6226 2 2 0 1 2497 3093 2355
6227 2 2 0 1 2634 2985 2804
6228 2 2 0 1 2359 3202 2846
6229 2 2 0 1 1906 3183 3135
6230 2 2 0 1 2319 3081 2677
6231 2 2 0 1 2818 2938 2913
6232 2 2 0 1 3178 3217 1554
6233 2 2 0 1 2486 3068 300
6234 2 2 0 1 13 3222 3039
6235 2 2 0 1 2304 3292 2302
6236 2 2 0 1 2488 3096 3030
6237 2 2 0 1 2386 3196 1836
6238 2 2 0 1 1286 3184 1288
6239 2 2 0 1 3164 3258 2213
6240 2 2 0 1 261 3100 183
6241 2 2 0 1 2489 3096 2488
6242 2 2 0 1 1873 3260 2406
6243 2 2 0 1 3087 3240 726
6244 2 2 0 1 1834 2986 2948
6245 2 2 0 1 1605 3255 2739
6246 2 2 0 1 2847 3043 1940
6247 2 2 0 1 313 3137 2950
6248 2 2 0 1 2071 3036 2069
6249 2 2 0 1 2434 3212 1929
6250 2 2 0 1 1667 3155 1668
6251 2 2 0 1 2406 3260 1185
6252 2 2 0 1 720 3130 719
6253 2 2 0 1 165 3162 164
6254 2 2 0 1 2530 3122 1617
6255 2 2 0 1 1874 3172 1891
6256 2 2 0 1 2185 3283 2184
6257 2 2 0 1 1817 3093 2497
6258 2 2 0 1 2876 3128 1772
6259 2 2 0 1 975 3141 2721
6260 2 2 0 1 3115 3125 1746
6261 2 2 0 1 3030 3096 1352
6262 2 2 0 1 2346 3144 2995
6263 2 2 0 1 876 3193 2489
6264 2 2 0 1 3155 3293 1790
6265 2 2 0 1 1886 3265 3018
6266 2 2 0 1 2197 3057 2200
6267 2 2 0 1 2823 3112 960
6268 2 2 0 1 1352 3096 2596
6269 2 2 0 1 1803 3071 1801
6270 2 2 0 1 1661 3089 3031
6271 2 2 0 1 3001 3014 1854
6272 2 2 0 1 1973 3281 1686
6273 2 2 0 1 2295 3218 2292
6274 2 2 0 1 2849 3260 1887
6275 2 2 0 1 2411 3003 2730
6276 2 2 0 1 1952 2897 2782
6277 2 2 0 1 2436 3061 291
6278 2 2 0 1 2749 3257 2573
6279 2 2 0 1 1953 3102 1955
6280 2 2 0 1 1525 3233 2481
6281 2 2 0 1 1287 3044 1285
6282 2 2 0 1 2980 3181 1773
6283 2 2 0 1 2848 2982 525
6284 2 2 0 1 2792 3226 1871
6285 2 2 0 1 1502 3206 1863
6286 2 2 0 1 2739 3255 1062
6287 2 2 0 1 1793 3027 2811
6288 2 2 0 1 2479 3120 308
6289 2 2 0 1 1508 2987 2769
6290 2 2 0 1 2694 3197 2738
6291 2 2 0 1 2956 3008 304
6292 2 2 0 1 273 3146 2458
6293 2 2 0 1 84 3137 313
6294 2 2 0 1 45 3133 311
6295 2 2 0 1 288 3256 2263
6296 2 2 0 1 2698 3020 2605
6297 2 2 0 1 1614 3121 1610
6298 2 2 0 1 2422 3272 1879
6299 2 2 0 1 2038 3170 1517
6300 2 2 0 1 1743 3219 3004
6301 2 2 0 1 312 3124 7
6302 2 2 0 1 2025 3077 1782
6303 2 2 0 1 3217 3259 1701
6304 2 2 0 1 1910 3072 2942
6305 2 2 0 1 2811 3027 2327
6306 2 2 0 1 1792 3091 1912
6307 2 2 0 1 3140 3151 1595
6308 2 2 0 1 2022 3109 1342
6309 2 2 0 1 2851 3107 2345
6310 2 2 0 1 1593 3140 1595
6311 2 2 0 1 2485 3152 1826
6312 2 2 0 1 2361 3215 277
6313 2 2 0 1 781 3075 2526
6314 2 2 0 1 1590 3088 1588
6315 2 2 0 1 3022 3139 694
6316 2 2 0 1 1661 3031 2669
6317 2 2 0 1 2927 2989 1851
6318 2 2 0 1 167 3236 166
6319 2 2 0 1 1361 3103 1433
6320 2 2 0 1 1953 3175 3102
6321 2 2 0 1 1959 3244 2882
6322 2 2 0 1 2465 3150 270
6323 2 2 0 1 2986 3292 3228
6324 2 2 0 1 568 3054 2607
6325 2 2 0 1 2677 3081 2060
6326 2 2 0 1 2775 3092 2776
6327 2 2 0 1 1659 3138 1592
6328 2 2 0 1 1595 3151 1628
6329 2 2 0 1 1416 3086 2522
6330 2 2 0 1 1249 3114 1251
6331 2 2 0 1 342 3099 340
6332 2 2 0 1 1818 3144 2346
6333 2 2 0 1 1185 3260 2849
6334 2 2 0 1 720 3210 3130
6335 2 2 0 1 214 3186 213
6336 2 2 0 1 1540 3229 1365
6337 2 2 0 1 205 3098 2535
6338 2 2 0 1 2586 3202 1727
6339 2 2 0 1 1971 3178 1972
6340 2 2 0 1 1919 3122 1750
6341 2 2 0 1 722 3210 720
6342 2 2 0 1 2776 3092 2034
6343 2 2 0 1 1650 3204 1812
6344 2 2 0 1 2503 3213 1820
6345 2 2 0 1 2288 3164 238
6346 2 2 0 1 1944 3117 1388
6347 2 2 0 1 1726 3123 1920
6348 2 2 0 1 1820 3106 2463
6349 2 2 0 1 2726 3105 1923
6350 2 2 0 1 1330 3090 1202
6351 2 2 0 1 931 3080 1053
6352 2 2 0 1 3041 3080 1201
6353 2 2 0 1 2489 3193 3096
6354 2 2 0 1 3014 3070 1877
6355 2 2 0 1 2342 3089 1661
6356 2 2 0 1 2929 2992 1942
6357 2 2 0 1 2816 3061 2020
6358 2 2 0 1 20 3246 19
6359 2 2 0 1 2793 3245 311
6360 2 2 0 1 933 3285 2658
6361 2 2 0 1 2920 3092 1050
6362 2 2 0 1 1372 3142 2575
6363 2 2 0 1 2613 3079 1723
6364 2 2 0 1 14 3222 13
6365 2 2 0 1 2471 3235 307
6366 2 2 0 1 2643 3101 1121
6367 2 2 0 1 3091 3160 1912
6368 2 2 0 1 1515 3085 2570
6369 2 2 0 1 2617 3116 1997
6370 2 2 0 1 1942 3250 2929
6371 2 2 0 1 2931 3191 1702
6372 2 2 0 1 2517 3241 1827
6373 2 2 0 1 1917 3280 1916
6374 2 2 0 1 1912 3160 1927
6375 2 2 0 1 1609 3073 2675
6376 2 2 0 1 1713 3166 2531
6377 2 2 0 1 2901 3038 796
6378 2 2 0 1 1364 3159 1538
6379 2 2 0 1 2054 3107 2493
6380 2 2 0 1 694 3139 2629
6381 2 2 0 1 564 3157 565
6382 2 2 0 1 2036 3154 2035
6383 2 2 0 1 1178 3221 3156
6384 2 2 0 1 1862 3220 2263
6385 2 2 0 1 2645 3119 1063
6386 2 2 0 1 3077 3209 1782
6387 2 2 0 1 3096 3193 2596
6388 2 2 0 1 1800 3175 1953
6389 2 2 0 1 1121 3192 2636
6390 2 2 0 1 2091 2974 2934
6391 2 2 0 1 1333 3111 1332
6392 2 2 0 1 681 3250 680
6393 2 2 0 1 1785 3163 1401
6394 2 2 0 1 765 3165 762
6395 2 2 0 1 2217 3245 2216
6396 2 2 0 1 1900 3177 1901
6397 2 2 0 1 3102 3175 606
6398 2 2 0 1 2540 3181 1521
6399 2 2 0 1 2444 3278 1875
6400 2 2 0 1 1355 3160 3091
6401 2 2 0 1 1178 3156 2525
6402 2 2 0 1 2493 3107 2851
6403 2 2 0 1 771 3183 772
6404 2 2 0 1 1460 3132 3035
6405 2 2 0 1 1971 3217 3178
6406 2 2 0 1 1835 3292 2986
6407 2 2 0 1 1898 3290 1519
6408 2 2 0 1 2243 3112 2823
6409 2 2 0 1 1333 3148 3111
6410 2 2 0 1 1579 3270 1769
6411 2 2 0 1 560 3198 561
6412 2 2 0 1 1965 3207 1725
6413 2 2 0 1 2695 3087 2987
6414 2 2 0 1 2543 3249 1906
6415 2 2 0 1 1943 3152 948
6416 2 2 0 1 620 3153 641
6417 2 2 0 1 2263 3256 1862
6418 2 2 0 1 2118 3204 2117
6419 2 2 0 1 3180 3288 289
6420 2 2 0 1 1746 3125 1423
6421 2 2 0 1 184 3161 261
6422 2 2 0 1 2635 3136 1597
6423 2 2 0 1 2293 3023 2877
6424 2 2 0 1 767 3187 768
6425 2 2 0 1 2714 3276 1640
6426 2 2 0 1 2970 3113 483
6427 2 2 0 1 1614 3232 3196
6428 2 2 0 1 656 3226 2792
6429 2 2 0 1 2935 3088 2460
6430 2 2 0 1 1921 2992 2929
6431 2 2 0 1 2281 3219 1743
6432 2 2 0 1 2845 3293 3155
6433 2 2 0 1 1454 3254 1704
6434 2 2 0 1 1818 3269 3144
6435 2 2 0 1 1659 3237 3201
6436 2 2 0 1 730 3189 703
6437 2 2 0 1 541 3195 499
6438 2 2 0 1 501 3241 2517
6439 2 2 0 1 1524 3233 1525
6440 2 2 0 1 3158 3268 1981
6441 2 2 0 1 2270 3105 2726
6442 2 2 0 1 2972 3119 2645
6443 2 2 0 1 1526 3179 2735
6444 2 2 0 1 2578 3217 1971
6445 2 2 0 1 452 3211 338
6446 2 2 0 1 2710 3132 1460
6447 2 2 0 1 1773 3146 2980
6448 2 2 0 1 2405 3242 1987
6449 2 2 0 1 2533 3237 1659
6450 2 2 0 1 2597 3221 1178
6451 2 2 0 1 1782 3209 1928
6452 2 2 0 1 2538 3231 2087
6453 2 2 0 1 2522 3199 1860
6454 2 2 0 1 2514 3263 1122
6455 2 2 0 1 726 3240 727
6456 2 2 0 1 2883 3149 1980
6457 2 2 0 1 1569 3203 1899
6458 2 2 0 1 3101 3192 1121
6459 2 2 0 1 3018 3265 225
6460 2 2 0 1 2596 3193 2344
6461 2 2 0 1 2584 3232 1614
6462 2 2 0 1 2623 3259 2578
6463 2 2 0 1 1820 3213 3106
6464 2 2 0 1 3175 3234 2055
6465 2 2 0 1 1797 3208 2838
6466 2 2 0 1 2743 3171 665
6467 2 2 0 1 1698 3205 2633
6468 2 2 0 1 1967 3269 1818
6469 2 2 0 1 2053 3284 2054
6470 2 2 0 1 227 3272 2422
6471 2 2 0 1 2614 3185 1664
6472 2 2 0 1 1888 3018 2816
6473 2 2 0 1 263 3190 2819
6474 2 2 0 1 311 3133 2793
6475 2 2 0 1 2070 3036 2941
6476 2 2 0 1 2767 3231 1551
6477 2 2 0 1 2894 3275 1798
6478 2 2 0 1 2793 3133 46
6479 2 2 0 1 634 3200 616
6480 2 2 0 1 2805 3169 1746
6481 2 2 0 1 2607 3227 906
6482 2 2 0 1 1790 3293 2119
6483 2 2 0 1 2403 3243 2681
6484 2 2 0 1 2578 3259 3217
6485 2 2 0 1 1684 3286 1566
6486 2 2 0 1 2158 3271 1797
6487 2 2 0 1 610 3257 612
6488 2 2 0 1 3054 3227 2607
6489 2 2 0 1 1864 3289 1647
6490 2 2 0 1 2313 3279 3042
6491 2 2 0 1 2463 3106 3053
6492 2 2 0 1 3251 3254 2038
6493 2 2 0 1 1869 3171 2743
6494 2 2 0 1 2701 3182 2601
6495 2 2 0 1 1050 3092 2775
6496 2 2 0 1 689 3216 701
6497 2 2 0 1 2845 3155 1667
6498 2 2 0 1 1800 3234 3175
6499 2 2 0 1 3135 3183 771
6500 2 2 0 1 1723 3079 2918
6501 2 2 0 1 2738 3197 3110
6502 2 2 0 1 3208 3261 1864
6503 2 2 0 1 1704 3254 3251
6504 2 2 0 1 1871 3226 2147
6505 2 2 0 1 1841 3127 2900
6506 2 2 0 1 1966 3103 2981
6507 2 2 0 1 833 3293 2845
6508 2 2 0 1 2620 3234 1800
6509 2 2 0 1 2872 3235 1882
6510 2 2 0 1 1798 3275 1431
6511 2 2 0 1 242 3230 2777
6512 2 2 0 1 1563 3176 2723
6513 2 2 0 1 2630 3258 1934
6514 2 2 0 1 2579 3262 1936
6515 2 2 0 1 2900 3127 1163
6516 2 2 0 1 270 3150 3045
6517 2 2 0 1 3153 3273 641
6518 2 2 0 1 761 3197 2694
6519 2 2 0 1 1006 3274 2894
6520 2 2 0 1 3052 3194 2039
6521 2 2 0 1 2070 3279 2997
6522 2 2 0 1 2981 3229 1965
6523 2 2 0 1 3147 3223 1516
6524 2 2 0 1 2819 3190 2064
6525 2 2 0 1 225 3265 2745
6526 2 2 0 1 3052 3154 2036
6527 2 2 0 1 1907 3126 2926
6528 2 2 0 1 1906 3249 3183
6529 2 2 0 1 1887 3260 1873
6530 2 2 0 1 2987 3087 2309
6531 2 2 0 1 2838 3208 1864
6532 2 2 0 1 1824 3268 2761
6533 2 2 0 1 2840 3285 933
6534 2 2 0 1 866 3169 2805
6535 2 2 0 1 2078 3282 2990
6536 2 2 0 1 2922 3188 2923
6537 2 2 0 1 2950 3137 85
6538 2 2 0 1 1355 3091 3015
6539 2 2 0 1 2433 3288 2833
6540 2 2 0 1 2978 3277 560
6541 2 2 0 1 2957 3291 1429
6542 2 2 0 1 1704 3251 2998
6543 2 2 0 1 1431 3275 1702
6544 2 2 0 1 2990 3282 1330
6545 2 2 0 1 1273 3191 2931
6546 2 2 0 1 1863 3206 3109
6547 2 2 0 1 1788 3118 3017
6548 2 2 0 1 3115 3169 2174
6549 2 2 0 1 3082 3157 1926
6550 2 2 0 1 3032 3151 2541
6551 2 2 0 1 1859 3188 2922
6552 2 2 0 1 1853 3224 2904
6553 2 2 0 1 2923 3188 272
6554 2 2 0 1 1806 3248 2879
6555 2 2 0 1 1628 3151 3032
6556 2 2 0 1 2039 3154 3052
6557 2 2 0 1 1702 3274 2931
6558 2 2 0 1 3050 3187 767
6559 2 2 0 1 2941 3279 2070
6560 2 2 0 1 3005 3143 1959
6561 2 2 0 1 2966 3272 227
6562 2 2 0 1 3121 3196 2386
6563 2 2 0 1 2168 3080 3041
6564 2 2 0 1 2960 3259 2623
6565 2 2 0 1 1983 3187 3050
6566 2 2 0 1 3138 3201 2460
6567 2 2 0 1 2824 3220 1863
6568 2 2 0 1 2477 3181 2980
6569 2 2 0 1 2481 3233 2984
6570 2 2 0 1 2998 3251 2612
6571 2 2 0 1 3228 3292 2304
6572 2 2 0 1 2038 3254 3170
6573 2 2 0 1 1746 3169 3115
6574 2 2 0 1 1330 3282 3090
6575 2 2 0 1 2293 3192 3023
6576 2 2 0 1 2986 3228 1366
6577 2 2 0 1 3029 3262 279
6578 2 2 0 1 3110 3197 2229
6579 2 2 0 1 3067 3198 2103
6580 2 2 0 1 1998 3266 2975
6581 2 2 0 1 3129 3251 2038
6582 2 2 0 1 1614 3196 3121
6583 2 2 0 1 1659 3201 3138
6584 2 2 0 1 1892 3288 3180
6585 2 2 0 1 2612 3251 3129
6586 2 2 0 1 1922 3223 3147
6587 2 2 0 1 658 3268 3158
6588 2 2 0 1 3090 3282 2006
6589 2 2 0 1 3261 3289 1864
6590 2 2 0 1 2407 3289 3261
6591 2 2 0 1 1702 3275 3274
6592 2 2 0 1 3274 3275 2894
$EndElements
